{"GLY-8-PROA": {"PC": [1.9246025147231076e-07, -0.00024037354782693298, 0.03858353408277146], "PE": 0, "PG": 0, "PI": 0, "PS": 0, "PA": 0, "CL": 0, "SM": 0, "CHOL": [0.00013720177627959604, -0.014344372065934655, 0.3266155721244532]}, "TYR-9-PROA": {"PC": [1.8742354462706382e-08, -5.727355043809962e-05, 0.015237278496748172], "PE": 0, "PG": 0, "PI": 0, "PS": 0, "PA": 0, "CL": 0, "SM": 0, "CHOL": [5.8163083227697696e-08, -9.386121373472137e-05, 0.02810246645988199]}, "GLU-10-PROA": {"PC": [1.146515592377778e-08, -3.799333628550205e-05, 0.012490219460470343], "PE": 0, "PG": 0, "PI": 0, "PS": 0, "PA": 0, "CL": 0, "SM": 0, "CHOL": [1.3782113138686716e-08, -3.0131450464187548e-05, 0.011719568460635078]}, "VAL-11-PROA": {"PC": [2.1810727319914326e-06, -0.0007722710458933776, 0.057848371949768884], "PE": 0, "PG": 0, "PI": 0, "PS": 0, "PA": 0, "CL": 0, "SM": 0, "CHOL": [0.0016508850422615664, -0.07578225662490717, 1.039486743044336]}, "HSD-12-PROA": {"PC": [9.115145759758741e-05, -0.009975388076606568, 0.25284123139268994], "PE": 0, "PG": 0, "PI": 0, "PS": 0, "PA": 0, "CL": 0, "SM": 0, "CHOL": [4.899224875262695e-09, -1.5246309538171332e-05, 0.0076175963801222]}, "HSD-13-PROA": {"PC": [1.2439681656455996e-05, -0.0036285634100271342, 0.12461731751744651], "PE": 0, "PG": 0, "PI": 0, "PS": 0, "PA": 0, "CL": 0, "SM": 0, "CHOL": [1.6221872877417479e-06, -0.0009585755210931683, 0.07475931384905816]}, "GLN-14-PROA": {"PC": [8.584753862987654e-06, -0.0030386487152368976, 0.13143852661113334], "PE": 0, "PG": 0, "PI": 0, "PS": 0, "PA": 0, "CL": 0, "SM": 0, "CHOL": [2.557412638613828e-08, -6.00488829528801e-05, 0.01897982290018267]}, "LYS-15-PROA": {"PC": [4.1360734635043514e-08, -9.2771434505537e-05, 0.02442690026076444], "PE": 0, "PG": 0, "PI": 0, "PS": 0, "PA": 0, "CL": 0, "SM": 0, "CHOL": [1.1747048476358386e-05, -0.002022379038302922, 0.12274589247328162]}, "LEU-16-PROA": {"PC": [3.069000059330112e-09, -1.9186174599923385e-05, 0.008629473710306654], "PE": 0, "PG": 0, "PI": 0, "PS": 0, "PA": 0, "CL": 0, "SM": 0, "CHOL": [6.329440254396312e-07, -0.00041552425968587677, 0.03728707684638424]}, "VAL-17-PROA": {"PC": [2.6256792355303502e-08, -5.877657749508518e-05, 0.015056980468559916], "PE": 0, "PG": 0, "PI": 0, "PS": 0, "PA": 0, "CL": 0, "SM": 0, "CHOL": [5.0718312066784e-08, -9.31590457306168e-05, 0.020917107273439588]}, "PHE-18-PROA": {"PC": [5.9988818845189e-09, -3.889358542162785e-05, 0.010376625917683338], "PE": 0, "PG": 0, "PI": 0, "PS": 0, "PA": 0, "CL": 0, "SM": 0, "CHOL": [3.6050954397183225e-09, -1.613361972310691e-05, 0.011468173642724256]}, "PHE-19-PROA": {"PC": [2.820226935248391e-08, -5.239018738078067e-05, 0.020305949925601613], "PE": 0, "PG": 0, "PI": 0, "PS": 0, "PA": 0, "CL": 0, "SM": 0, "CHOL": [6.33229627498046e-08, -0.00010049525014884629, 0.029616193420470758]}, "ALA-20-PROA": {"PC": [4.135236881850718e-08, -7.605067367611987e-05, 0.02393077072146001], "PE": 0, "PG": 0, "PI": 0, "PS": 0, "PA": 0, "CL": 0, "SM": 0, "CHOL": [1.386818029663127e-08, -4.282770820995618e-05, 0.015102408969593676]}, "GLU-21-PROA": {"PC": [6.580866276553969e-06, -0.0018853261431433569, 0.0828254880388647], "PE": 0, "PG": 0, "PI": 0, "PS": 0, "PA": 0, "CL": 0, "SM": 0, "CHOL": [-6.283157385620133e-08, 3.1050163721178314e-05, 0.014857069856801587]}, "ASP-22-PROA": {"PC": [1.6251295705737602e-06, -0.0011612093777079073, 0.06864360666510105], "PE": 0, "PG": 0, "PI": 0, "PS": 0, "PA": 0, "CL": 0, "SM": 0, "CHOL": [2.2809387274063872e-07, -0.00023004167222780825, 0.03753493746824765]}, "VAL-23-PROA": {"PC": [2.917483280247706e-07, -0.0002756996021190302, 0.04254294000746551], "PE": 0, "PG": 0, "PI": 0, "PS": 0, "PA": 0, "CL": 0, "SM": 0, "CHOL": [1.8569294641156662e-05, -0.0032463330529509766, 0.1258142619177822]}, "GLY-24-PROA": {"PC": [2.998543435258249e-09, -1.7658646414280602e-05, 0.008497449507881345], "PE": 0, "PG": 0, "PI": 0, "PS": 0, "PA": 0, "CL": 0, "SM": 0, "CHOL": [4.6683776093755825e-06, -0.0023382910131315737, 0.08345112838368027]}, "SER-25-PROA": {"PC": [1.5942482738667275e-05, -0.003442847364862315, 0.12088367348318978], "PE": 0, "PG": 0, "PI": 0, "PS": 0, "PA": 0, "CL": 0, "SM": 0, "CHOL": 0}, "ASN-26-PROA": {"PC": [1.277393731194515e-05, -0.0030043955362587427, 0.11625812127248418], "PE": 0, "PG": 0, "PI": 0, "PS": 0, "PA": 0, "CL": 0, "SM": 0, "CHOL": 0}, "LYS-27-PROA": {"PC": [4.426109090755268e-06, -0.0016557033591517165, 0.10210932300507596], "PE": 0, "PG": 0, "PI": 0, "PS": 0, "PA": 0, "CL": 0, "SM": 0, "CHOL": 0}, "GLY-28-PROA": {"PC": [2.4083153379069677e-08, -6.455134512789028e-05, 0.01706743826233405], "PE": 0, "PG": 0, "PI": 0, "PS": 0, "PA": 0, "CL": 0, "SM": 0, "CHOL": [7.229731768588379e-05, -0.008202436787578524, 0.18809241471409355]}, "ALA-29-PROA": {"PC": [-2.7248256621089118e-06, 0.00034454631866922853, 0.056423806698213334], "PE": 0, "PG": 0, "PI": 0, "PS": 0, "PA": 0, "CL": 0, "SM": 0, "CHOL": 0}, "ILE-30-PROA": {"PC": [0.0001272584173501102, -0.021839556763928323, 0.3906573553117698], "PE": 0, "PG": 0, "PI": 0, "PS": 0, "PA": 0, "CL": 0, "SM": 0, "CHOL": [3.4248055205944437e-07, -0.00011264011327055341, 0.02251321376434432]}, "ILE-31-PROA": {"PC": [1.7525058834241537e-08, -4.252939847503373e-05, 0.016736581355811967], "PE": 0, "PG": 0, "PI": 0, "PS": 0, "PA": 0, "CL": 0, "SM": 0, "CHOL": [1.5936345042394226e-06, -0.0009028757593069353, 0.07411577236645175]}, "GLY-32-PROA": {"PC": [1.882962705435806e-08, -5.4954759084458095e-05, 0.015515855926754541], "PE": 0, "PG": 0, "PI": 0, "PS": 0, "PA": 0, "CL": 0, "SM": 0, "CHOL": [-2.811138587640647e-06, 0.0012218012904796184, 0.03415720385454744]}, "LEU-33-PROA": {"PC": [9.265766103943688e-09, -4.279617353392225e-05, 0.010405802502059155], "PE": 0, "PG": 0, "PI": 0, "PS": 0, "PA": 0, "CL": 0, "SM": 0, "CHOL": [8.175174350996013e-06, -0.0024925774902673317, 0.1444617478903793]}, "MET-34-PROA": {"PC": [5.3460625773441925e-08, -8.249842452108019e-05, 0.020463153482914227], "PE": 0, "PG": 0, "PI": 0, "PS": 0, "PA": 0, "CL": 0, "SM": 0, "CHOL": [1.0802695224531059e-05, -0.0032889441188588588, 0.22222927468856443]}, "VAL-35-PROA": {"PC": [2.383974979800915e-08, -6.120370256756862e-05, 0.02157528587725564], "PE": 0, "PG": 0, "PI": 0, "PS": 0, "PA": 0, "CL": 0, "SM": 0, "CHOL": [1.638789015810704e-08, -4.953976214543355e-05, 0.01807667251329869]}, "GLY-36-PROA": {"PC": [7.363483617611987e-08, -0.00011363034144302898, 0.023532478281926915], "PE": 0, "PG": 0, "PI": 0, "PS": 0, "PA": 0, "CL": 0, "SM": 0, "CHOL": [7.0414341558125355e-09, -2.4918282144792733e-05, 0.01835119294843434]}, "GLY-37-PROA": {"PC": [1.4093881500023228e-06, -0.00038977056032041334, 0.027435275962662143], "PE": 0, "PG": 0, "PI": 0, "PS": 0, "PA": 0, "CL": 0, "SM": 0, "CHOL": [1.0033691123956039e-08, -2.5916101484334076e-05, 0.011033093899478744]}, "VAL-38-PROA": {"PC": [6.094032030414461e-06, -0.002219266298028508, 0.14791162050193105], "PE": 0, "PG": 0, "PI": 0, "PS": 0, "PA": 0, "CL": 0, "SM": 0, "CHOL": [3.761556529770345e-07, -0.0002559856775207273, 0.029753236121684533]}, "VAL-39-PROA": {"PC": [-0.0008451694282489168, 0.02309082667746716, 0.09707904942012793], "PE": 0, "PG": 0, "PI": 0, "PS": 0, "PA": 0, "CL": 0, "SM": 0, "CHOL": [4.255571875994373e-10, -3.856638937937497e-06, 0.008165156845533697]}, "ILE-40-PROA": {"PC": [0.00024561396512493667, -0.02305756205090695, 0.3274415783845878], "PE": 0, "PG": 0, "PI": 0, "PS": 0, "PA": 0, "CL": 0, "SM": 0, "CHOL": 0}, "LEU-58-PROB": {"PC": 0, "PE": 0, "PG": 0, "PI": 0, "PS": 0, "PA": 0, "CL": 0, "SM": 0, "CHOL": 0}, "VAL-59-PROB": {"PC": 0, "PE": 0, "PG": 0, "PI": 0, "PS": 0, "PA": 0, "CL": 0, "SM": 0, "CHOL": 0}, "PHE-60-PROB": {"PC": 0, "PE": 0, "PG": 0, "PI": 0, "PS": 0, "PA": 0, "CL": 0, "SM": 0, "CHOL": 0}, "PHE-61-PROB": {"PC": 0, "PE": 0, "PG": 0, "PI": 0, "PS": 0, "PA": 0, "CL": 0, "SM": 0, "CHOL": 0}, "GLY-70-PROB": {"PC": 0, "PE": 0, "PG": 0, "PI": 0, "PS": 0, "PA": 0, "CL": 0, "SM": 0, "CHOL": 0}, "ALA-71-PROB": {"PC": 0, "PE": 0, "PG": 0, "PI": 0, "PS": 0, "PA": 0,