{"GLU-2-PROA": {"PC": [3.4023171124083138e-06, -0.0017103933319284046, 0.08118822505740382], "PE": 0, "PG": 0, "PI": 0, "PS": 0, "PA": 0, "CL": 0, "SM": 0, "CHOL": [0.00020963157474884118, -0.021669923297259492, 0.4679514578907822]}, "PHE-3-PROA": {"PC": [8.873813256500464e-08, -0.00014712401922807207, 0.04060723441711724], "PE": 0, "PG": 0, "PI": 0, "PS": 0, "PA": 0, "CL": 0, "SM": 0, "CHOL": [0.0032587472346335537, -0.18021468582613143, 1.6918187748341345]}, "SER-7-PROA": {"PC": [1.7262671292866118e-05, -0.004254247196855154, 0.13657157068231446], "PE": 0, "PG": 0, "PI": 0, "PS": 0, "PA": 0, "CL": 0, "SM": 0, "CHOL": 0}, "GLY-8-PROA": {"PC": [1.5250305117102164e-06, -0.000349240802257312, 0.04630187263995079], "PE": 0, "PG": 0, "PI": 0, "PS": 0, "PA": 0, "CL": 0, "SM": 0, "CHOL": [0.04249042069061152, -0.8356721566701527, 4.742976889489951]}, "TYR-9-PROA": {"PC": [1.1549036077317022e-06, -0.0007901337368845477, 0.056843127737903905], "PE": 0, "PG": 0, "PI": 0, "PS": 0, "PA": 0, "CL": 0, "SM": 0, "CHOL": 0}, "GLU-10-PROA": {"PC": [8.084121443292682e-08, -0.00012945743176484412, 0.025472966479466355], "PE": 0, "PG": 0, "PI": 0, "PS": 0, "PA": 0, "CL": 0, "SM": 0, "CHOL": [-5.721389056777305e-06, 0.0013155755999346075, 0.021272600880886137]}, "VAL-11-PROA": {"PC": [-1.8222570344984794e-06, 0.0006553013901844668, 0.016644510363083936], "PE": 0, "PG": 0, "PI": 0, "PS": 0, "PA": 0, "CL": 0, "SM": 0, "CHOL": [0.0018463333461140204, 0.175420131214293, 16.666666666669983]}, "HSD-12-PROA": {"PC": [1.594740138652361e-07, -0.0001577809886441381, 0.02224440038903854], "PE": 0, "PG": 0, "PI": 0, "PS": 0, "PA": 0, "CL": 0, "SM": 0, "CHOL": [2.5046235053181186e-06, -0.002151066010202659, 0.31872742285746564]}, "HSD-13-PROA": {"PC": [8.244719431989179e-08, -0.0001431003172968382, 0.031940987224515306], "PE": 0, "PG": 0, "PI": 0, "PS": 0, "PA": 0, "CL": 0, "SM": 0, "CHOL": [0.006847738833461726, -0.3216016624124933, 2.975433354604182]}, "GLN-14-PROA": {"PC": [8.828152870719492e-08, -0.00012083680561279062, 0.023495723187574553], "PE": 0, "PG": 0, "PI": 0, "PS": 0, "PA": 0, "CL": 0, "SM": 0, "CHOL": [-8.828110091191113e-06, 0.0003772211381170651, 0.13060056981647036]}, "LYS-15-PROA": {"PC": [1.282650947502307e-07, -0.00016040291477036287, 0.027889583576865384], "PE": 0, "PG": 0, "PI": 0, "PS": 0, "PA": 0, "CL": 0, "SM": 0, "CHOL": [6.761439463514116e-07, -0.00038527089888136843, 0.04238386489672182]}, "LEU-16-PROA": {"PC": [2.221745168095934e-07, -0.00024274176811070166, 0.028858566758516207], "PE": 0, "PG": 0, "PI": 0, "PS": 0, "PA": 0, "CL": 0, "SM": 0, "CHOL": [1.2911366083713e-07, -0.00015271255352261175, 0.025795426430303754]}, "VAL-17-PROA": {"PC": [7.241794440599252e-09, -2.6724624175103737e-05, 0.009629006028956047], "PE": 0, "PG": 0, "PI": 0, "PS": 0, "PA": 0, "CL": 0, "SM": 0, "CHOL": [6.261714731247473e-07, -0.00046652244231356596, 0.04541788565546302]}, "PHE-18-PROA": {"PC": [3.155840057155434e-07, -0.0003280818132271455, 0.03342197783589171], "PE": 0, "PG": 0, "PI": 0, "PS": 0, "PA": 0, "CL": 0, "SM": 0, "CHOL": [7.223861788369788e-08, -9.576835816869324e-05, 0.023207696535618078]}, "PHE-19-PROA": {"PC": [5.290682066046564e-09, -2.558033048058809e-05, 0.011236709661230528], "PE": 0, "PG": 0, "PI": 0, "PS": 0, "PA": 0, "CL": 0, "SM": 0, "CHOL": [8.82815003110122e-07, -0.0006111652619808566, 0.06316261893903222]}, "ALA-20-PROA": {"PC": [6.76881976550168e-08, -0.00011196043357261935, 0.024935787936671176], "PE": 0, "PG": 0, "PI": 0, "PS": 0, "PA": 0, "CL": 0, "SM": 0, "CHOL": [2.6769626576759127e-08, -4.982701505254198e-05, 0.016718651241344987]}, "GLU-21-PROA": {"PC": [1.631077409715982e-07, -0.00016844694565592146, 0.029222346590970786], "PE": 0, "PG": 0, "PI": 0, "PS": 0, "PA": 0, "CL": 0, "SM": 0, "CHOL": [2.8338578157912173e-05, -0.005537099871704718, 0.1668945610681529]}, "ASP-22-PROA": {"PC": [9.40336945014005e-07, -0.000696370067788307, 0.060608840016254835], "PE": 0, "PG": 0, "PI": 0, "PS": 0, "PA": 0, "CL": 0, "SM": 0, "CHOL": [-6.08020846913841e-06, 0.001259948118277364, 0.03365344263025841]}, "VAL-23-PROA": {"PC": [3.936006032939256e-06, -0.0013010677586485179, 0.06613471948304497], "PE": 0, "PG": 0, "PI": 0, "PS": 0, "PA": 0, "CL": 0, "SM": 0, "CHOL": [5.180286052095268e-06, -0.00025366515979023246, 0.006008297199629872]}, "GLY-24-PROA": {"PC": [2.9106790715796e-07, -0.00032600236792413906, 0.04288897972063879], "PE": 0, "PG": 0, "PI": 0, "PS": 0, "PA": 0, "CL": 0, "SM": 0, "CHOL": 0}, "LYS-27-PROA": {"PC": [2.551245006652172e-05, -0.004430583014108396, 0.1324760591110407], "PE": 0, "PG": 0, "PI": 0, "PS": 0, "PA": 0, "CL": 0, "SM": 0, "CHOL": [1.1182836503890145e-05, -0.0028550461632138036, 0.19096430001591969]}, "GLY-28-PROA": {"PC": [2.8328154350838467e-05, -0.004606139703340891, 0.11902733224406539], "PE": 0, "PG": 0, "PI": 0, "PS": 0, "PA": 0, "CL": 0, "SM": 0, "CHOL": [1.7674877795035034e-05, -0.004489511444789573, 0.15255853903849714]}, "ALA-29-PROA": {"PC": [-0.0018895243447278518, 0.025197042359391613, 0.5777511751299007], "PE": 0, "PG": 0, "PI": 0, "PS": 0, "PA": 0, "CL": 0, "SM": 0, "CHOL": [1.0271505407446419e-05, -0.001829151824415326, 0.08782867628626288]}, "ILE-30-PROA": {"PC": [11.985588506235693, -130.4851367630374, 353.514595291239], "PE": 0, "PG": 0, "PI": 0, "PS": 0, "PA": 0, "CL": 0, "SM": 0, "CHOL": 0}, "ILE-31-PROA": {"PC": [4.10001524462086e-07, -0.0003457040604311956, 0.03487641697902711], "PE": 0, "PG": 0, "PI": 0, "PS": 0, "PA": 0, "CL": 0, "SM": 0, "CHOL": [3.7166115790028045e-09, -1.7511824129051253e-05, 0.007080793904121912]}, "GLY-32-PROA": {"PC": [1.889824934868855e-08, -4.9345028574906455e-05, 0.019754380815972236], "PE": 0, "PG": 0, "PI": 0, "PS": 0, "PA": 0, "CL": 0, "SM": 0, "CHOL": [0.00016564392372661488, -0.011328412593524668, 0.22653067755081996]}, "LEU-33-PROA": {"PC": [4.0293239882575457e-07, -0.00038392181521601103, 0.03622088046070496], "PE": 0, "PG": 0, "PI": 0, "PS": 0, "PA": 0, "CL": 0, "SM": 0, "CHOL": [2.0978995053256443e-08, -3.3483350722387904e-05, 0.012526627199131444]}, "MET-34-PROA": {"PC": [5.210765644148121e-08, -8.480975917042815e-05, 0.017006863635515033], "PE": 0, "PG": 0, "PI": 0, "PS": 0, "PA": 0, "CL": 0, "SM": 0, "CHOL": [3.5721069393801655e-07, -0.0001713290231546282, 0.026445357348197942]}, "VAL-35-PROA": {"PC": [2.2181836844477138e-07, -0.00022864707034862483, 0.02986897865427881], "PE": 0, "PG": 0, "PI": 0, "PS": 0, "PA": 0, "CL": 0, "SM": 0, "CHOL": [7.558089251205072e-07, -0.0005629453556371882, 0.052995509239652315]}, "GLY-36-PROA": {"PC": [6.83591443006761e-09, -3.7122773207092836e-05, 0.01167852015181836], "PE": 0, "PG": 0, "PI": 0, "PS": 0, "PA": 0, "CL": 0, "SM": 0, "CHOL": [1.168691675424407e-06, -0.0005967998786883214, 0.049935111484151286]}, "GLY-37-PROA": {"PC": [1.1406746780582012e-07, -0.0001086931569031697, 0.021380325070758974], "PE": 0, "PG": 0, "PI": 0, "PS": 0, "PA": 0, "CL": 0, "SM": 0, "CHOL": [-2.969156576031856e-18, -8.203410265149302e-17, 0.7936507936507944]}, "VAL-38-PROA": {"PC": [3.830380928467e-08, -5.9576881721687125e-05, 0.022528077308947066], "PE": 0, "PG": 0, "PI": 0, "PS": 0, "PA": 0, "CL": 0, "SM": 0, "CHOL": 0}, "VAL-39-PROA": {"PC": [4.528842876090748e-08, -9.134130349135201e-05, 0.022605469724680874], "PE": 0, "PG": 0, "PI": 0, "PS": 0, "PA": 0, "CL": 0, "SM": 0, "CHOL": [1.0364777996820311, 4.1562759767249435, 16.666666666667027]}, "ILE-40-PROA": {"PC": [5.282763312299057e-07, -0.0004524772085721251, 0.05804486837738516], "PE": 0, "PG": 0, "PI": 0, "PS": 0, "PA": 0, "CL": 0, "SM": 0, "CHOL": [2.045796149051916e-06, -0.0007466711921139668, 0.06210493085353706]}, "GLY-70-PROB": {"PC": 0, "PE": 0, "PG": 0, "PI": 0, "PS": 0, "PA": 0, "CL": 0, "SM": 0, "CHOL": 0}, "ALA-71-PROB": {"PC": 0, "PE": 0, "PG": 0, "PI": 0, "PS": 0, "PA": 0, "CL": 0, "SM": 0, "CHOL": 0}, "ILE-72-PROB": {"PC": 0, "PE": 0, "PG": 0, "PI": 0, "PS": 0, "PA": 0, "CL": 0, "SM": 0, "CHOL": 0}, "ILE-73-PROB": {"PC": 0, "PE": 0, "PG": 0, "PI": 0, "PS": 0, "PA": 0, "CL": 0,