{"GLU-2-PROA": {"PC": [6.678527471910527e-07, -0.0005242267958865725, 0.045694180733356266], "PE": 0, "PG": 0, "PI": 0, "PS": 0, "PA": 0, "CL": 0, "SM": 0, "CHOL": [3.1141259819740167e-07, -0.00030894622513241276, 0.042477409211704294]}, "PHE-3-PROA": {"PC": [2.7898485981213855e-07, -0.00025778957099365196, 0.0351373934218317], "PE": 0, "PG": 0, "PI": 0, "PS": 0, "PA": 0, "CL": 0, "SM": 0, "CHOL": [1.7819105796357434e-07, -0.0001639898790215815, 0.025521295128378228]}, "ARG-4-PROA": {"PC": [4.3952413924115544e-08, -7.004833975343547e-05, 0.021680012544857706], "PE": 0, "PG": 0, "PI": 0, "PS": 0, "PA": 0, "CL": 0, "SM": 0, "CHOL": [5.644464891234098e-08, -7.257301215560191e-05, 0.019692833038465286]}, "SER-7-PROA": {"PC": [2.158340586410226e-06, -0.0006852833734638942, 0.047974899994250725], "PE": 0, "PG": 0, "PI": 0, "PS": 0, "PA": 0, "CL": 0, "SM": 0, "CHOL": 0}, "GLY-8-PROA": {"PC": [1.612966968992654e-07, -0.00021138839334742092, 0.030494959807077417], "PE": 0, "PG": 0, "PI": 0, "PS": 0, "PA": 0, "CL": 0, "SM": 0, "CHOL": [2.314801571957536e-05, -0.0030144733442702106, 0.09938989131608626]}, "TYR-9-PROA": {"PC": [4.76732061703534e-09, -1.94490745523497e-05, 0.010035484043972531], "PE": 0, "PG": 0, "PI": 0, "PS": 0, "PA": 0, "CL": 0, "SM": 0, "CHOL": [-1.6526739439060743e-05, 0.003306325107147376, 0.015107764616239682]}, "GLU-10-PROA": {"PC": [3.593343021742418e-09, -1.323866416892421e-05, 0.007263836434335712], "PE": 0, "PG": 0, "PI": 0, "PS": 0, "PA": 0, "CL": 0, "SM": 0, "CHOL": [6.091897012313703e-08, -9.86431738755693e-05, 0.021155926972387103]}, "VAL-11-PROA": {"PC": [3.5632020888089554e-07, -0.0003462434894939245, 0.05741709825360653], "PE": 0, "PG": 0, "PI": 0, "PS": 0, "PA": 0, "CL": 0, "SM": 0, "CHOL": 0}, "HSD-12-PROA": {"PC": [2.0493384996181063e-08, -4.981326934256312e-05, 0.02129643107432649], "PE": 0, "PG": 0, "PI": 0, "PS": 0, "PA": 0, "CL": 0, "SM": 0, "CHOL": [9.25744052739159e-07, -0.0005052829724139046, 0.06329035727341378]}, "HSD-13-PROA": {"PC": [3.52644271462906e-07, -0.0003017575194758447, 0.04397488877488847], "PE": 0, "PG": 0, "PI": 0, "PS": 0, "PA": 0, "CL": 0, "SM": 0, "CHOL": [-16.128262529501576, 158.8096973483287, -372.16356466056675]}, "GLN-14-PROA": {"PC": [6.87256956934915e-08, -7.441792089928786e-05, 0.022020738928689068], "PE": 0, "PG": 0, "PI": 0, "PS": 0, "PA": 0, "CL": 0, "SM": 0, "CHOL": [6.489939848497036e-06, -0.001722269854689278, 0.08723483809719251]}, "LYS-15-PROA": {"PC": [3.988463114442369e-08, -7.051499996698578e-05, 0.025848980534349385], "PE": 0, "PG": 0, "PI": 0, "PS": 0, "PA": 0, "CL": 0, "SM": 0, "CHOL": [1.0366454592280115e-05, -0.002875176685936186, 0.17691515068084887]}, "LEU-16-PROA": {"PC": [1.0571050115842179e-07, -0.0001585278913528154, 0.024730438789560345], "PE": 0, "PG": 0, "PI": 0, "PS": 0, "PA": 0, "CL": 0, "SM": 0, "CHOL": [6.493521971126712e-08, -0.00010327818845624517, 0.020742836460073844]}, "VAL-17-PROA": {"PC": [1.8252029519145232e-07, -0.0001733762597879592, 0.03199660264348875], "PE": 0, "PG": 0, "PI": 0, "PS": 0, "PA": 0, "CL": 0, "SM": 0, "CHOL": [8.689101237003193e-08, -0.00012804415703946773, 0.025224963031273424]}, "PHE-18-PROA": {"PC": [4.504106154254729e-06, -0.0016470824796952588, 0.09404745178459821], "PE": 0, "PG": 0, "PI": 0, "PS": 0, "PA": 0, "CL": 0, "SM": 0, "CHOL": [2.415741895515793e-09, -1.1718850839640845e-05, 0.008712946474470688]}, "PHE-19-PROA": {"PC": [6.085786393616797e-08, -8.493330603875706e-05, 0.02100653061467227], "PE": 0, "PG": 0, "PI": 0, "PS": 0, "PA": 0, "CL": 0, "SM": 0, "CHOL": [5.370145334593896e-08, -8.125306481365722e-05, 0.019903947529785273]}, "ALA-20-PROA": {"PC": [2.5015061503875976e-07, -0.000302885572195401, 0.036964990901280054], "PE": 0, "PG": 0, "PI": 0, "PS": 0, "PA": 0, "CL": 0, "SM": 0, "CHOL": [6.930069643961084e-09, -2.6538640494854767e-05, 0.011854501074214163]}, "GLU-21-PROA": {"PC": [3.866089794055124e-05, -0.00550730430131393, 0.1488363414855762], "PE": 0, "PG": 0, "PI": 0, "PS": 0, "PA": 0, "CL": 0, "SM": 0, "CHOL": [1.1276699918925899e-06, -0.0006161173601078155, 0.05170857093626691]}, "ASP-22-PROA": {"PC": [6.898841677666796e-05, -0.008820513422811753, 0.18310065229350192], "PE": 0, "PG": 0, "PI": 0, "PS": 0, "PA": 0, "CL": 0, "SM": 0, "CHOL": [0.05067248370819698, -1.3244191257583704, 6.8989745485277085]}, "VAL-23-PROA": {"PC": [1.4715149260104789e-07, -0.00017842057669812777, 0.0342822190877702], "PE": 0, "PG": 0, "PI": 0, "PS": 0, "PA": 0, "CL": 0, "SM": 0, "CHOL": [1.1952701283747697e-05, -0.0036725801828672014, 0.2377951007544889]}, "GLY-24-PROA": {"PC": [1.9965183656736196e-09, -1.0320498543200306e-05, 0.007357360127604122], "PE": 0, "PG": 0, "PI": 0, "PS": 0, "PA": 0, "CL": 0, "SM": 0, "CHOL": [1.0135617336654954e-05, -0.0024326822178029673, 0.08653026685175118]}, "SER-25-PROA": {"PC": [3.769981308210213e-06, -0.0013590217673044636, 0.08235807003195342], "PE": 0, "PG": 0, "PI": 0, "PS": 0, "PA": 0, "CL": 0, "SM": 0, "CHOL": [-1.8118042671614307, 22.13622191300784, -59.254917639404816]}, "ASN-26-PROA": {"PC": [1.085932391048796e-06, -0.0005845549118392719, 0.041917342698058524], "PE": 0, "PG": 0, "PI": 0, "PS": 0, "PA": 0, "CL": 0, "SM": 0, "CHOL": [0.07736788279165221, -1.7710952701258758, 9.58515487421629]}, "LYS-27-PROA": {"PC": [-4.6791576718995266e-05, 0.0035074099599612064, 0.08863816378718055], "PE": 0, "PG": 0, "PI": 0, "PS": 0, "PA": 0, "CL": 0, "SM": 0, "CHOL": 0}, "GLY-28-PROA": {"PC": [3.5978937497089543e-06, -0.0015412196664550725, 0.07753853507398707], "PE": 0, "PG": 0, "PI": 0, "PS": 0, "PA": 0, "CL": 0, "SM": 0, "CHOL": 0}, "ALA-29-PROA": {"PC": [0.04214690225477027, -1.2156031150723599, 8.381934424916222], "PE": 0, "PG": 0, "PI": 0, "PS": 0, "PA": 0, "CL": 0, "SM": 0, "CHOL": [0.003248325336858825, -0.1551938452214683, 1.715550308594825]}, "ILE-30-PROA": {"PC": [-5.682473939775494e-05, -0.0002567926969767507, 0.20987756385342782], "PE": 0, "PG": 0, "PI": 0, "PS": 0, "PA": 0, "CL": 0, "SM": 0, "CHOL": [0.012968034760648768, -0.5139591559744461, 4.42741726564043]}, "ILE-31-PROA": {"PC": [1.3604342396843293e-07, -0.00017137373186321942, 0.04332344271538586], "PE": 0, "PG": 0, "PI": 0, "PS": 0, "PA": 0, "CL": 0, "SM": 0, "CHOL": [9.992514814393687e-09, -2.804427845664978e-05, 0.012565742554492767]}, "GLY-32-PROA": {"PC": [2.3590886482777108e-08, -5.2466584363299004e-05, 0.016222242867362076], "PE": 0, "PG": 0, "PI": 0, "PS": 0, "PA": 0, "CL": 0, "SM": 0, "CHOL": [0.0062969304017717245, -0.2947400276223165, 2.6610677102307156]}, "LEU-33-PROA": {"PC": [4.6790438552236085e-08, -7.911873291115279e-05, 0.021806052418138783], "PE": 0, "PG": 0, "PI": 0, "PS": 0, "PA": 0, "CL": 0, "SM": 0, "CHOL": [2.5779211980854126e-05, -0.0023898043040885384, 0.058989351171127094]}, "MET-34-PROA": {"PC": [1.542368337515441e-08, -4.882701925801041e-05, 0.015289990630403877], "PE": 0, "PG": 0, "PI": 0, "PS": 0, "PA": 0, "CL": 0, "SM": 0, "CHOL": [2.9794569292290656e-05, -0.005154783236985751, 0.15147164292629844]}, "VAL-35-PROA": {"PC": [1.6177170964950107e-09, -9.812683000692614e-06, 0.00922110430870294], "PE": 0, "PG": 0, "PI": 0, "PS": 0, "PA": 0, "CL": 0, "SM": 0, "CHOL": [1.904282760210101e-07, -0.0002274084914644038, 0.04141674590938154]}, "GLY-36-PROA": {"PC": [5.3647768353268223e-08, -0.00010462371102628665, 0.02157929566800036], "PE": 0, "PG": 0, "PI": 0, "PS": 0, "PA": 0, "CL": 0, "SM": 0, "CHOL": [-0.0002896520803187234, 0.0235193099733996, 0.11412357135759604]}, "GLY-37-PROA": {"PC": [5.697289328215535e-08, -7.072172656284815e-05, 0.015038704235773992], "PE": 0, "PG": 0, "PI": 0, "PS": 0, "PA": 0, "CL": 0, "SM": 0, "CHOL": [6.783180912105555e-05, -0.009471699099721797, 0.28159372666660026]}, "VAL-38-PROA": {"PC": [1.9977240931398807e-06, -0.0010388715045696704, 0.08552511421599661], "PE": 0, "PG": 0, "PI": 0, "PS": 0, "PA": 0, "CL": 0, "SM": 0, "CHOL": [-0.0049799742337529075, 0.08459101126860631, 0.5020290297333352]}, "VAL-39-PROA": {"PC": [3.239170064215741e-08, -5.473628942995271e-05, 0.014836664803875703],