{"TYR-9-PROA": {"PC": [4.5491384019582914e-07, -0.000310844747148152, 0.04251331691117249], "PE": 0, "PG": 0, "PI": 0, "PS": 0, "PA": 0, "CL": 0, "SM": 0, "CHOL": [9.12938618405364e-08, -0.0001338448734797611, 0.036407971432757334]}, "GLU-10-PROA": {"PC": [2.0947316658408976e-07, -0.0002188051656822628, 0.0327180625977291], "PE": 0, "PG": 0, "PI": 0, "PS": 0, "PA": 0, "CL": 0, "SM": 0, "CHOL": [7.045742454990433e-09, -1.8915129263969037e-05, 0.009781401394008925]}, "VAL-11-PROA": {"PC": [1.0491006506847683e-05, -0.003257889330175035, 0.11241232537972054], "PE": 0, "PG": 0, "PI": 0, "PS": 0, "PA": 0, "CL": 0, "SM": 0, "CHOL": 0}, "HSD-12-PROA": {"PC": [5.201358970639802e-07, -0.000348863743110381, 0.04255403682712491], "PE": 0, "PG": 0, "PI": 0, "PS": 0, "PA": 0, "CL": 0, "SM": 0, "CHOL": [2.6259404281476314e-09, -8.213450503451591e-06, 0.004859354483684509]}, "HSD-13-PROA": {"PC": [2.2206705303622084e-06, -0.0008880144960862653, 0.05523673368531523], "PE": 0, "PG": 0, "PI": 0, "PS": 0, "PA": 0, "CL": 0, "SM": 0, "CHOL": [1.6179233600052172e-07, -0.00018676585850930285, 0.026943000727685382]}, "GLN-14-PROA": {"PC": [6.204446931118614e-08, -0.00010362393295320297, 0.028032170384740818], "PE": 0, "PG": 0, "PI": 0, "PS": 0, "PA": 0, "CL": 0, "SM": 0, "CHOL": [5.85906500243285e-08, -0.00010619297991583603, 0.023730528734268282]}, "LYS-15-PROA": {"PC": [9.241650643416836e-08, -0.00011177702944952252, 0.021075577332411492], "PE": 0, "PG": 0, "PI": 0, "PS": 0, "PA": 0, "CL": 0, "SM": 0, "CHOL": [0.005345155877788199, -0.2102479342470391, 1.7723563803071805]}, "LEU-16-PROA": {"PC": [9.133623679207944e-09, -3.158066717047874e-05, 0.012947818518708612], "PE": 0, "PG": 0, "PI": 0, "PS": 0, "PA": 0, "CL": 0, "SM": 0, "CHOL": [1.3254852381088526e-07, -0.00012823836001721163, 0.022396280596671148]}, "VAL-17-PROA": {"PC": [7.167266545000788e-08, -0.0001262081194188255, 0.024693145042033147], "PE": 0, "PG": 0, "PI": 0, "PS": 0, "PA": 0, "CL": 0, "SM": 0, "CHOL": [1.704099883948877e-05, -0.00446918712912509, 0.18481445247631617]}, "PHE-18-PROA": {"PC": [9.116845360043962e-09, -3.034907039802212e-05, 0.012564678385784771], "PE": 0, "PG": 0, "PI": 0, "PS": 0, "PA": 0, "CL": 0, "SM": 0, "CHOL": [3.642836789491461e-07, -0.00024898386466795007, 0.03186832623262695]}, "PHE-19-PROA": {"PC": [1.0647733932849685e-08, -2.7828212498276786e-05, 0.01080361090321737], "PE": 0, "PG": 0, "PI": 0, "PS": 0, "PA": 0, "CL": 0, "SM": 0, "CHOL": [8.023720426991468e-07, -0.0006519932469444301, 0.05473335845779484]}, "ALA-20-PROA": {"PC": [2.519201638077748e-08, -6.061936643449413e-05, 0.018251009588691896], "PE": 0, "PG": 0, "PI": 0, "PS": 0, "PA": 0, "CL": 0, "SM": 0, "CHOL": [4.2755225521364095e-08, -4.19886214526816e-05, 0.024800192245310073]}, "GLU-21-PROA": {"PC": [2.2351326895232984e-09, -1.3208064042359384e-05, 0.0100982506917621], "PE": 0, "PG": 0, "PI": 0, "PS": 0, "PA": 0, "CL": 0, "SM": 0, "CHOL": [6.510477210757829e-05, -0.00859012170225772, 0.23923009849066765]}, "ASP-22-PROA": {"PC": [9.321895920495511e-09, -5.025555075933227e-05, 0.012136380886844447], "PE": 0, "PG": 0, "PI": 0, "PS": 0, "PA": 0, "CL": 0, "SM": 0, "CHOL": [3.647553908074475e-06, -0.0015773435819140796, 0.10293739741645168]}, "VAL-23-PROA": {"PC": [1.5616300934849312e-08, -5.273746879466765e-05, 0.017312853123817223], "PE": 0, "PG": 0, "PI": 0, "PS": 0, "PA": 0, "CL": 0, "SM": 0, "CHOL": [4.0535281681947125e-06, -0.0012650054824510871, 0.07000445383853889]}, "GLY-24-PROA": {"PC": [6.378379410531525e-07, -0.0004977020616662537, 0.04255775967465431], "PE": 0, "PG": 0, "PI": 0, "PS": 0, "PA": 0, "CL": 0, "SM": 0, "CHOL": [1.8623217418268628e-07, -0.00018417124978155577, 0.03100930058812161]}, "SER-25-PROA": {"PC": [-2.123295213961656e-05, 0.0030711328504435535, 0.039012459124859275], "PE": 0, "PG": 0, "PI": 0, "PS": 0, "PA": 0, "CL": 0, "SM": 0, "CHOL": 0}, "ASN-26-PROA": {"PC": [2.3617367482207507e-05, -0.004216515697163981, 0.14120503438094167], "PE": 0, "PG": 0, "PI": 0, "PS": 0, "PA": 0, "CL": 0, "SM": 0, "CHOL": 0}, "LYS-27-PROA": {"PC": [9.739379703945306e-06, -0.0024476406447527586, 0.10630850621326068], "PE": 0, "PG": 0, "PI": 0, "PS": 0, "PA": 0, "CL": 0, "SM": 0, "CHOL": [1.5814229399817377e-05, -0.0023690964953028406, 0.08722024935504069]}, "GLY-28-PROA": {"PC": [4.559448355686255e-08, -9.332995145037251e-05, 0.022377580825292075], "PE": 0, "PG": 0, "PI": 0, "PS": 0, "PA": 0, "CL": 0, "SM": 0, "CHOL": [6.195595092433064e-07, -0.00036708840431557213, 0.03807734436246905]}, "ALA-29-PROA": {"PC": [6.756130396996482e-06, -0.002367359135836863, 0.12689579484578384], "PE": 0, "PG": 0, "PI": 0, "PS": 0, "PA": 0, "CL": 0, "SM": 0, "CHOL": [7.726421500187326e-06, -0.0011616776935377408, 0.03629488488450849]}, "ILE-30-PROA": {"PC": [0.00047608646787494134, -0.03146730214127219, 0.3688324174488088], "PE": 0, "PG": 0, "PI": 0, "PS": 0, "PA": 0, "CL": 0, "SM": 0, "CHOL": [0.0008093652166432838, -0.06089995865660653, 0.8190529193735092]}, "ILE-31-PROA": {"PC": [1.90610141424888e-09, -1.1241338944275061e-05, 0.010053963867547413], "PE": 0, "PG": 0, "PI": 0, "PS": 0, "PA": 0, "CL": 0, "SM": 0, "CHOL": [5.030501414047259e-07, -0.00042949897440846044, 0.04969185297949319]}, "GLY-32-PROA": {"PC": [1.2242860190371857e-08, -3.766565347789497e-05, 0.01764319107105902], "PE": 0, "PG": 0, "PI": 0, "PS": 0, "PA": 0, "CL": 0, "SM": 0, "CHOL": [1.341400764185649e-07, -0.0001244195245328373, 0.020170391878485763]}, "LEU-33-PROA": {"PC": [2.4524933317960095e-09, -1.4016767265561208e-05, 0.009948210190724944], "PE": 0, "PG": 0, "PI": 0, "PS": 0, "PA": 0, "CL": 0, "SM": 0, "CHOL": [1.036477799682031, 4.156275976724942, 16.66666666666702]}, "MET-34-PROA": {"PC": [9.814670351469448e-08, -0.0001243868763873016, 0.023821010182726463], "PE": 0, "PG": 0, "PI": 0, "PS": 0, "PA": 0, "CL": 0, "SM": 0, "CHOL": [0.0002450936207012301, -0.020135319503957798, 0.3149360004877598]}, "VAL-35-PROA": {"PC": [4.6247203070684276e-08, -9.557249573456954e-05, 0.021325573454932727], "PE": 0, "PG": 0, "PI": 0, "PS": 0, "PA": 0, "CL": 0, "SM": 0, "CHOL": [1.1617274030213005e-07, -0.0001498020729033437, 0.029009839751416997]}, "GLY-36-PROA": {"PC": [2.5256539366546935e-08, -5.8168764601354855e-05, 0.019142780248430746], "PE": 0, "PG": 0, "PI": 0, "PS": 0, "PA": 0, "CL": 0, "SM": 0, "CHOL": [4.965998486650052e-10, -4.170980004140344e-06, 0.00811881284716753]}, "GLY-37-PROA": {"PC": [-0.003769966780270635, -0.037706866791678874, 2.3418525377994177], "PE": 0, "PG": 0, "PI": 0, "PS": 0, "PA": 0, "CL": 0, "SM": 0, "CHOL": [8.541109346135805e-09, -1.7354984028137373e-05, 0.006847795994442957]}, "VAL-38-PROA": {"PC": [5.9104352244836023e-05, -0.00870025952794794, 0.2092440067609818], "PE": 0, "PG": 0, "PI": 0, "PS": 0, "PA": 0, "CL": 0, "SM": 0, "CHOL": [2.698871985534912e-07, -0.00021659729780538998, 0.03098840040664377]}, "VAL-39-PROA": {"PC": [0.0015021809886049439, -0.07320006352519003, 0.8987631029011962], "PE": 0, "PG": 0, "PI": 0, "PS": 0, "PA": 0, "CL": 0, "SM": 0, "CHOL": [1.172749386250179e-09, -8.226950977636111e-06, 0.0084269711716286]}, "ILE-40-PROA": {"PC": [6.339309433548514e-06, -0.0027646982081191234, 0.10152199496366737], "PE": 0, "PG": 0, "PI": 0, "PS": 0, "PA": 0, "CL": 0, "SM": 0, "CHOL": 0}, "ALA-71-PROB": {"PC": 0, "PE": 0, "PG": 0, "PI": 0, "PS": 0, "PA": 0, "CL": 0, "SM": 0, "CHOL": 0}, "ILE-72-PROB": {"PC": 0, "PE": 0, "PG": 0, "PI": 0, "PS": 0, "PA": 0, "CL": 0, "SM": 0, "CHOL": 0}, "ILE-73-PROB": {"PC": 0, "PE": 0, "PG": 0, "PI": 0, "PS": 0, "PA": 0, "CL": 0, "SM": 0, "CHOL": 0}, "GLY-74-PROB": {"PC": 0, "PE": 0, "PG": 0, "PI": 0, "PS": 0, "PA": 0, "CL": 0, "SM": 0, "CHOL": 0}, "LEU-75-PROB": {"PC": 0, "PE": 0, "PG": 0, "PI": 0, "PS": 0, "PA": 0, "CL": 0, "SM": 0, "CHOL": 0}, "MET-76-PROB": {"PC": 0, "PE": 0, "PG": 0, "PI": 0, "PS": 0, "PA": 0, "CL": 0, "SM": 0, "CHOL": 0}, "VAL-77-PROB": {"PC": 0, "PE": 0, "PG": 0, "PI": 0, "PS": 0, "PA": 0, "CL": 0, "SM": 0, "CHOL": 0}, "GLY-78-PROB": {"PC": 0, "PE": 0, "PG": 0, "PI": 0, "PS": 0,