{"VAL-11-PROA": {"PC": [8.24392590102796e-05, -0.009548117611964453, 0.22160864203667288], "PE": 0, "PG": 0, "PI": 0, "PS": 0, "PA": 0, "CL": 0, "SM": 0, "CHOL": 0}, "HSD-12-PROA": {"PC": [5.720906672137747e-07, -0.00043908190246081367, 0.04874513673128411], "PE": 0, "PG": 0, "PI": 0, "PS": 0, "PA": 0, "CL": 0, "SM": 0, "CHOL": 0}, "HSD-13-PROA": {"PC": [-7.177302313675447e-07, -0.0007031717431417836, 0.1033987189581823], "PE": 0, "PG": 0, "PI": 0, "PS": 0, "PA": 0, "CL": 0, "SM": 0, "CHOL": [4.234559459783515e-09, -1.0796135167495575e-05, 0.007219763970300349]}, "GLN-14-PROA": {"PC": [2.724964587982861e-06, -0.0013898428379259626, 0.07393214875558389], "PE": 0, "PG": 0, "PI": 0, "PS": 0, "PA": 0, "CL": 0, "SM": 0, "CHOL": [1.036477799682031, 4.156275976724942, 16.66666666666702]}, "LYS-15-PROA": {"PC": [6.179460047022203e-08, -9.393520844236944e-05, 0.020473255052844447], "PE": 0, "PG": 0, "PI": 0, "PS": 0, "PA": 0, "CL": 0, "SM": 0, "CHOL": [9.084911161443771e-08, -9.875180360167394e-05, 0.017777406134631378]}, "LEU-16-PROA": {"PC": [1.1702974327276496e-08, -3.5776627137073315e-05, 0.012772552742484528], "PE": 0, "PG": 0, "PI": 0, "PS": 0, "PA": 0, "CL": 0, "SM": 0, "CHOL": [1.102097636178593e-07, -0.00015984047165189358, 0.028113245299625382]}, "VAL-17-PROA": {"PC": [4.9087892510616525e-09, -1.9944602484564714e-05, 0.011717252306589137], "PE": 0, "PG": 0, "PI": 0, "PS": 0, "PA": 0, "CL": 0, "SM": 0, "CHOL": [2.2498498738411356e-07, -0.00024410488327183036, 0.038117988152608286]}, "PHE-18-PROA": {"PC": [3.320806299651339e-07, -0.00029660769160560476, 0.04038982019167688], "PE": 0, "PG": 0, "PI": 0, "PS": 0, "PA": 0, "CL": 0, "SM": 0, "CHOL": [5.20334675243083e-09, -1.926208857876238e-05, 0.01076595279192152]}, "PHE-19-PROA": {"PC": [8.808402145169514e-08, -0.0001198932606897145, 0.023844720952883612], "PE": 0, "PG": 0, "PI": 0, "PS": 0, "PA": 0, "CL": 0, "SM": 0, "CHOL": [2.0711677967494754e-07, -0.00023626586250118098, 0.040148294052701566]}, "ALA-20-PROA": {"PC": [3.8598596467760185e-07, -0.0003230285338974263, 0.03592896930666892], "PE": 0, "PG": 0, "PI": 0, "PS": 0, "PA": 0, "CL": 0, "SM": 0, "CHOL": [1.381365969638608e-08, -3.8283836355252285e-05, 0.01980080280375783]}, "GLU-21-PROA": {"PC": [1.413860575006209e-06, -0.0008505323138748728, 0.06491533573791289], "PE": 0, "PG": 0, "PI": 0, "PS": 0, "PA": 0, "CL": 0, "SM": 0, "CHOL": [2.715317817907906e-06, -0.0018701693576563879, 0.17104478870926082]}, "ASP-22-PROA": {"PC": [6.584776873185964e-06, -0.0021140402723700464, 0.08231804342866274], "PE": 0, "PG": 0, "PI": 0, "PS": 0, "PA": 0, "CL": 0, "SM": 0, "CHOL": [5.177316398314992e-05, -0.00883885655306055, 0.2622368431633364]}, "VAL-23-PROA": {"PC": [7.828997279382363e-06, -0.0026934855713581746, 0.12133960119016003], "PE": 0, "PG": 0, "PI": 0, "PS": 0, "PA": 0, "CL": 0, "SM": 0, "CHOL": [0.0002880554939383759, -0.02837083042058647, 0.5989817235010153]}, "GLY-24-PROA": {"PC": [1.2838105348905067e-07, -0.0001818835827941469, 0.03239233075422559], "PE": 0, "PG": 0, "PI": 0, "PS": 0, "PA": 0, "CL": 0, "SM": 0, "CHOL": [3.843699398958116e-06, -0.0005497771509900081, 0.04328761150790701]}, "LYS-27-PROA": {"PC": [-0.0007865408472803321, 0.011371463522339602, 0.4487284820533942], "PE": 0, "PG": 0, "PI": 0, "PS": 0, "PA": 0, "CL": 0, "SM": 0, "CHOL": 0}, "GLY-28-PROA": {"PC": [0.0012184997938525684, -0.07184652840254778, 0.795571082905823], "PE": 0, "PG": 0, "PI": 0, "PS": 0, "PA": 0, "CL": 0, "SM": 0, "CHOL": [1.036477799682031, 4.156275976724942, 16.66666666666702]}, "ALA-29-PROA": {"PC": [-0.0075996184943022725, 0.2733406813950429, -0.3985944037908307], "PE": 0, "PG": 0, "PI": 0, "PS": 0, "PA": 0, "CL": 0, "SM": 0, "CHOL": 0}, "ILE-30-PROA": {"PC": [0.00016936887917259975, -0.022721429042559603, 0.4481666218941389], "PE": 0, "PG": 0, "PI": 0, "PS": 0, "PA": 0, "CL": 0, "SM": 0, "CHOL": 0}, "ILE-31-PROA": {"PC": [1.1629903013570638e-06, -0.0006699186289608534, 0.048652864312871975], "PE": 0, "PG": 0, "PI": 0, "PS": 0, "PA": 0, "CL": 0, "SM": 0, "CHOL": [2.933740454899777e-09, -1.3970301761633154e-05, 0.009732083471833335]}, "GLY-32-PROA": {"PC": [1.8387781782603571e-07, -0.0002327622144387602, 0.02892285671470413], "PE": 0, "PG": 0, "PI": 0, "PS": 0, "PA": 0, "CL": 0, "SM": 0, "CHOL": [4.929188272405965e-06, -0.002549962660942113, 0.11768285948574325]}, "LEU-33-PROA": {"PC": [1.078994902191279e-07, -0.0001479610834229425, 0.0327897333925576], "PE": 0, "PG": 0, "PI": 0, "PS": 0, "PA": 0, "CL": 0, "SM": 0, "CHOL": [3.555912384121296e-08, -7.546061100678542e-05, 0.017839837196464023]}, "MET-34-PROA": {"PC": [1.666005848181184e-08, -3.878498134119182e-05, 0.012576445018416014], "PE": 0, "PG": 0, "PI": 0, "PS": 0, "PA": 0, "CL": 0, "SM": 0, "CHOL": [3.6924424595653163e-07, -0.00043421394105008033, 0.04197693273824317]}, "VAL-35-PROA": {"PC": [7.516498244749274e-09, -2.5826312271784074e-05, 0.014230205539271358], "PE": 0, "PG": 0, "PI": 0, "PS": 0, "PA": 0, "CL": 0, "SM": 0, "CHOL": [2.9064554131991175e-06, -0.0011876908571975037, 0.07545244574140658]}, "GLY-36-PROA": {"PC": [1.950690260534401e-07, -0.00018337418906804712, 0.03405753827733356], "PE": 0, "PG": 0, "PI": 0, "PS": 0, "PA": 0, "CL": 0, "SM": 0, "CHOL": [1.1553960123677563e-07, -0.00011557918624332645, 0.024295254284001328]}, "GLY-37-PROA": {"PC": [6.102589044328811e-07, -0.0004374998845502222, 0.04457273504436567], "PE": 0, "PG": 0, "PI": 0, "PS": 0, "PA": 0, "CL": 0, "SM": 0, "CHOL": 0}, "VAL-38-PROA": {"PC": [3.8080470353450355e-07, -0.0003235972399397978, 0.03678344856291467], "PE": 0, "PG": 0, "PI": 0, "PS": 0, "PA": 0, "CL": 0, "SM": 0, "CHOL": 0}, "VAL-39-PROA": {"PC": [1.798599042542761e-07, -0.00015933527375889062, 0.020035932225817385], "PE": 0, "PG": 0, "PI": 0, "PS": 0, "PA": 0, "CL": 0, "SM": 0, "CHOL": 0}, "ILE-40-PROA": {"PC": [-0.02567464915552298, 0.8490917857897621, -3.034050469251726], "PE": 0, "PG": 0, "PI": 0, "PS": 0, "PA": 0, "CL": 0, "SM": 0, "CHOL": [-0.0031379621637797894, 0.13999690726306277, -0.6741650195350287]}, "ALA-71-PROB": {"PC": 0, "PE": 0, "PG": 0, "PI": 0, "PS": 0, "PA": 0, "CL": 0, "SM": 0, "CHOL": 0}, "ILE-72-PROB": {"PC": 0, "PE": 0, "PG": 0, "PI": 0, "PS": 0, "PA": 0, "CL": 0, "SM": 0, "CHOL": 0}, "ILE-73-PROB": {"PC": 0, "PE": 0, "PG": 0, "PI": 0, "PS": 0, "PA": 0, "CL": 0, "SM": 0, "CHOL": 0}, "GLY-74-PROB": {"PC": 0, "PE": 0, "PG": 0, "PI": 0, "PS": 0, "PA": 0, "CL": 0, "SM": 0, "CHOL": 0}, "LEU-75-PROB": {"PC": 0, "PE": 0, "PG": 0, "PI": 0, "PS": 0, "PA": 0, "CL": 0, "SM": 0, "CHOL": 0}, "MET-76-PROB": {"PC": 0, "PE": 0, "PG": 0, "PI": 0, "PS": 0, "PA": 0, "CL": 0, "SM": 0, "CHOL": 0}, "VAL-77-PROB": {"PC": 0, "PE": 0, "PG": 0, "PI": 0, "PS": 0, "PA": 0, "CL": 0, "SM": 0, "CHOL": 0}, "GLY-78-PROB": {"PC": 0, "PE": 0, "PG": 0, "PI": 0, "PS": 0, "PA": 0, "CL": 0, "SM": 0, "CHOL": 0}, "GLY-79-PROB": {"PC": 0, "PE": 0, "PG": 0, "PI": 0, "PS": 0, "PA": 0, "CL": 0, "SM": 0, "CHOL": 0}, "VAL-80-PROB": {"PC": 0, "PE": 0, "PG": 0, "PI": 0, "PS": 0, "PA": 0, "CL": 0, "SM": 0, "CHOL": 0}, "VAL-81-PROB": {"PC": 0, "PE": 0, "PG": 0, "PI": 0, "PS": 0, "PA": 0, "CL": 0, "SM": 0, "CHOL": 0}, "ILE-82-PROB": {"PC": 0, "PE": 0, "PG": 0, "PI": 0, "PS": 0, "PA": 0, "CL": 0, "SM": 0, "CHOL": 0}, "ALA-83-PROB": {"PC": 0, "PE": 0, "PG": 0, "PI": 0, "PS": 0, "PA": 0, "CL": 0, "SM": 0, "CHOL": 0}, "PHE-87-PROC": {"PC": 0, "PE": 0, "PG": 0, "PI": 0, "PS": 0, "PA": 0, "CL": 0, "SM": 0, "CHOL": 0}, "ARG-88-PROC": {"PC": 0, "PE": 0, "PG": 0, "PI": 0, "PS": 0, "PA": 0, "CL": 0, "SM": 0, "CHOL": 0}, "HSD-89-PROC": {"PC": 0, "PE": 0, "PG": 0, "PI": 0, "PS": 0, "PA": 0, "CL": 0, "SM": 0, "CHOL": 0}, "ASP-90-PROC": {"PC": 0, "PE": 0, "PG": 0, "PI": 0, "PS": 0, "PA": 0, "CL": 0, "SM": 0, "CHOL": 0}, "SER-91-PROC": {"PC": 0, "PE": 0, "PG": 0, "PI": 0, "PS": 0, "PA": 0, "CL": 0, "SM": 0, "CHOL": 0}, "GLY-92-PROC": {"PC": 0, "PE": 0, "PG": 0, "PI": 0, "PS": 0, "PA": 0, "CL": 0, "SM": 0, "CHOL": 0}, "TYR-93-PROC": {"PC": 0, "PE": 0, "PG": 0, "PI": 0, "PS": 0, "PA": 0, "CL": 0, "SM": 0,