{"ASP-0-PROA": {"PC": 0, "PE": 0, "PG": 0, "PI": 0, "PS": 0, "PA": 0, "CL": 0, "SM": 0, "CHOL": 0}, "ALA-1-PROA": {"PC": [6.323091898672212e-06, -0.0023214672814356524, 0.09715790513472791], "PE": 0, "PG": 0, "PI": 0, "PS": 0, "PA": 0, "CL": 0, "SM": 0, "CHOL": [1.1905164745477996e-06, -0.000593256386980328, 0.043324412226493324]}, "GLU-2-PROA": {"PC": [9.329379875131163e-07, -0.0005513744182611489, 0.05095446832193865], "PE": 0, "PG": 0, "PI": 0, "PS": 0, "PA": 0, "CL": 0, "SM": 0, "CHOL": [1.7443717811158082e-06, -0.0007015903716875661, 0.05306766254736237]}, "PHE-3-PROA": {"PC": [5.793227048888881e-08, -8.098043703349387e-05, 0.02472874332669051], "PE": 0, "PG": 0, "PI": 0, "PS": 0, "PA": 0, "CL": 0, "SM": 0, "CHOL": [-7.592770480827894e-05, 0.008008653966999736, 0.04748498505663416]}, "ARG-4-PROA": {"PC": [4.43228348548648e-09, -2.0028403070516856e-05, 0.01135039380688039], "PE": 0, "PG": 0, "PI": 0, "PS": 0, "PA": 0, "CL": 0, "SM": 0, "CHOL": [8.586868388604495e-07, -0.0005449192370699382, 0.03925227280896125]}, "HSD-5-PROA": {"PC": [1.6139770273260373e-08, -4.280610474082799e-05, 0.0145620436157528], "PE": 0, "PG": 0, "PI": 0, "PS": 0, "PA": 0, "CL": 0, "SM": 0, "CHOL": [4.0753903895104776e-07, -7.865653909208495e-05, 0.016303545420251187]}, "SER-7-PROA": {"PC": [5.788454589290445e-06, -0.0017884176733457726, 0.09264810474143052], "PE": 0, "PG": 0, "PI": 0, "PS": 0, "PA": 0, "CL": 0, "SM": 0, "CHOL": 0}, "GLU-10-PROA": {"PC": [3.6371842063385317e-06, -0.0008209806861444709, 0.06586512998419744], "PE": 0, "PG": 0, "PI": 0, "PS": 0, "PA": 0, "CL": 0, "SM": 0, "CHOL": 0}, "VAL-11-PROA": {"PC": [3.7379801791149976e-07, -0.0003626772565330803, 0.03365497781497176], "PE": 0, "PG": 0, "PI": 0, "PS": 0, "PA": 0, "CL": 0, "SM": 0, "CHOL": 0}, "HSD-12-PROA": {"PC": [1.7179203271195005e-08, -3.998337757853723e-05, 0.016337662852855834], "PE": 0, "PG": 0, "PI": 0, "PS": 0, "PA": 0, "CL": 0, "SM": 0, "CHOL": 0}, "HSD-13-PROA": {"PC": [-7.618044716306134e-10, -1.5135396517783258e-07, 0.0064971128205838], "PE": 0, "PG": 0, "PI": 0, "PS": 0, "PA": 0, "CL": 0, "SM": 0, "CHOL": [-0.00026978160296511406, 0.016188785592932763, 0.06920736319526768]}, "GLN-14-PROA": {"PC": [1.7314981356701338e-07, -0.00020921844615423492, 0.03207854457203206], "PE": 0, "PG": 0, "PI": 0, "PS": 0, "PA": 0, "CL": 0, "SM": 0, "CHOL": [4.895145847326118, 4.76966937977135, -96.7655401352674]}, "LYS-15-PROA": {"PC": [7.933741831302045e-09, -2.643017681650175e-05, 0.01323149915755074], "PE": 0, "PG": 0, "PI": 0, "PS": 0, "PA": 0, "CL": 0, "SM": 0, "CHOL": [0.0011689160973314037, -0.07073168490548937, 0.7649672022346803]}, "LEU-16-PROA": {"PC": [4.727795802303498e-09, -2.7085429074818657e-05, 0.009892260203515078], "PE": 0, "PG": 0, "PI": 0, "PS": 0, "PA": 0, "CL": 0, "SM": 0, "CHOL": [-0.08023651255372229, 1.359559196165919, -2.869885744192669]}, "VAL-17-PROA": {"PC": [7.4145716588745185e-09, -2.3461627452512227e-05, 0.008976738367589365], "PE": 0, "PG": 0, "PI": 0, "PS": 0, "PA": 0, "CL": 0, "SM": 0, "CHOL": [3.143494208558643e-07, -0.0002726666346902511, 0.03829984124240334]}, "PHE-18-PROA": {"PC": [7.914154023983928e-09, -3.693398676563226e-05, 0.012049455467498003], "PE": 0, "PG": 0, "PI": 0, "PS": 0, "PA": 0, "CL": 0, "SM": 0, "CHOL": [3.3618923657800423e-08, -7.101835029749592e-05, 0.017875501467844623]}, "PHE-19-PROA": {"PC": [1.8916006493927116e-07, -0.00024664541721240344, 0.032545273559408734], "PE": 0, "PG": 0, "PI": 0, "PS": 0, "PA": 0, "CL": 0, "SM": 0, "CHOL": [1.0171123564062226e-07, -0.00013150410967163655, 0.032754582802171923]}, "ALA-20-PROA": {"PC": [5.897792822239535e-09, -1.9477186846630216e-05, 0.01512406173681953], "PE": 0, "PG": 0, "PI": 0, "PS": 0, "PA": 0, "CL": 0, "SM": 0, "CHOL": [6.642127152942352e-08, -0.00011160860303492311, 0.020775709181524427]}, "GLU-21-PROA": {"PC": [1.0759697366502317e-07, -0.0001690165694352864, 0.028724402059993187], "PE": 0, "PG": 0, "PI": 0, "PS": 0, "PA": 0, "CL": 0, "SM": 0, "CHOL": [1.6052197708362785e-08, -3.988225214959001e-05, 0.01430256767332802]}, "ASP-22-PROA": {"PC": [8.922514451210902e-07, -0.0006865782288906692, 0.055491012724820946], "PE": 0, "PG": 0, "PI": 0, "PS": 0, "PA": 0, "CL": 0, "SM": 0, "CHOL": [1.971091286150391e-08, -3.904633810306718e-05, 0.014556137249762433]}, "VAL-23-PROA": {"PC": [1.9772096979754576e-07, -0.00021155136931990827, 0.030806145367514574], "PE": 0, "PG": 0, "PI": 0, "PS": 0, "PA": 0, "CL": 0, "SM": 0, "CHOL": [1.4233844504720842e-07, -0.0001537584756130485, 0.0386125238757534]}, "GLY-24-PROA": {"PC": [4.4289821540045e-07, -0.0003727513983412804, 0.03632872875779043], "PE": 0, "PG": 0, "PI": 0, "PS": 0, "PA": 0, "CL": 0, "SM": 0, "CHOL": [8.46316993267439e-08, -0.00011129127696700334, 0.02011557456622256]}, "SER-25-PROA": {"PC": [6.427727631179263e-07, -0.0006111178226007699, 0.05807973022448978], "PE": 0, "PG": 0, "PI": 0, "PS": 0, "PA": 0, "CL": 0, "SM": 0, "CHOL": [2.156676494010397e-05, -0.005562385225513077, 0.2840676423644666]}, "ASN-26-PROA": {"PC": [6.71555352975798e-07, -0.000637950863728964, 0.05430890275916224], "PE": 0, "PG": 0, "PI": 0, "PS": 0, "PA": 0, "CL": 0, "SM": 0, "CHOL": [6.480173456845136e-05, -0.007792358786500089, 0.19232608417903216]}, "LYS-27-PROA": {"PC": [2.7973735540783813e-05, -0.0034604147592452845, 0.12336660948661927], "PE": 0, "PG": 0, "PI": 0, "PS": 0, "PA": 0, "CL": 0, "SM": 0, "CHOL": 0}, "GLY-28-PROA": {"PC": [1.2503100903730575e-06, -0.0007110651115557801, 0.056450520620539756], "PE": 0, "PG": 0, "PI": 0, "PS": 0, "PA": 0, "CL": 0, "SM": 0, "CHOL": [0.000702726192212252, -0.02254564494562754, 0.1450525955333538]}, "ALA-29-PROA": {"PC": [-3.478840326605146e-05, 0.004264722850753825, 0.03682859522175057], "PE": 0, "PG": 0, "PI": 0, "PS": 0, "PA": 0, "CL": 0, "SM": 0, "CHOL": [0.6771594314798641, -7.753692674128817, 25.519528344230057]}, "ILE-30-PROA": {"PC": [1.611869761244963e-07, -0.0001808801032250008, 0.03672478849871538], "PE": 0, "PG": 0, "PI": 0, "PS": 0, "PA": 0, "CL": 0, "SM": 0, "CHOL": 0}, "ILE-31-PROA": {"PC": [1.3029329166187602e-08, -4.028947691957249e-05, 0.013135967826986367], "PE": 0, "PG": 0, "PI": 0, "PS": 0, "PA": 0, "CL": 0, "SM": 0, "CHOL": [1.6203889571393658e-08, -4.284758868453296e-05, 0.019757960869737343]}, "GLY-32-PROA": {"PC": [8.317890132553605e-09, -2.8856779159621486e-05, 0.014533610550874208], "PE": 0, "PG": 0, "PI": 0, "PS": 0, "PA": 0, "CL": 0, "SM": 0, "CHOL": [4.7369043371097444e-05, -0.005209151568112583, 0.11673390268581932]}, "LEU-33-PROA": {"PC": [1.424497845952224e-08, -3.843963417012088e-05, 0.018396977002773287], "PE": 0, "PG": 0, "PI": 0, "PS": 0, "PA": 0, "CL": 0, "SM": 0, "CHOL": [4.3235085171161205e-08, -6.871984916030299e-05, 0.020201075173956234]}, "MET-34-PROA": {"PC": [2.698960966382442e-08, -5.4935774431530766e-05, 0.018888202323446804], "PE": 0, "PG": 0, "PI": 0, "PS": 0, "PA": 0, "CL": 0, "SM": 0, "CHOL": [-1.08865981887739e-05, 0.002209164861689161, 0.05218450328486319]}, "VAL-35-PROA": {"PC": [6.178016486829418e-09, -2.339962199169217e-05, 0.012971337577627449], "PE": 0, "PG": 0, "PI": 0, "PS": 0, "PA": 0, "CL": 0, "SM": 0, "CHOL": [6.4279226556206986e-06, -0.0022643210167569575, 0.14613899883170456]}, "GLY-36-PROA": {"PC": [1.3175615264351023e-09, -8.438914132836087e-06, 0.009027443350897713], "PE": 0, "PG": 0, "PI": 0, "PS": 0, "PA": 0, "CL": 0, "SM": 0, "CHOL": [2.578548139310701e-06, -0.0010127639536978753, 0.08185396092247008]}, "GLY-37-PROA": {"PC": [3.821051045731419e-08, -7.191944757437776e-05, 0.025397144497244173], "PE": 0, "PG": 0, "PI": 0, "PS": 0, "PA": 0, "CL": 0, "SM": 0, "CHOL": [0.0003187949797863489, -0.00905049142838493, 0.185855722704789]}, "VAL-38-PROA": {"PC": [5.8289213791959155e-08, -7.904727485063913e-05, 0.01933561546092969], "PE": 0, "PG": 0, "PI": 0, "PS": 0, "PA": 0, "CL": 0, "SM": 0, "CHOL": 0}, "VAL-39-PROA": {"PC": [3.1310198455669445e-08, -7.167460922331485e-05, 0.02041494402393944], "PE": 0, "PG": 0, "PI": 0, "PS": 0, "PA": 0, "CL": 0, "SM": 0, "CHOL": 0},