{"PHE-3-PROA": {"PC": [2.470829331463498e-05, -0.004034360684911102, 0.12918849744003238], "PE": 0, "PG": 0, "PI": 0, "PS": 0, "PA": 0, "CL": 0, "SM": 0, "CHOL": 0, "OTHER": 0}, "GLY-8-PROA": {"PC": [9.251653282288422e-10, -9.615497727728358e-06, 0.005925959271439523], "PE": 0, "PG": 0, "PI": 0, "PS": 0, "PA": 0, "CL": 0, "SM": 0, "CHOL": 0, "OTHER": 0}, "TYR-9-PROA": {"PC": [7.741244827398075e-10, -7.800324723836826e-06, 0.005711818570722305], "PE": 0, "PG": 0, "PI": 0, "PS": 0, "PA": 0, "CL": 0, "SM": 0, "CHOL": 0, "OTHER": 0}, "GLU-10-PROA": {"PC": [2.4741142842627987e-09, -1.335631298063563e-05, 0.00990981492780808], "PE": 0, "PG": 0, "PI": 0, "PS": 0, "PA": 0, "CL": 0, "SM": 0, "CHOL": 0, "OTHER": 0}, "VAL-11-PROA": {"PC": [3.006426151669173e-06, -0.0011886686145700033, 0.0669750600743941], "PE": 0, "PG": 0, "PI": 0, "PS": 0, "PA": 0, "CL": 0, "SM": 0, "CHOL": 0, "OTHER": 0}, "HSD-12-PROA": {"PC": [3.273200449559398e-09, -1.2554806777781848e-05, 0.011316646883721942], "PE": 0, "PG": 0, "PI": 0, "PS": 0, "PA": 0, "CL": 0, "SM": 0, "CHOL": 0, "OTHER": 0}, "HSD-13-PROA": {"PC": [6.4303685609525806e-09, -2.474934195952733e-05, 0.015937498666657265], "PE": 0, "PG": 0, "PI": 0, "PS": 0, "PA": 0, "CL": 0, "SM": 0, "CHOL": 0, "OTHER": [0.00014475502641770238, -0.020177184820823722, 0.5348559079152355]}, "GLN-14-PROA": {"PC": [3.640822233836288e-09, -1.7961103346238366e-05, 0.011290138820392249], "PE": 0, "PG": 0, "PI": 0, "PS": 0, "PA": 0, "CL": 0, "SM": 0, "CHOL": 0, "OTHER": 0}, "LYS-15-PROA": {"PC": [5.692986321870886e-08, -9.809414848658453e-05, 0.0241538794018017], "PE": 0, "PG": 0, "PI": 0, "PS": 0, "PA": 0, "CL": 0, "SM": 0, "CHOL": 0, "OTHER": [2.9229115540721157e-08, -6.731161037170592e-05, 0.02400757257692115]}, "LEU-16-PROA": {"PC": [1.700230551226163e-09, -1.1134460639133718e-05, 0.008288882331748754], "PE": 0, "PG": 0, "PI": 0, "PS": 0, "PA": 0, "CL": 0, "SM": 0, "CHOL": 0, "OTHER": [4.850261220536489e-06, -0.001208667985017594, 0.05534395916937168]}, "VAL-17-PROA": {"PC": [1.2454938696961893e-08, -3.830783719080934e-05, 0.01357912773771737], "PE": 0, "PG": 0, "PI": 0, "PS": 0, "PA": 0, "CL": 0, "SM": 0, "CHOL": 0, "OTHER": [3.313991839477335e-08, -8.206354502487186e-05, 0.01971719840003823]}, "PHE-18-PROA": {"PC": [1.5502898811951719e-09, -1.0378241025145065e-05, 0.00827620757373908], "PE": 0, "PG": 0, "PI": 0, "PS": 0, "PA": 0, "CL": 0, "SM": 0, "CHOL": 0, "OTHER": [-1.749526287135602e-06, 0.00018484898989894625, 0.0668731183754696]}, "PHE-19-PROA": {"PC": [6.316758879985247e-08, -9.635926987120513e-05, 0.021013775190033307], "PE": 0, "PG": 0, "PI": 0, "PS": 0, "PA": 0, "CL": 0, "SM": 0, "CHOL": 0, "OTHER": [1.4150890467094458e-05, -0.003156513000266078, 0.11865060642916815]}, "ALA-20-PROA": {"PC": [1.232331027491529e-09, -8.907962724161992e-06, 0.007662982587747923], "PE": 0, "PG": 0, "PI": 0, "PS": 0, "PA": 0, "CL": 0, "SM": 0, "CHOL": 0, "OTHER": [-3.100403581614679e-07, 0.0001775534511099796, 0.014295921174082404]}, "GLU-21-PROA": {"PC": [9.226561113963995e-07, -0.0006800636375265302, 0.05501506013866669], "PE": 0, "PG": 0, "PI": 0, "PS": 0, "PA": 0, "CL": 0, "SM": 0, "CHOL": 0, "OTHER": 0}, "ASP-22-PROA": {"PC": [1.5993991851178483e-07, -0.0002143425246882591, 0.028692439004107687], "PE": 0, "PG": 0, "PI": 0, "PS": 0, "PA": 0, "CL": 0, "SM": 0, "CHOL": 0, "OTHER": [0.797666218761229, -16.68552410224932, 77.94839917895769]}, "VAL-23-PROA": {"PC": [1.4400421193701696e-07, -0.00018771973375474933, 0.02888383136282164], "PE": 0, "PG": 0, "PI": 0, "PS": 0, "PA": 0, "CL": 0, "SM": 0, "CHOL": 0, "OTHER": 0}, "GLY-24-PROA": {"PC": [3.813807351677136e-09, -2.057900213413031e-05, 0.007535125247234801], "PE": 0, "PG": 0, "PI": 0, "PS": 0, "PA": 0, "CL": 0, "SM": 0, "CHOL": 0, "OTHER": 0}, "LYS-27-PROA": {"PC": [5.853405673793231e-09, -2.2933806503810925e-05, 0.01530851654447989], "PE": 0, "PG": 0, "PI": 0, "PS": 0, "PA": 0, "CL": 0, "SM": 0, "CHOL": 0, "OTHER": 0}, "GLY-28-PROA": {"PC": [7.29703135456531e-10, -7.538260164799527e-06, 0.005707081075580223], "PE": 0, "PG": 0, "PI": 0, "PS": 0, "PA": 0, "CL": 0, "SM": 0, "CHOL": 0, "OTHER": 0}, "ALA-29-PROA": {"PC": [1.638881106128892e-10, -2.041960504031792e-06, 0.005171748558131413], "PE": 0, "PG": 0, "PI": 0, "PS": 0, "PA": 0, "CL": 0, "SM": 0, "CHOL": 0, "OTHER": 0}, "ILE-30-PROA": {"PC": [1.4443184879800224e-07, -0.0001783536876652484, 0.03857670164341895], "PE": 0, "PG": 0, "PI": 0, "PS": 0, "PA": 0, "CL": 0, "SM": 0, "CHOL": 0, "OTHER": 0}, "ILE-31-PROA": {"PC": [8.573377395220663e-10, -7.213632542944114e-06, 0.005259651262714555], "PE": 0, "PG": 0, "PI": 0, "PS": 0, "PA": 0, "CL": 0, "SM": 0, "CHOL": 0, "OTHER": [3.409330926994945e-05, -0.005920831008358796, 0.20448556104399188]}, "GLY-32-PROA": {"PC": [7.195446586845462e-09, -2.7131656216068773e-05, 0.013187749750046081], "PE": 0, "PG": 0, "PI": 0, "PS": 0, "PA": 0, "CL": 0, "SM": 0, "CHOL": 0, "OTHER": [-0.7222096917426909, 15.73801779957165, -78.9876511140953]}, "LEU-33-PROA": {"PC": [4.03802674324769e-09, -1.8325776812464124e-05, 0.008397788711671813], "PE": 0, "PG": 0, "PI": 0, "PS": 0, "PA": 0, "CL": 0, "SM": 0, "CHOL": 0, "OTHER": [2.815104891840471, 2.7538225267702847, -202.47472659755118]}, "MET-34-PROA": {"PC": [1.282909856963655e-07, -0.0001505360759492328, 0.025901708726235886], "PE": 0, "PG": 0, "PI": 0, "PS": 0, "PA": 0, "CL": 0, "SM": 0, "CHOL": 0, "OTHER": [4.4336631286721705e-08, -6.608388511296726e-05, 0.019254540137314237]}, "VAL-35-PROA": {"PC": [4.839932718679093e-09, -2.180768430359297e-05, 0.010914994375484741], "PE": 0, "PG": 0, "PI": 0, "PS": 0, "PA": 0, "CL": 0, "SM": 0, "CHOL": 0, "OTHER": [0.00032363844402763764, -0.02000021363131496, 0.3040841581529033]}, "GLY-36-PROA": {"PC": [1.4771951810897435e-09, -1.4849144739070773e-05, 0.006484889910273791], "PE": 0, "PG": 0, "PI": 0, "PS": 0, "PA": 0, "CL": 0, "SM": 0, "CHOL": 0, "OTHER": [1.9607741020426244e-07, -0.00012913818076016318, 0.03839149931416956]}, "GLY-37-PROA": {"PC": [4.82137759219728e-09, -2.0730497258039798e-05, 0.011835989609659476], "PE": 0, "PG": 0, "PI": 0, "PS": 0, "PA": 0, "CL": 0, "SM": 0, "CHOL": 0, "OTHER": 0}, "VAL-38-PROA": {"PC": [1.6191066697323206e-08, -4.327880099754534e-05, 0.013741490644604107], "PE": 0, "PG": 0, "PI": 0, "PS": 0, "PA": 0, "CL": 0, "SM": 0, "CHOL": 0, "OTHER": 0}, "VAL-39-PROA": {"PC": [1.5981352641678325e-08, -4.615380368240094e-05, 0.01864775852744353], "PE": 0, "PG": 0, "PI": 0, "PS": 0, "PA": 0, "CL": 0, "SM": 0, "CHOL": 0, "OTHER": 0}, "ILE-40-PROA": {"PC": [8.747493185772509e-08, -0.00011074903832805298, 0.023821444149795173], "PE": 0, "PG": 0, "PI": 0, "PS": 0, "PA": 0, "CL": 0, "SM": 0, "CHOL": 0, "OTHER": 0}, "ALA-41-PROA": {"PC": [2.663961855256683e-08, -7.023495820588353e-05, 0.015178185631333321], "PE": 0, "PG": 0, "PI": 0, "PS": 0, "PA": 0, "CL": 0, "SM": 0, "CHOL": 0, "OTHER": 0}, "LYS-69-PROB": {"PC": 0, "PE": 0, "PG": 0, "PI": 0, "PS": 0, "PA": 0, "CL": 0, "SM": 0, "CHOL": 0, "OTHER": 0}, "GLY-70-PROB": {"PC": 0, "PE": 0, "PG": 0, "PI": 0, "PS": 0, "PA": 0, "CL": 0, "SM": 0, "CHOL": 0, "OTHER": 0}, "ALA-71-PROB": {"PC": 0, "PE": 0, "PG": 0, "PI": 0, "PS": 0, "PA": 0, "CL": 0, "SM": 0, "CHOL": 0, "OTHER": 0}, "ILE-72-PROB": {"PC": 0, "PE": 0, "PG": 0, "PI": 0, "PS": 0, "PA": 0, "CL": 0, "SM": 0, "CHOL": 0, "OTHER": 0}, "ILE-73-PROB": {"PC": 0, "PE": 0, "PG": 0, "PI": 0, "PS": 0, "PA": 0, "CL": 0, "SM": 0, "CHOL": 0, "OTHER": 0}, "GLY-74-PROB": {"PC": 0, "PE": 0, "PG": 0, "PI": 0, "PS": 0, "PA": 0, "CL": 0, "SM": 0, "CHOL": 0, "OTHER": 0}, "LEU-75-PROB": {"PC": 0, "PE": 0, "PG": 0, "PI": 0, "PS": 0, "PA": 0, "CL": 0, "SM": 0, "CHOL": 0, "OTHER": 0}, "MET-76-PROB": {"PC": 0, "PE": 0, "PG": 0, "PI": 0, "PS": 0, "PA": 0, "CL": 0, "SM": 0, "CHOL": 0, "OTHER": 0}, "VAL-77-PROB": {"PC": 0, "PE": 0, "PG": 0, "PI": 0, "PS": 0, "PA": 0, "CL": 0, "SM": 0, "CHOL": 0, "OTHER": 0}, "GLY-78-PROB": {"PC": 0, "PE": 0, "PG": 0, "PI": 0, "PS": 0, "PA": 0, "CL": 0, "SM": 0, "CHOL": 0, "OTHER": 0}, "GLY-79-PROB": {"PC": 0,