{"GLY-8-PROA": {"PC": [1.2331413907690842e-06, -0.0008999407990010491, 0.06651840358458588], "PE": 0, "PG": 0, "PI": 0, "PS": 0, "PA": 0, "CL": 0, "SM": 0, "CHOL": [-4.734634192736132e-05, 0.005978763882262567, 0.07667902431188607]}, "TYR-9-PROA": {"PC": [5.527033292058879e-07, -0.0005077229215824382, 0.049045652756098], "PE": 0, "PG": 0, "PI": 0, "PS": 0, "PA": 0, "CL": 0, "SM": 0, "CHOL": [0.6640079787198865, 3.3266799733866295, 16.66666666666702]}, "GLU-10-PROA": {"PC": [4.156320651984264e-09, -1.876439813565408e-05, 0.01228308242446016], "PE": 0, "PG": 0, "PI": 0, "PS": 0, "PA": 0, "CL": 0, "SM": 0, "CHOL": [1.4315238504955821e-06, -0.0006793618161358829, 0.04293443402606418]}, "VAL-11-PROA": {"PC": [1.7820977125812495e-05, -0.0036792130237490723, 0.11705116038281291], "PE": 0, "PG": 0, "PI": 0, "PS": 0, "PA": 0, "CL": 0, "SM": 0, "CHOL": [0.0010162799448739216, -0.045395069378627216, 0.7788547289157917]}, "HSD-12-PROA": {"PC": [4.7717766359784956e-08, -8.07994407105768e-05, 0.022086715620279963], "PE": 0, "PG": 0, "PI": 0, "PS": 0, "PA": 0, "CL": 0, "SM": 0, "CHOL": [-0.003785714075348961, 0.10125361348170281, 0.5393359412196238]}, "HSD-13-PROA": {"PC": [2.0497945039713193e-06, -0.0012640702710417513, 0.07414067868059612], "PE": 0, "PG": 0, "PI": 0, "PS": 0, "PA": 0, "CL": 0, "SM": 0, "CHOL": [8.775117599301104e-09, -2.7606426781693515e-05, 0.01773614677624218]}, "GLN-14-PROA": {"PC": [2.754999385995564e-08, -6.928877674369995e-05, 0.019936333504410396], "PE": 0, "PG": 0, "PI": 0, "PS": 0, "PA": 0, "CL": 0, "SM": 0, "CHOL": [3.804862694489567e-08, -6.40980840998373e-05, 0.016880189445465696]}, "LYS-15-PROA": {"PC": [2.4896074138798563e-06, -0.0008493063020397651, 0.05196259281317739], "PE": 0, "PG": 0, "PI": 0, "PS": 0, "PA": 0, "CL": 0, "SM": 0, "CHOL": [1.7470004903075557e-08, -4.3875392695932944e-05, 0.017727229643566343]}, "LEU-16-PROA": {"PC": [3.830565429853584e-08, -9.705292119309319e-05, 0.01770356663592135], "PE": 0, "PG": 0, "PI": 0, "PS": 0, "PA": 0, "CL": 0, "SM": 0, "CHOL": [1.319071032088883e-06, -0.0008090627122023589, 0.08403741279469806]}, "VAL-17-PROA": {"PC": [5.946494510066861e-08, -0.00011515203126681524, 0.02284737683337574], "PE": 0, "PG": 0, "PI": 0, "PS": 0, "PA": 0, "CL": 0, "SM": 0, "CHOL": [2.6826112133368892e-08, -5.462485606344186e-05, 0.017755144694057045]}, "PHE-18-PROA": {"PC": [1.20454621099566e-07, -0.00015517383740578175, 0.02790437427649749], "PE": 0, "PG": 0, "PI": 0, "PS": 0, "PA": 0, "CL": 0, "SM": 0, "CHOL": [1.6877871179219203e-06, -0.0009270134482346939, 0.0649773816896642]}, "PHE-19-PROA": {"PC": [1.980105830311558e-07, -0.00021005882954807718, 0.030877397303489564], "PE": 0, "PG": 0, "PI": 0, "PS": 0, "PA": 0, "CL": 0, "SM": 0, "CHOL": [2.961792686157841e-08, -5.929890001632011e-05, 0.01442941730334451]}, "ALA-20-PROA": {"PC": [2.493902807262362e-08, -6.401040956372247e-05, 0.01729009579019332], "PE": 0, "PG": 0, "PI": 0, "PS": 0, "PA": 0, "CL": 0, "SM": 0, "CHOL": [4.152884911217708e-08, -9.742559374252219e-05, 0.02202214558028287]}, "GLU-21-PROA": {"PC": [-5.664722911683636e-07, -5.75673522219057e-06, 0.030330808182846617], "PE": 0, "PG": 0, "PI": 0, "PS": 0, "PA": 0, "CL": 0, "SM": 0, "CHOL": [1.8962699156572651e-06, -0.0009452228081382425, 0.05498752297449442]}, "ASP-22-PROA": {"PC": [6.795312592606669e-06, -0.0018299914582207012, 0.07530187542704823], "PE": 0, "PG": 0, "PI": 0, "PS": 0, "PA": 0, "CL": 0, "SM": 0, "CHOL": [6.260504799954613e-06, -0.0020166576409812917, 0.12497062420493067]}, "VAL-23-PROA": {"PC": [1.6553449281608617e-06, -0.0005663178387932049, 0.039478732014776016], "PE": 0, "PG": 0, "PI": 0, "PS": 0, "PA": 0, "CL": 0, "SM": 0, "CHOL": [1.2660756726148486e-06, -0.0007256494990044024, 0.06067773062142101]}, "GLY-24-PROA": {"PC": [4.6826807236188284e-09, -2.2029313589028312e-05, 0.012465414809230807], "PE": 0, "PG": 0, "PI": 0, "PS": 0, "PA": 0, "CL": 0, "SM": 0, "CHOL": [1.2251148780962161e-05, -0.0035480884238564, 0.12612323898189234]}, "LYS-27-PROA": {"PC": [5.682973223984288e-06, -0.0032796706009568365, 0.16586964793702644], "PE": 0, "PG": 0, "PI": 0, "PS": 0, "PA": 0, "CL": 0, "SM": 0, "CHOL": 0}, "GLY-28-PROA": {"PC": [8.158463322482633e-07, -0.0005840048887270636, 0.07335771114990229], "PE": 0, "PG": 0, "PI": 0, "PS": 0, "PA": 0, "CL": 0, "SM": 0, "CHOL": [-0.05363678859325256, 1.2934363382890905, -5.032174446131692]}, "ALA-29-PROA": {"PC": [3.068454158341696e-06, -0.0015825414443982981, 0.10855639384644639], "PE": 0, "PG": 0, "PI": 0, "PS": 0, "PA": 0, "CL": 0, "SM": 0, "CHOL": 0}, "ILE-30-PROA": {"PC": [-3.583196074019756e-06, 0.00022116287857090077, 0.08054015943624435], "PE": 0, "PG": 0, "PI": 0, "PS": 0, "PA": 0, "CL": 0, "SM": 0, "CHOL": 0}, "ILE-31-PROA": {"PC": [3.839036275591161e-08, -7.766955072161864e-05, 0.025149958333938547], "PE": 0, "PG": 0, "PI": 0, "PS": 0, "PA": 0, "CL": 0, "SM": 0, "CHOL": [5.1968594673593684e-08, -4.745448065705899e-05, 0.01229999337047744]}, "GLY-32-PROA": {"PC": [3.187370263446367e-09, -1.7744865308834705e-05, 0.009687485542496191], "PE": 0, "PG": 0, "PI": 0, "PS": 0, "PA": 0, "CL": 0, "SM": 0, "CHOL": [5.10220452505433e-07, -0.000454614822321701, 0.041329899196114656]}, "LEU-33-PROA": {"PC": [4.7602346402767425e-08, -8.249367174332183e-05, 0.023135004672294655], "PE": 0, "PG": 0, "PI": 0, "PS": 0, "PA": 0, "CL": 0, "SM": 0, "CHOL": [5.333678031822906e-07, -0.00042811928246420743, 0.06209613868539107]}, "MET-34-PROA": {"PC": [1.2820973165025672e-07, -0.0001659871394080027, 0.0247771965190096], "PE": 0, "PG": 0, "PI": 0, "PS": 0, "PA": 0, "CL": 0, "SM": 0, "CHOL": [7.457682792157386e-08, -0.00013184573354983064, 0.02463236484933068]}, "VAL-35-PROA": {"PC": [2.350476687574348e-08, -5.364948073378068e-05, 0.013644460950046471], "PE": 0, "PG": 0, "PI": 0, "PS": 0, "PA": 0, "CL": 0, "SM": 0, "CHOL": [1.9204682101985126e-08, -4.836425819521313e-05, 0.017646017290635637]}, "GLY-36-PROA": {"PC": [8.127720862183377e-08, -0.00013196434071212606, 0.023937353622200553], "PE": 0, "PG": 0, "PI": 0, "PS": 0, "PA": 0, "CL": 0, "SM": 0, "CHOL": [1.3445841050390668e-09, -8.095672213177936e-06, 0.006484422360921193]}, "GLY-37-PROA": {"PC": [3.846738722513407e-08, -6.569137624715543e-05, 0.016298731309185625], "PE": 0, "PG": 0, "PI": 0, "PS": 0, "PA": 0, "CL": 0, "SM": 0, "CHOL": [3.000067977202204e-09, -6.514161424045958e-06, 0.003463796695794865]}, "VAL-38-PROA": {"PC": [4.7477055823866643e-07, -0.0003884888506714094, 0.0453064085909649], "PE": 0, "PG": 0, "PI": 0, "PS": 0, "PA": 0, "CL": 0, "SM": 0, "CHOL": [4.81882829178727e-08, -6.858113432643986e-05, 0.01753653802841499]}, "VAL-39-PROA": {"PC": [1.4036490966574492e-08, -4.52100668783244e-05, 0.014155205167688338], "PE": 0, "PG": 0, "PI": 0, "PS": 0, "PA": 0, "CL": 0, "SM": 0, "CHOL": [1.3048866557969508e-06, -0.0006487200306522443, 0.06365596310270472]}, "ILE-40-PROA": {"PC": [-0.009722935459583179, 0.24486305023218213, -0.6038417544903004], "PE": 0, "PG": 0, "PI": 0, "PS": 0, "PA": 0, "CL": 0, "SM": 0, "CHOL": [3.3192593889781255e-08, -4.3706998126339194e-05, 0.013313839077153366]}, "ALA-41-PROA": {"PC": [6.107041224670077e-07, -0.00046059053595810654, 0.054809108388422845], "PE": 0, "PG": 0, "PI": 0, "PS": 0, "PA": 0, "CL": 0, "SM": 0, "CHOL": [3.223741960050179e-07, -0.0002305686231316446, 0.029110073276874607]}, "ALA-43-PROB": {"PC": 0, "PE": 0, "PG": 0, "PI": 0, "PS": 0, "PA": 0, "CL": 0, "SM": 0, "CHOL": 0}, "GLU-44-PROB": {"PC": 0, "PE": 0, "PG": 0, "PI": 0, "PS": 0, "PA": 0, "CL": 0, "SM": 0, "CHOL": 0}, "PHE-45-PROB": {"PC": 0, "PE": 0, "PG": 0, "PI": 0, "PS": 0, "PA": 0, "CL": 0, "SM": 0, "CHOL": 0}, "ARG-46-PROB": {"PC": 0, "PE": 0, "PG": 0, "PI": 0, "PS": 0, "PA": 0, "CL": 0, "SM": 0, "CHOL": 0}, "HSD-47-PROB": {"PC": 0, "PE": 0, "PG": 0, "PI": 0, "PS": 0, "PA": 0, "CL": 0, "SM": 0, "CHOL": 0}, "ASP-48-PROB": {"PC": 0, "PE": 0, "PG": 0, "PI": 0, "PS": 0, "PA": 0, "CL": 0, "SM": 0, "CHOL": 0}, "SER-49-PROB": {"PC": 0, "PE": 0, "PG": 0, "PI": 0, "PS": 0, "PA": 0, "CL": 0, "SM": 0,