{"ARG-4-PROA": {"PC": [2.3172166835031834e-05, -0.0029879690026098473, 0.19381615149660344], "PE": 0, "PG": 0, "PI": 0, "PS": 0, "PA": 0, "CL": 0, "SM": 0, "CHOL": 0}, "SER-7-PROA": {"PC": [5.763841016801877e-08, -9.678598000980058e-05, 0.022119298172566096], "PE": 0, "PG": 0, "PI": 0, "PS": 0, "PA": 0, "CL": 0, "SM": 0, "CHOL": 0}, "GLY-8-PROA": {"PC": [8.435686848363761e-09, -3.182260196606021e-05, 0.01282439305153577], "PE": 0, "PG": 0, "PI": 0, "PS": 0, "PA": 0, "CL": 0, "SM": 0, "CHOL": [-0.011275709073543513, 0.3375630812989867, -0.05567672582853571]}, "TYR-9-PROA": {"PC": [5.790193501778665e-09, -2.4173375200732446e-05, 0.013474624512806545], "PE": 0, "PG": 0, "PI": 0, "PS": 0, "PA": 0, "CL": 0, "SM": 0, "CHOL": [-0.000565514892308172, 0.0455648203203256, -0.2668553664541774]}, "GLU-10-PROA": {"PC": [2.0141284709655492e-08, -4.656093469118358e-05, 0.01707742830750541], "PE": 0, "PG": 0, "PI": 0, "PS": 0, "PA": 0, "CL": 0, "SM": 0, "CHOL": [-2.912740051036961e-06, 5.017955585342439e-05, 0.07540894193289004]}, "VAL-11-PROA": {"PC": [3.2514733406188223e-06, -0.0012646275861324702, 0.07058153863880313], "PE": 0, "PG": 0, "PI": 0, "PS": 0, "PA": 0, "CL": 0, "SM": 0, "CHOL": 0}, "HSD-12-PROA": {"PC": [1.8194931278330513e-08, -4.231389787276458e-05, 0.014799910293488728], "PE": 0, "PG": 0, "PI": 0, "PS": 0, "PA": 0, "CL": 0, "SM": 0, "CHOL": 0}, "HSD-13-PROA": {"PC": [1.9454377477654296e-06, -0.001031238169083707, 0.07011695718867161], "PE": 0, "PG": 0, "PI": 0, "PS": 0, "PA": 0, "CL": 0, "SM": 0, "CHOL": [1.0415108165594072e-06, -0.0005415139469451317, 0.059977337100314]}, "GLN-14-PROA": {"PC": [1.5445166737977935e-08, -3.1008455107006163e-05, 0.010792043570216339], "PE": 0, "PG": 0, "PI": 0, "PS": 0, "PA": 0, "CL": 0, "SM": 0, "CHOL": [5.10729063402176e-05, -0.006820082345919062, 0.17755799974459965]}, "LYS-15-PROA": {"PC": [1.1517157945022893e-06, -0.0006860624490374413, 0.06999966026420212], "PE": 0, "PG": 0, "PI": 0, "PS": 0, "PA": 0, "CL": 0, "SM": 0, "CHOL": [4.655069793250692e-08, -9.11146736998949e-05, 0.025715589802033832]}, "LEU-16-PROA": {"PC": [3.7434168732379716e-08, -8.330362936388871e-05, 0.025696493495164563], "PE": 0, "PG": 0, "PI": 0, "PS": 0, "PA": 0, "CL": 0, "SM": 0, "CHOL": [3.0492055422212587e-07, -0.0002690772920831509, 0.03128544239545013]}, "VAL-17-PROA": {"PC": [2.6194938425381176e-07, -0.00026921038365391016, 0.03849623243221292], "PE": 0, "PG": 0, "PI": 0, "PS": 0, "PA": 0, "CL": 0, "SM": 0, "CHOL": [7.214373340835615e-09, -2.0353832399694013e-05, 0.007613151817400024]}, "PHE-18-PROA": {"PC": [1.433063990747659e-07, -0.0002036182792845883, 0.03840356380565958], "PE": 0, "PG": 0, "PI": 0, "PS": 0, "PA": 0, "CL": 0, "SM": 0, "CHOL": [2.9357972487616097e-08, -6.105369019619716e-05, 0.020389517856885433]}, "PHE-19-PROA": {"PC": [3.4129911946977236e-07, -0.00025871292527375375, 0.03069783364473583], "PE": 0, "PG": 0, "PI": 0, "PS": 0, "PA": 0, "CL": 0, "SM": 0, "CHOL": [1.4270060643239276e-08, -3.865201391943071e-05, 0.01630443704960638]}, "ALA-20-PROA": {"PC": [4.1427418816746637e-07, -0.00031507070817781785, 0.041108374318256855], "PE": 0, "PG": 0, "PI": 0, "PS": 0, "PA": 0, "CL": 0, "SM": 0, "CHOL": [3.519317014323678e-08, -6.49324270158035e-05, 0.017014065806979294]}, "GLU-21-PROA": {"PC": [1.0989716706811606e-05, -0.002312166521967331, 0.111697113742366], "PE": 0, "PG": 0, "PI": 0, "PS": 0, "PA": 0, "CL": 0, "SM": 0, "CHOL": [-1.8745496674139764e-06, 0.00018154575438106355, 0.04725754723008742]}, "ASP-22-PROA": {"PC": [8.220823037023638e-06, -0.0021843116363655353, 0.09863905947709332], "PE": 0, "PG": 0, "PI": 0, "PS": 0, "PA": 0, "CL": 0, "SM": 0, "CHOL": [4.830344264553515e-06, -0.0013819168107283377, 0.07735972503275525]}, "VAL-23-PROA": {"PC": [4.5826505298955395e-07, -0.00033456777808114994, 0.033657382127185824], "PE": 0, "PG": 0, "PI": 0, "PS": 0, "PA": 0, "CL": 0, "SM": 0, "CHOL": [6.843768483881062e-06, -0.002352581728593294, 0.11966998013717062]}, "GLY-24-PROA": {"PC": [6.524910038889385e-09, -2.2716473812706108e-05, 0.008103204652260176], "PE": 0, "PG": 0, "PI": 0, "PS": 0, "PA": 0, "CL": 0, "SM": 0, "CHOL": [0.0001534801770247992, -0.01620492475446051, 0.3167985257054878]}, "SER-25-PROA": {"PC": [1.1429688859082434e-05, -0.003085338978809647, 0.12562510364774462], "PE": 0, "PG": 0, "PI": 0, "PS": 0, "PA": 0, "CL": 0, "SM": 0, "CHOL": 0}, "LYS-27-PROA": {"PC": [0.00012707306117446147, -0.014693773279292069, 0.333302599386999], "PE": 0, "PG": 0, "PI": 0, "PS": 0, "PA": 0, "CL": 0, "SM": 0, "CHOL": 0}, "GLY-28-PROA": {"PC": [-1.4062885611585031e-05, 0.00033215461860444374, 0.1206620355161886], "PE": 0, "PG": 0, "PI": 0, "PS": 0, "PA": 0, "CL": 0, "SM": 0, "CHOL": [0.008106186153355706, 0.1038422437531195, -0.672075903791323]}, "ALA-29-PROA": {"PC": [0.00038807153859198533, -0.020986127908384715, 0.2685778817231019], "PE": 0, "PG": 0, "PI": 0, "PS": 0, "PA": 0, "CL": 0, "SM": 0, "CHOL": [-8.96064578859557e-05, 0.00513397798505115, 0.019617932171463077]}, "ILE-30-PROA": {"PC": [-0.0003750671496085353, 0.03797080033946016, -0.3638706354980683], "PE": 0, "PG": 0, "PI": 0, "PS": 0, "PA": 0, "CL": 0, "SM": 0, "CHOL": [1.036477799682031, 4.156275976724942, 16.66666666666702]}, "ILE-31-PROA": {"PC": [1.555732749815013e-07, -0.00018192260330732307, 0.03385417639756864], "PE": 0, "PG": 0, "PI": 0, "PS": 0, "PA": 0, "CL": 0, "SM": 0, "CHOL": [7.302740719885203e-08, -8.658880979313669e-05, 0.019695230522990232]}, "GLY-32-PROA": {"PC": [1.1439514983487956e-08, -4.485494640440695e-05, 0.013927736981501234], "PE": 0, "PG": 0, "PI": 0, "PS": 0, "PA": 0, "CL": 0, "SM": 0, "CHOL": [2.786912728775034, 2.8967189499127093, -45.13935577847996]}, "LEU-33-PROA": {"PC": [7.90104173275734e-08, -0.00011336135960333452, 0.025076919911075076], "PE": 0, "PG": 0, "PI": 0, "PS": 0, "PA": 0, "CL": 0, "SM": 0, "CHOL": [-0.0001336597588055465, 0.01095793722632787, 0.1428845576483631]}, "MET-34-PROA": {"PC": [6.938057089352823e-08, -0.00010650186240527836, 0.02015996338906536], "PE": 0, "PG": 0, "PI": 0, "PS": 0, "PA": 0, "CL": 0, "SM": 0, "CHOL": [1.6543516325193067e-06, -0.000709443965822399, 0.05420944986272575]}, "VAL-35-PROA": {"PC": [1.0205500177405184e-08, -3.066449542206778e-05, 0.013068081407445923], "PE": 0, "PG": 0, "PI": 0, "PS": 0, "PA": 0, "CL": 0, "SM": 0, "CHOL": [4.7808400493556e-06, -0.0056665216135815795, 0.2662629796309237]}, "GLY-36-PROA": {"PC": [2.1537566778048656e-08, -6.567421344338355e-05, 0.018033512537434963], "PE": 0, "PG": 0, "PI": 0, "PS": 0, "PA": 0, "CL": 0, "SM": 0, "CHOL": [2.7082216523930568e-09, -7.493471172536855e-06, 0.007457095735714825]}, "GLY-37-PROA": {"PC": [-8.662568235320945e-08, 7.842255014008796e-05, 0.0009591607806038028], "PE": 0, "PG": 0, "PI": 0, "PS": 0, "PA": 0, "CL": 0, "SM": 0, "CHOL": [1.133912961293398e-06, -0.0005988662332705426, 0.05735253899862147]}, "VAL-38-PROA": {"PC": [1.4822536751578103e-05, -0.002303800164252107, 0.0841841673352776], "PE": 0, "PG": 0, "PI": 0, "PS": 0, "PA": 0, "CL": 0, "SM": 0, "CHOL": [8.795491711157256e-05, -0.008326000573079365, 0.2117604287894922]}, "VAL-39-PROA": {"PC": [3.004016122984561e-07, -0.0002455899923551265, 0.03483348546716394], "PE": 0, "PG": 0, "PI": 0, "PS": 0, "PA": 0, "CL": 0, "SM": 0, "CHOL": 0}, "ILE-40-PROA": {"PC": [-6.128241398902142e-05, 0.0075158422474999025, -0.0003703298982989054], "PE": 0, "PG": 0, "PI": 0, "PS": 0, "PA": 0, "CL": 0, "SM": 0, "CHOL": [0.46142360255555837, 2.7731558513589047, 16.66666666666702]}, "ALA-41-PROA": {"PC": [2.308549461178149e-08, -5.693881052431721e-05, 0.025236102116837956], "PE": 0, "PG": 0, "PI": 0, "PS": 0, "PA": 0, "CL": 0, "SM": 0, "CHOL": [1.353462288900513e-07, -0.00011064091659702805, 0.01809426852630447]}, "GLY-70-PROB": {"PC": 0, "PE": 0, "PG": 0, "PI": 0, "PS": 0, "PA": 0, "CL": 0, "SM": 0, "CHOL": 0}, "ALA-71-PROB": {"PC": 0, "PE": 0, "PG": 0, "PI": 0, "PS": 0, "PA": 0, "CL": 0, "SM": 0, "CHOL": 0}, "ILE-72-PROB": {"PC": 0, "PE": 0, "PG": 0, "PI": 0, "PS": 0, "PA": 0, "CL": 0, "SM": 0,