{"TYR-9-PROA": {"PC": [9.928592237147899e-06, -0.0019931253703092365, 0.08905848517481647], "PE": 0, "PG": 0, "PI": 0, "PS": 0, "PA": 0, "CL": 0, "SM": 0, "CHOL": 0}, "GLU-10-PROA": {"PC": [2.445952761493514e-07, -0.00019497859334400886, 0.02896756582642938], "PE": 0, "PG": 0, "PI": 0, "PS": 0, "PA": 0, "CL": 0, "SM": 0, "CHOL": [1.7243051129484385e-05, -0.0041608790189694, 0.20856006055042123]}, "VAL-11-PROA": {"PC": [4.4520748418624215e-05, -0.008852030331540988, 0.23619936996739732], "PE": 0, "PG": 0, "PI": 0, "PS": 0, "PA": 0, "CL": 0, "SM": 0, "CHOL": 0}, "HSD-12-PROA": {"PC": [8.249118574840372e-07, -0.0004802421589727839, 0.043358313830668876], "PE": 0, "PG": 0, "PI": 0, "PS": 0, "PA": 0, "CL": 0, "SM": 0, "CHOL": 0}, "HSD-13-PROA": {"PC": [2.288647034712641e-07, -0.00022338016967402761, 0.03455592070332556], "PE": 0, "PG": 0, "PI": 0, "PS": 0, "PA": 0, "CL": 0, "SM": 0, "CHOL": 0}, "GLN-14-PROA": {"PC": [2.7598889730149e-07, -0.00021877131401732038, 0.038364935782499596], "PE": 0, "PG": 0, "PI": 0, "PS": 0, "PA": 0, "CL": 0, "SM": 0, "CHOL": [0.010677543710246094, -0.23600468862196064, 1.143849235191235]}, "LYS-15-PROA": {"PC": [6.569895797018485e-09, -2.6202431564434495e-05, 0.012079039211664706], "PE": 0, "PG": 0, "PI": 0, "PS": 0, "PA": 0, "CL": 0, "SM": 0, "CHOL": [0.00021304782696150978, -0.0141703965075649, 0.33792946858800815]}, "LEU-16-PROA": {"PC": [1.4414468546428579e-08, -5.06842642540719e-05, 0.01399198552823804], "PE": 0, "PG": 0, "PI": 0, "PS": 0, "PA": 0, "CL": 0, "SM": 0, "CHOL": [1.5859819414783523e-06, -0.0006641983058277197, 0.06202590741206132]}, "VAL-17-PROA": {"PC": [9.375450002020032e-09, -4.0472059393324556e-05, 0.012976131885676005], "PE": 0, "PG": 0, "PI": 0, "PS": 0, "PA": 0, "CL": 0, "SM": 0, "CHOL": [5.045002550806761e-08, -9.05434129413848e-05, 0.02003889725390117]}, "PHE-18-PROA": {"PC": [1.615929871873068e-07, -0.000177372489609495, 0.024477529661508596], "PE": 0, "PG": 0, "PI": 0, "PS": 0, "PA": 0, "CL": 0, "SM": 0, "CHOL": [5.805076765116714e-07, -0.00047018570280151205, 0.056524086950775265]}, "PHE-19-PROA": {"PC": [5.435375494987664e-09, -2.0350880514280225e-05, 0.013479418646544734], "PE": 0, "PG": 0, "PI": 0, "PS": 0, "PA": 0, "CL": 0, "SM": 0, "CHOL": [3.6576340026305112e-09, -1.5507894787944967e-05, 0.011944027919370846]}, "ALA-20-PROA": {"PC": [4.53649941003953e-08, -6.968159632541838e-05, 0.021279491554307552], "PE": 0, "PG": 0, "PI": 0, "PS": 0, "PA": 0, "CL": 0, "SM": 0, "CHOL": [4.327812475509247e-08, -6.867861460132363e-05, 0.016720668472710292]}, "GLU-21-PROA": {"PC": [-3.98797972189096e-05, 0.0030046492028211157, 0.07220629013089559], "PE": 0, "PG": 0, "PI": 0, "PS": 0, "PA": 0, "CL": 0, "SM": 0, "CHOL": [3.829318305146976e-07, -0.000283745279788833, 0.03435828741955909]}, "ASP-22-PROA": {"PC": [0.00023725204247497628, -0.02313836609550718, 0.5125507113783587], "PE": 0, "PG": 0, "PI": 0, "PS": 0, "PA": 0, "CL": 0, "SM": 0, "CHOL": [2.3219977908213416e-07, -0.00016784324642101766, 0.023995074289488737]}, "VAL-23-PROA": {"PC": [1.617207206120249e-05, -0.00328324776385484, 0.12028727509204688], "PE": 0, "PG": 0, "PI": 0, "PS": 0, "PA": 0, "CL": 0, "SM": 0, "CHOL": [3.9329001867207857e-07, -0.0002741508706017642, 0.037929177160336544]}, "GLY-24-PROA": {"PC": [1.4086699826009175e-06, -0.0008282452779335213, 0.06884252265232074], "PE": 0, "PG": 0, "PI": 0, "PS": 0, "PA": 0, "CL": 0, "SM": 0, "CHOL": [6.939997944729678e-06, -0.0020632198033711333, 0.10293073648559357]}, "SER-25-PROA": {"PC": [0.00023608652339716056, -0.024941275339940484, 0.4279516924459897], "PE": 0, "PG": 0, "PI": 0, "PS": 0, "PA": 0, "CL": 0, "SM": 0, "CHOL": [0.004310797016036336, -0.1934202375112474, 2.0383253313999217]}, "ASN-26-PROA": {"PC": [0.0013387124306584789, -0.07959848066204633, 0.8586153389673367], "PE": 0, "PG": 0, "PI": 0, "PS": 0, "PA": 0, "CL": 0, "SM": 0, "CHOL": [0.011195201751421411, -0.2656993130713213, 1.3770251306655175]}, "LYS-27-PROA": {"PC": [0.0003310498538019131, -0.022708256797656395, 0.33850734685409534], "PE": 0, "PG": 0, "PI": 0, "PS": 0, "PA": 0, "CL": 0, "SM": 0, "CHOL": 0}, "GLY-28-PROA": {"PC": [9.379678684836605e-05, -0.01172679269967426, 0.2707886121534728], "PE": 0, "PG": 0, "PI": 0, "PS": 0, "PA": 0, "CL": 0, "SM": 0, "CHOL": [0.0007074646923504863, -0.01694556921902585, 0.15964445695206042]}, "ALA-29-PROA": {"PC": [1.1653009413638502, -19.450208254443098, 78.35707364714878], "PE": 0, "PG": 0, "PI": 0, "PS": 0, "PA": 0, "CL": 0, "SM": 0, "CHOL": [0.0001681437564335066, -0.022717210575087028, 0.770026623895845]}, "ILE-30-PROA": {"PC": [1.6397381093669747, 2.2491597367860305, -18.71961665027685], "PE": 0, "PG": 0, "PI": 0, "PS": 0, "PA": 0, "CL": 0, "SM": 0, "CHOL": [2.628686550984864e-05, -0.001960855495927009, 0.13335890214693505]}, "ILE-31-PROA": {"PC": [2.980850045681895e-07, -0.00021871385392639115, 0.024322134001286938], "PE": 0, "PG": 0, "PI": 0, "PS": 0, "PA": 0, "CL": 0, "SM": 0, "CHOL": [5.220704322150889e-07, -0.0003713113059541088, 0.04273592152499632]}, "GLY-32-PROA": {"PC": [1.4288132506189051e-06, -0.0008312563016823639, 0.08371951942652339], "PE": 0, "PG": 0, "PI": 0, "PS": 0, "PA": 0, "CL": 0, "SM": 0, "CHOL": [0.20530483045311626, 1.8497965223825767, 16.66666666666702]}, "LEU-33-PROA": {"PC": [9.053474146350025e-08, -0.00011742366587084466, 0.021969758912200984], "PE": 0, "PG": 0, "PI": 0, "PS": 0, "PA": 0, "CL": 0, "SM": 0, "CHOL": [4.6881649702624336e-05, -0.005588630354383608, 0.16603910746465683]}, "MET-34-PROA": {"PC": [2.2349893950577184e-08, -5.7016420772185375e-05, 0.01860292686560477], "PE": 0, "PG": 0, "PI": 0, "PS": 0, "PA": 0, "CL": 0, "SM": 0, "CHOL": [0.0004801897227843193, -0.028565117134148745, 0.36249316259691433]}, "VAL-35-PROA": {"PC": [7.645325720025146e-09, -3.264787714604826e-05, 0.011891774176453802], "PE": 0, "PG": 0, "PI": 0, "PS": 0, "PA": 0, "CL": 0, "SM": 0, "CHOL": [1.6459344453832387e-06, -0.00087273211685223, 0.08761186405753808]}, "GLY-36-PROA": {"PC": [2.062346184155922e-08, -3.3185294223041745e-05, 0.011237125631406091], "PE": 0, "PG": 0, "PI": 0, "PS": 0, "PA": 0, "CL": 0, "SM": 0, "CHOL": 0}, "GLY-37-PROA": {"PC": [4.984986946463575e-07, -0.00030550980423987156, 0.0417833957760983], "PE": 0, "PG": 0, "PI": 0, "PS": 0, "PA": 0, "CL": 0, "SM": 0, "CHOL": 0}, "VAL-38-PROA": {"PC": [-2.4745893313475237e-07, -7.638395461051718e-05, 0.04643280216193626], "PE": 0, "PG": 0, "PI": 0, "PS": 0, "PA": 0, "CL": 0, "SM": 0, "CHOL": 0}, "VAL-39-PROA": {"PC": 0, "PE": 0, "PG": 0, "PI": 0, "PS": 0, "PA": 0, "CL": 0, "SM": 0, "CHOL": 0}, "ILE-40-PROA": {"PC": [1.6062474404140821e-06, -0.0010297680739721948, 0.08708845150440025], "PE": 0, "PG": 0, "PI": 0, "PS": 0, "PA": 0, "CL": 0, "SM": 0, "CHOL": 0}, "ALA-41-PROA": {"PC": [2.4609441460276524e-07, -0.0002385747610657365, 0.02880043072800561], "PE": 0, "PG": 0, "PI": 0, "PS": 0, "PA": 0, "CL": 0, "SM": 0, "CHOL": 0}, "PHE-60-PROB": {"PC": 0, "PE": 0, "PG": 0, "PI": 0, "PS": 0, "PA": 0, "CL": 0, "SM": 0, "CHOL": 0}, "PHE-61-PROB": {"PC": 0, "PE": 0, "PG": 0, "PI": 0, "PS": 0, "PA": 0, "CL": 0, "SM": 0, "CHOL": 0}, "ALA-62-PROB": {"PC": 0, "PE": 0, "PG": 0, "PI": 0, "PS": 0, "PA": 0, "CL": 0, "SM": 0, "CHOL": 0}, "GLY-70-PROB": {"PC": 0, "PE": 0, "PG": 0, "PI": 0, "PS": 0, "PA": 0, "CL": 0, "SM": 0, "CHOL": 0}, "ALA-71-PROB": {"PC": 0, "PE": 0, "PG": 0, "PI": 0, "PS": 0, "PA": 0, "CL": 0, "SM": 0, "CHOL": 0}, "ILE-72-PROB": {"PC": 0, "PE": 0, "PG": 0, "PI": 0, "PS": 0, "PA": 0, "CL": 0, "SM": 0, "CHOL": 0}, "ILE-73-PROB": {"PC": 0, "PE": 0, "PG": 0, "PI": 0, "PS": 0, "PA": 0, "CL": 0, "SM": 0, "CHOL": 0}, "GLY-74-PROB": {"PC": 0, "PE": 0, "PG": 0, "PI": 0, "PS": 0, "PA": 0, "CL": 0, "SM": 0, "CHOL": 0}, "LEU-75-PROB": {"PC": 0, "PE": 0, "PG": 0, "PI": 0, "PS": 0, "PA": 0, "CL": 0, "SM": 0, "CHOL": 0}, "MET-76-PROB": {"PC": 0, "PE": 0, "PG": 0, "PI": 0, "PS": 0, "PA": 0, "CL": 0, "SM": 0, "CHOL": 0}, "VAL-77-PROB": {"PC": 0, "PE": 0, "PG": 0, "PI": 0, "PS": 0, "PA": 0, "CL": 0, "SM": 0, "CHOL": 0},