{"PHE-3-PROA": {"PC": [1.2424472584350486e-07, -0.00018366738862810345, 0.035613655849826974], "PE": 0, "PG": 0, "PI": 0, "PS": 0, "PA": 0, "CL": 0, "SM": 0, "CHOL": [0.0004747679779954209, -0.04614990418675717, 0.7031738951839821]}, "TYR-9-PROA": {"PC": [8.475606378690496e-06, -0.0025641621023672076, 0.11199787275568086], "PE": 0, "PG": 0, "PI": 0, "PS": 0, "PA": 0, "CL": 0, "SM": 0, "CHOL": [0.017691387199726644, -0.393805960111967, 2.270451458710884]}, "GLU-10-PROA": {"PC": [7.636499444660245e-07, -0.0005416716873251492, 0.05488375250764763], "PE": 0, "PG": 0, "PI": 0, "PS": 0, "PA": 0, "CL": 0, "SM": 0, "CHOL": [-5.490952457866737e-09, 1.2075814747772804e-05, 0.004885319286570907]}, "VAL-11-PROA": {"PC": [7.690573513827526e-06, -0.0024262892075175803, 0.11432829967421816], "PE": 0, "PG": 0, "PI": 0, "PS": 0, "PA": 0, "CL": 0, "SM": 0, "CHOL": [-1.2514089241015565, 15.299838711781545, -38.411368213332615]}, "HSD-12-PROA": {"PC": [2.7853353808328605e-08, -5.842137654103608e-05, 0.017912930840317677], "PE": 0, "PG": 0, "PI": 0, "PS": 0, "PA": 0, "CL": 0, "SM": 0, "CHOL": [3.096229572570907e-08, -5.529239161386138e-05, 0.015281805789842054]}, "HSD-13-PROA": {"PC": [9.103657363190041e-09, -3.9864551932379855e-05, 0.013555727443934138], "PE": 0, "PG": 0, "PI": 0, "PS": 0, "PA": 0, "CL": 0, "SM": 0, "CHOL": [8.304122244245287e-07, -0.0004583912487958281, 0.06516898961981196]}, "GLN-14-PROA": {"PC": [5.7937350144118775e-08, -0.00010016252806741416, 0.02459140782687909], "PE": 0, "PG": 0, "PI": 0, "PS": 0, "PA": 0, "CL": 0, "SM": 0, "CHOL": [3.596159716084113e-06, -0.0013569452330893235, 0.07306588748280059]}, "LYS-15-PROA": {"PC": [7.36141404020275e-09, -3.045438016117852e-05, 0.012982497913873495], "PE": 0, "PG": 0, "PI": 0, "PS": 0, "PA": 0, "CL": 0, "SM": 0, "CHOL": [4.421598161437456e-07, -0.00040575193771578955, 0.06151643191371705]}, "LEU-16-PROA": {"PC": [8.700866985453618e-08, -0.00013778837636685675, 0.026774434441276324], "PE": 0, "PG": 0, "PI": 0, "PS": 0, "PA": 0, "CL": 0, "SM": 0, "CHOL": [7.931390695342584e-07, -0.0005300364580158391, 0.05212953015646311]}, "VAL-17-PROA": {"PC": [4.210497726850963e-07, -0.000333969412280753, 0.04417345636547844], "PE": 0, "PG": 0, "PI": 0, "PS": 0, "PA": 0, "CL": 0, "SM": 0, "CHOL": [5.121782352545352e-07, -0.00037121555800648275, 0.05292229054892799]}, "PHE-18-PROA": {"PC": [1.6223423580037382e-07, -0.00020363574519882593, 0.03630699519343924], "PE": 0, "PG": 0, "PI": 0, "PS": 0, "PA": 0, "CL": 0, "SM": 0, "CHOL": [6.92812691322111e-08, -0.00010371223805638388, 0.027913184427250687]}, "PHE-19-PROA": {"PC": [1.5666860838185454e-07, -0.00015965435848533572, 0.024033582287620186], "PE": 0, "PG": 0, "PI": 0, "PS": 0, "PA": 0, "CL": 0, "SM": 0, "CHOL": [7.095044033618036e-07, -0.0004991679498228478, 0.05226546538613211]}, "ALA-20-PROA": {"PC": [1.0504159806492277e-07, -0.00015027038002277663, 0.03390139535506101], "PE": 0, "PG": 0, "PI": 0, "PS": 0, "PA": 0, "CL": 0, "SM": 0, "CHOL": [1.8429832763694216e-08, -3.795776882990793e-05, 0.011877922276136892]}, "GLU-21-PROA": {"PC": [6.475576502406141e-07, -0.00046030744743519016, 0.04645033592502859], "PE": 0, "PG": 0, "PI": 0, "PS": 0, "PA": 0, "CL": 0, "SM": 0, "CHOL": [-0.08505218155260842, 1.6347816526525099, -4.530181595242485]}, "ASP-22-PROA": {"PC": [9.223026251902151e-06, -0.002103284038973408, 0.08267268737674112], "PE": 0, "PG": 0, "PI": 0, "PS": 0, "PA": 0, "CL": 0, "SM": 0, "CHOL": [0.002199047543194528, -0.15664018489014572, 1.9593881176790313]}, "GLY-28-PROA": {"PC": [2.7346363640913885e-05, -0.004459947610185353, 0.13395717392301706], "PE": 0, "PG": 0, "PI": 0, "PS": 0, "PA": 0, "CL": 0, "SM": 0, "CHOL": [-0.0024906810816156, 0.08355186553046326, 0.0645017692160649]}, "ALA-29-PROA": {"PC": [0.0003249313322455708, -0.025986880544798002, 0.4428771523198946], "PE": 0, "PG": 0, "PI": 0, "PS": 0, "PA": 0, "CL": 0, "SM": 0, "CHOL": 0}, "ILE-30-PROA": {"PC": [6.753747421998944e-07, -0.00035890816771664186, 0.033313580871475554], "PE": 0, "PG": 0, "PI": 0, "PS": 0, "PA": 0, "CL": 0, "SM": 0, "CHOL": 0}, "ILE-31-PROA": {"PC": [9.67752677066632e-08, -0.00014206992184159, 0.038448937514312526], "PE": 0, "PG": 0, "PI": 0, "PS": 0, "PA": 0, "CL": 0, "SM": 0, "CHOL": [7.635400590162201e-09, -3.263867152429125e-05, 0.012307273869175512]}, "GLY-32-PROA": {"PC": [1.5598262710943346e-08, -4.168425200423125e-05, 0.013497542625146053], "PE": 0, "PG": 0, "PI": 0, "PS": 0, "PA": 0, "CL": 0, "SM": 0, "CHOL": [-0.34535552914452566, 5.3274384165118756, -16.01385250251006]}, "LEU-33-PROA": {"PC": [1.6877548314129908e-07, -0.00020523793975558153, 0.03721612333023063], "PE": 0, "PG": 0, "PI": 0, "PS": 0, "PA": 0, "CL": 0, "SM": 0, "CHOL": [6.864197467863353e-08, -0.0001255723109241712, 0.03231084354263426]}, "MET-34-PROA": {"PC": [2.0583177483343713e-07, -0.00023632061482694634, 0.03297100672295591], "PE": 0, "PG": 0, "PI": 0, "PS": 0, "PA": 0, "CL": 0, "SM": 0, "CHOL": [1.313212022071192e-06, -0.0007096136326608823, 0.0549769571114851]}, "VAL-35-PROA": {"PC": [5.164008239954565e-08, -9.85318762541259e-05, 0.02625557575176079], "PE": 0, "PG": 0, "PI": 0, "PS": 0, "PA": 0, "CL": 0, "SM": 0, "CHOL": [1.2482399739578535e-07, -0.0001995503675229661, 0.02389579200723361]}, "GLY-36-PROA": {"PC": [1.6498940069862568e-08, -7.219876830815972e-05, 0.013849163833438037], "PE": 0, "PG": 0, "PI": 0, "PS": 0, "PA": 0, "CL": 0, "SM": 0, "CHOL": [1.647419805454954e-05, -0.003926184075230012, 0.18393730835248465]}, "GLY-37-PROA": {"PC": [1.3216244905627428e-08, -2.0284398584228476e-05, 0.006744610735997564], "PE": 0, "PG": 0, "PI": 0, "PS": 0, "PA": 0, "CL": 0, "SM": 0, "CHOL": [0.004867004725924494, -0.11934522206847054, 0.7390323061628885]}, "VAL-38-PROA": {"PC": [8.70405218637346e-09, -1.4869287704436144e-05, 0.00801157009475206], "PE": 0, "PG": 0, "PI": 0, "PS": 0, "PA": 0, "CL": 0, "SM": 0, "CHOL": [1.0756201404458439, -14.17618027561003, 45.01852487045673]}, "VAL-39-PROA": {"PC": [3.3928223974390135e-09, -1.558820816001136e-05, 0.011458841356476695], "PE": 0, "PG": 0, "PI": 0, "PS": 0, "PA": 0, "CL": 0, "SM": 0, "CHOL": [1.4474310571497738e-08, -3.996292669465767e-05, 0.02020986977601837]}, "ILE-40-PROA": {"PC": [2.4821428628239306e-07, -0.0002282732280748522, 0.030391204332486762], "PE": 0, "PG": 0, "PI": 0, "PS": 0, "PA": 0, "CL": 0, "SM": 0, "CHOL": 0}, "TYR-51-PROB": {"PC": 0, "PE": 0, "PG": 0, "PI": 0, "PS": 0, "PA": 0, "CL": 0, "SM": 0, "CHOL": 0}, "ALA-71-PROB": {"PC": 0, "PE": 0, "PG": 0, "PI": 0, "PS": 0, "PA": 0, "CL": 0, "SM": 0, "CHOL": 0}, "ILE-72-PROB": {"PC": 0, "PE": 0, "PG": 0, "PI": 0, "PS": 0, "PA": 0, "CL": 0, "SM": 0, "CHOL": 0}, "ILE-73-PROB": {"PC": 0, "PE": 0, "PG": 0, "PI": 0, "PS": 0, "PA": 0, "CL": 0, "SM": 0, "CHOL": 0}, "GLY-74-PROB": {"PC": 0, "PE": 0, "PG": 0, "PI": 0, "PS": 0, "PA": 0, "CL": 0, "SM": 0, "CHOL": 0}, "LEU-75-PROB": {"PC": 0, "PE": 0, "PG": 0, "PI": 0, "PS": 0, "PA": 0, "CL": 0, "SM": 0, "CHOL": 0}, "MET-76-PROB": {"PC": 0, "PE": 0, "PG": 0, "PI": 0, "PS": 0, "PA": 0, "CL": 0, "SM": 0, "CHOL": 0}, "VAL-77-PROB": {"PC": 0, "PE": 0, "PG": 0, "PI": 0, "PS": 0, "PA": 0, "CL": 0, "SM": 0, "CHOL": 0}, "GLY-78-PROB": {"PC": 0, "PE": 0, "PG": 0, "PI": 0, "PS": 0, "PA": 0, "CL": 0, "SM": 0, "CHOL": 0}, "GLY-79-PROB": {"PC": 0, "PE": 0, "PG": 0, "PI": 0, "PS": 0, "PA": 0, "CL": 0, "SM": 0, "CHOL": 0}, "VAL-80-PROB": {"PC": 0, "PE": 0, "PG": 0, "PI": 0, "PS": 0, "PA": 0, "CL": 0, "SM": 0, "CHOL": 0}, "VAL-81-PROB": {"PC": 0, "PE": 0, "PG": 0, "PI": 0, "PS": 0, "PA": 0, "CL": 0, "SM": 0, "CHOL": 0}, "ILE-82-PROB": {"PC": 0, "PE": 0, "PG": 0, "PI": 0, "PS": 0, "PA": 0, "CL": 0, "SM": 0, "CHOL": 0}, "ALA-83-PROB": {"PC": 0, "PE": 0, "PG": 0, "PI": 0, "PS": 0, "PA": 0, "CL": 0, "SM": 0, "CHOL": 0}, "ASP-84-PROC": {"PC": 0, "PE": 0, "PG": 0, "PI": 0, "PS": 0, "PA": 0, "CL": 0, "SM": 0, "CHOL": 0}, "ALA-85-PROC": {"PC": 0, "PE": 0, "PG": 0, "PI": 0, "PS": 0, "PA": 0, "CL": 0, "SM": 0, "CHOL": 0}, "PHE-87-PROC": {"PC": 0, "PE": 0, "PG": 0, "PI": 0, "PS": 0,