{"ALA-1-PROA": {"PC": [1.4933405028288453e-05, -0.003675688752464643, 0.16116776432711483], "PE": 0, "PG": 0, "PI": 0, "PS": 0, "PA": 0, "CL": 0, "SM": 0, "CHOL": [0.00014413426385303572, -0.018514395972309552, 0.4329631218285382]}, "GLU-2-PROA": {"PC": [1.4359008976497873e-07, -0.0001709924778045002, 0.0375632740954904], "PE": 0, "PG": 0, "PI": 0, "PS": 0, "PA": 0, "CL": 0, "SM": 0, "CHOL": [1.3881696729849575e-05, -0.002797389064746923, 0.11619528643738815]}, "PHE-3-PROA": {"PC": [1.2388794187568516e-07, -0.00018907075085442579, 0.027579911339189307], "PE": 0, "PG": 0, "PI": 0, "PS": 0, "PA": 0, "CL": 0, "SM": 0, "CHOL": [3.159454769341075e-07, -0.0002653992050770973, 0.037422638920979745]}, "ARG-4-PROA": {"PC": [1.6065952371411686e-08, -4.1975947878706295e-05, 0.016071111919429632], "PE": 0, "PG": 0, "PI": 0, "PS": 0, "PA": 0, "CL": 0, "SM": 0, "CHOL": [-8.608125659550189e-09, 1.914993119441809e-05, 0.007144099202082456]}, "HSD-5-PROA": {"PC": [3.1712187848891036e-09, -1.3858835780427424e-05, 0.010320714188369443], "PE": 0, "PG": 0, "PI": 0, "PS": 0, "PA": 0, "CL": 0, "SM": 0, "CHOL": [2.7966436770258158e-05, -0.0050500456327315845, 0.19051419963054045]}, "ASP-6-PROA": {"PC": [1.3263515029327725e-08, -4.58678753443027e-05, 0.015269813669588328], "PE": 0, "PG": 0, "PI": 0, "PS": 0, "PA": 0, "CL": 0, "SM": 0, "CHOL": [-0.5792237319330976, 9.316299464082812, -31.50642830076366]}, "SER-7-PROA": {"PC": [3.9485807257618594e-08, -0.00010489594484851207, 0.020849947996407894], "PE": 0, "PG": 0, "PI": 0, "PS": 0, "PA": 0, "CL": 0, "SM": 0, "CHOL": 0}, "GLY-8-PROA": {"PC": [2.6384682583522856e-08, -4.992802137622211e-05, 0.0162225668545297], "PE": 0, "PG": 0, "PI": 0, "PS": 0, "PA": 0, "CL": 0, "SM": 0, "CHOL": 0}, "TYR-9-PROA": {"PC": [3.501401496587549e-09, -2.0958360685480718e-05, 0.00837283481645912], "PE": 0, "PG": 0, "PI": 0, "PS": 0, "PA": 0, "CL": 0, "SM": 0, "CHOL": [0.0030321409584364418, -0.09752083144137885, 0.6757721565493803]}, "GLU-10-PROA": {"PC": [5.622984749903268e-09, -2.253878361745773e-05, 0.011282917937449205], "PE": 0, "PG": 0, "PI": 0, "PS": 0, "PA": 0, "CL": 0, "SM": 0, "CHOL": [-0.006344227298529818, 0.1906458918898147, -0.6833030905746103]}, "VAL-11-PROA": {"PC": [1.0065399820349196e-06, -0.000691890729954853, 0.061559862765726635], "PE": 0, "PG": 0, "PI": 0, "PS": 0, "PA": 0, "CL": 0, "SM": 0, "CHOL": 0}, "HSD-12-PROA": {"PC": [2.810070135457385e-08, -6.129532359330631e-05, 0.020010661999766557], "PE": 0, "PG": 0, "PI": 0, "PS": 0, "PA": 0, "CL": 0, "SM": 0, "CHOL": 0}, "HSD-13-PROA": {"PC": [0.0018712657385517215, -0.10200428402401882, 1.1218827846508588], "PE": 0, "PG": 0, "PI": 0, "PS": 0, "PA": 0, "CL": 0, "SM": 0, "CHOL": [2.764427284159038e-07, -0.00025846928637083925, 0.035290037378338225]}, "GLN-14-PROA": {"PC": [2.755911987141648e-07, -0.00022645604340091745, 0.02831562569655518], "PE": 0, "PG": 0, "PI": 0, "PS": 0, "PA": 0, "CL": 0, "SM": 0, "CHOL": [2.436446518800963e-07, -0.0002196860100834934, 0.030337432988817678]}, "LYS-15-PROA": {"PC": [1.3103636027384045e-07, -0.00016632919960288687, 0.02899904130357605], "PE": 0, "PG": 0, "PI": 0, "PS": 0, "PA": 0, "CL": 0, "SM": 0, "CHOL": [1.4253963999543567e-08, -2.6264161628473014e-05, 0.008848870319340198]}, "LEU-16-PROA": {"PC": [9.599550098114965e-09, -3.753195097459094e-05, 0.013414887836405019], "PE": 0, "PG": 0, "PI": 0, "PS": 0, "PA": 0, "CL": 0, "SM": 0, "CHOL": [1.5160333050425382e-06, -0.0006598533686712534, 0.06866581334438908]}, "VAL-17-PROA": {"PC": [9.584764878013998e-08, -0.00011546640694463959, 0.020508270732955153], "PE": 0, "PG": 0, "PI": 0, "PS": 0, "PA": 0, "CL": 0, "SM": 0, "CHOL": [1.4382645816831762e-07, -0.00019318939024080337, 0.03422642011196525]}, "PHE-18-PROA": {"PC": [4.472067242913846e-09, -2.5836239295691455e-05, 0.010149277939691255], "PE": 0, "PG": 0, "PI": 0, "PS": 0, "PA": 0, "CL": 0, "SM": 0, "CHOL": [3.382824202022603e-06, -0.001262631307554505, 0.09724283808083461]}, "PHE-19-PROA": {"PC": [3.5062386511411703e-08, -7.76143777963378e-05, 0.017256865006009963], "PE": 0, "PG": 0, "PI": 0, "PS": 0, "PA": 0, "CL": 0, "SM": 0, "CHOL": [1.668478828707673e-07, -0.0002646352437742514, 0.03773170156296887]}, "ALA-20-PROA": {"PC": [6.203924242972683e-08, -8.80532443574102e-05, 0.019484772638868424], "PE": 0, "PG": 0, "PI": 0, "PS": 0, "PA": 0, "CL": 0, "SM": 0, "CHOL": [7.877802799860832e-06, -0.002282278147865153, 0.09643649648247303]}, "GLU-21-PROA": {"PC": [2.0530662659538817e-06, -0.0008232341836732776, 0.05263103785381097], "PE": 0, "PG": 0, "PI": 0, "PS": 0, "PA": 0, "CL": 0, "SM": 0, "CHOL": [-1.4093614513844212e-07, 8.063122568123183e-05, 0.019825893866897138]}, "ASP-22-PROA": {"PC": [1.3397898872656091e-06, -0.0007700317820591747, 0.05122374678390235], "PE": 0, "PG": 0, "PI": 0, "PS": 0, "PA": 0, "CL": 0, "SM": 0, "CHOL": [3.2668201247218964e-07, -0.0003179251502294656, 0.033693868372803054]}, "VAL-23-PROA": {"PC": [1.475119172088153e-06, -0.000630106899077356, 0.060599549408007616], "PE": 0, "PG": 0, "PI": 0, "PS": 0, "PA": 0, "CL": 0, "SM": 0, "CHOL": [2.206900070905255e-07, -0.00017748850133768331, 0.03125505392454023]}, "GLY-24-PROA": {"PC": [8.775048375938767e-09, -2.433978072214091e-05, 0.011182505693138898], "PE": 0, "PG": 0, "PI": 0, "PS": 0, "PA": 0, "CL": 0, "SM": 0, "CHOL": [7.829075719858842e-06, -0.0020538845055705942, 0.10434669394525707]}, "SER-25-PROA": {"PC": [1.9600590560438563e-07, -0.00023584427166398292, 0.031166025821972792], "PE": 0, "PG": 0, "PI": 0, "PS": 0, "PA": 0, "CL": 0, "SM": 0, "CHOL": [7.404062903719524e-07, -0.0003989711899808614, 0.046148097047439475]}, "ASN-26-PROA": {"PC": [7.721053493621792e-06, -0.00247801731821301, 0.10031928420685046], "PE": 0, "PG": 0, "PI": 0, "PS": 0, "PA": 0, "CL": 0, "SM": 0, "CHOL": 0}, "LYS-27-PROA": {"PC": [6.233092964935426e-06, -0.0011962290692922926, 0.059760238864913065], "PE": 0, "PG": 0, "PI": 0, "PS": 0, "PA": 0, "CL": 0, "SM": 0, "CHOL": [0.5278488972974108, -7.216899763645744, 22.644673183826054]}, "GLY-28-PROA": {"PC": [3.462813245657214e-06, -0.0013300748144569046, 0.06926692531456974], "PE": 0, "PG": 0, "PI": 0, "PS": 0, "PA": 0, "CL": 0, "SM": 0, "CHOL": 0}, "ALA-29-PROA": {"PC": [2.52906444520303e-06, -0.001282132455523464, 0.0798397889765571], "PE": 0, "PG": 0, "PI": 0, "PS": 0, "PA": 0, "CL": 0, "SM": 0, "CHOL": 0}, "ILE-30-PROA": {"PC": [9.372902184417835e-06, -0.003323191813353931, 0.12321831142723236], "PE": 0, "PG": 0, "PI": 0, "PS": 0, "PA": 0, "CL": 0, "SM": 0, "CHOL": 0}, "ILE-31-PROA": {"PC": [1.000258283769521e-08, -2.8480885434822154e-05, 0.014308264010243373], "PE": 0, "PG": 0, "PI": 0, "PS": 0, "PA": 0, "CL": 0, "SM": 0, "CHOL": [6.976988339240174e-05, -0.006837310161332555, 0.20308262994801982]}, "GLY-32-PROA": {"PC": [2.1039002219243706e-07, -0.0002479096518490332, 0.034913858030926705], "PE": 0, "PG": 0, "PI": 0, "PS": 0, "PA": 0, "CL": 0, "SM": 0, "CHOL": [2.7510412975553033e-08, -3.4807628205903205e-05, 0.008954555854613022]}, "LEU-33-PROA": {"PC": [2.0594951740105885e-09, -1.0255260815731e-05, 0.009732028414805817], "PE": 0, "PG": 0, "PI": 0, "PS": 0, "PA": 0, "CL": 0, "SM": 0, "CHOL": [8.02299292235567e-06, -0.0016658945272403052, 0.06565406181233668]}, "MET-34-PROA": {"PC": [2.672832110767439e-07, -0.00024084177491251935, 0.03377724325837892], "PE": 0, "PG": 0, "PI": 0, "PS": 0, "PA": 0, "CL": 0, "SM": 0, "CHOL": [-1.3690430756374975e-08, 3.3451386344848124e-05, 0.0032224573110578737]}, "VAL-35-PROA": {"PC": [5.0882808141484835e-09, -2.244836884229321e-05, 0.012094045082989113], "PE": 0, "PG": 0, "PI": 0, "PS": 0, "PA": 0, "CL": 0, "SM": 0, "CHOL": [-0.0059329716891602016, 0.2465751931929042, -1.1398696406715971]}, "GLY-36-PROA": {"PC": [9.703934758347318e-09, -3.3172349023930336e-05, 0.01536586571880739], "PE": 0, "PG": 0, "PI": 0, "PS": 0, "PA": 0, "CL": 0, "SM": 0, "CHOL": [9.966606018868937e-09, -3.0425606075473748e-05, 0.016820517798529253]}, "GLY-37-PROA": {"PC": [1.3012324454215763e-06, -0.000692113473343093, 0.04958593362202209],