{"ARG-4-PROA": {"PC": [4.3547195056291825e-07, -0.00031343094612716117, 0.03821961982604036], "PE": 0, "PG": 0, "PI": 0, "PS": 0, "PA": 0, "CL": 0, "SM": 0, "CHOL": 0}, "ASP-6-PROA": {"PC": [-0.00023274306140640973, 0.02080997326062595, -0.0976616428027858], "PE": 0, "PG": 0, "PI": 0, "PS": 0, "PA": 0, "CL": 0, "SM": 0, "CHOL": 0}, "GLY-8-PROA": {"PC": [2.520778478873593e-07, -0.0002564182666169575, 0.03390368058444401], "PE": 0, "PG": 0, "PI": 0, "PS": 0, "PA": 0, "CL": 0, "SM": 0, "CHOL": [8.422310196512955e-05, -0.01101711452000428, 0.26402651736589156]}, "TYR-9-PROA": {"PC": [1.3717498903072593e-07, -0.00016459945805628675, 0.025156388947960965], "PE": 0, "PG": 0, "PI": 0, "PS": 0, "PA": 0, "CL": 0, "SM": 0, "CHOL": [9.263310999408791e-06, -0.0018669547752305684, 0.09741084287364833]}, "GLU-10-PROA": {"PC": [7.772305595322534e-08, -0.00012433892399753353, 0.03224108893887398], "PE": 0, "PG": 0, "PI": 0, "PS": 0, "PA": 0, "CL": 0, "SM": 0, "CHOL": [2.2813445604517127e-07, -0.0002559511123398371, 0.04237894380713772]}, "VAL-11-PROA": {"PC": [2.037999439690009e-07, -0.0002440114327724224, 0.0440057627857847], "PE": 0, "PG": 0, "PI": 0, "PS": 0, "PA": 0, "CL": 0, "SM": 0, "CHOL": [0.19815612509588468, -2.393459049285613, 7.408908048361443]}, "HSD-12-PROA": {"PC": [4.222676337461031e-09, -1.902259821152293e-05, 0.011752117934754659], "PE": 0, "PG": 0, "PI": 0, "PS": 0, "PA": 0, "CL": 0, "SM": 0, "CHOL": [4.21681589235142e-08, -7.585340152983948e-05, 0.024412362653896732]}, "HSD-13-PROA": {"PC": [1.0267610977622959e-07, -0.00016478230032082312, 0.03413250488416209], "PE": 0, "PG": 0, "PI": 0, "PS": 0, "PA": 0, "CL": 0, "SM": 0, "CHOL": 0}, "GLN-14-PROA": {"PC": [1.862976920691588e-07, -0.00018839210000680062, 0.031132309044901312], "PE": 0, "PG": 0, "PI": 0, "PS": 0, "PA": 0, "CL": 0, "SM": 0, "CHOL": 0}, "LYS-15-PROA": {"PC": [1.0576355855304335e-08, -3.8466343532425e-05, 0.014735038244894689], "PE": 0, "PG": 0, "PI": 0, "PS": 0, "PA": 0, "CL": 0, "SM": 0, "CHOL": [0.01985198409959476, -0.7143580194138672, 5.792587865160699]}, "LEU-16-PROA": {"PC": [7.3449944654233e-09, -3.0543772685849666e-05, 0.013087697894587871], "PE": 0, "PG": 0, "PI": 0, "PS": 0, "PA": 0, "CL": 0, "SM": 0, "CHOL": [1.1352152319136792e-06, -0.0004991347355520342, 0.04603996934147215]}, "VAL-17-PROA": {"PC": [1.321656812245752e-07, -0.00016773823138290252, 0.027984517832904617], "PE": 0, "PG": 0, "PI": 0, "PS": 0, "PA": 0, "CL": 0, "SM": 0, "CHOL": [2.7303350450307887e-07, -0.0001793597779160323, 0.02377378806211504]}, "PHE-18-PROA": {"PC": [1.0889599832312305e-08, -3.686692776569399e-05, 0.016088289249266058], "PE": 0, "PG": 0, "PI": 0, "PS": 0, "PA": 0, "CL": 0, "SM": 0, "CHOL": [7.067661034062517e-08, -0.00011817176622096107, 0.029396728727970934]}, "PHE-19-PROA": {"PC": [1.1578890100059849e-07, -0.00012296239940012523, 0.024768474670515843], "PE": 0, "PG": 0, "PI": 0, "PS": 0, "PA": 0, "CL": 0, "SM": 0, "CHOL": [1.9124931265242946e-08, -4.605405973244627e-05, 0.016023845435435717]}, "ALA-20-PROA": {"PC": [1.0035081646979408e-07, -0.0001731979406854626, 0.028287039772908855], "PE": 0, "PG": 0, "PI": 0, "PS": 0, "PA": 0, "CL": 0, "SM": 0, "CHOL": [3.0292831435308958e-09, -1.5115449065806937e-05, 0.009591304697606131]}, "GLU-21-PROA": {"PC": [1.8454056320662491e-07, -0.0002591194820262782, 0.04063791224985949], "PE": 0, "PG": 0, "PI": 0, "PS": 0, "PA": 0, "CL": 0, "SM": 0, "CHOL": [5.162447297031475e-08, -8.734660200726333e-05, 0.023930576726500476]}, "ASP-22-PROA": {"PC": [1.5456233437852476e-05, -0.002455450077785674, 0.10813639891596322], "PE": 0, "PG": 0, "PI": 0, "PS": 0, "PA": 0, "CL": 0, "SM": 0, "CHOL": [5.333905536855525e-08, -0.00010110576955375215, 0.023371015171638504]}, "VAL-23-PROA": {"PC": [2.6687177609740767e-07, -0.0003145044710238887, 0.03971071559233462], "PE": 0, "PG": 0, "PI": 0, "PS": 0, "PA": 0, "CL": 0, "SM": 0, "CHOL": [2.1768272043474e-07, -0.00022425694938391154, 0.030289446154355526]}, "GLY-24-PROA": {"PC": [4.0960501621788095e-09, -2.1001228836200102e-05, 0.010252771755962904], "PE": 0, "PG": 0, "PI": 0, "PS": 0, "PA": 0, "CL": 0, "SM": 0, "CHOL": [9.646402614314836e-06, -0.002648166339714889, 0.1179123143747743]}, "SER-25-PROA": {"PC": [8.428957798874336e-07, -0.0006505227479369115, 0.05906538614369821], "PE": 0, "PG": 0, "PI": 0, "PS": 0, "PA": 0, "CL": 0, "SM": 0, "CHOL": 0}, "ASN-26-PROA": {"PC": [3.5749111174245907e-07, -0.0003976525386088991, 0.04781296307536383], "PE": 0, "PG": 0, "PI": 0, "PS": 0, "PA": 0, "CL": 0, "SM": 0, "CHOL": 0}, "LYS-27-PROA": {"PC": [3.0507876164161247e-05, -0.0049423368656236425, 0.13540083907284686], "PE": 0, "PG": 0, "PI": 0, "PS": 0, "PA": 0, "CL": 0, "SM": 0, "CHOL": [0.021243326886833815, 0.5950255861002148, 16.66666666666702]}, "GLY-28-PROA": {"PC": [1.0661841055939327e-05, -0.004082270222275462, 0.1451678347587937], "PE": 0, "PG": 0, "PI": 0, "PS": 0, "PA": 0, "CL": 0, "SM": 0, "CHOL": [-1.1136652741111377, 14.483853040382787, -39.25557322488443]}, "ALA-29-PROA": {"PC": [0.0010943198665893483, -0.07744341789372453, 1.2008989100165546], "PE": 0, "PG": 0, "PI": 0, "PS": 0, "PA": 0, "CL": 0, "SM": 0, "CHOL": [0.03623322271911914, -0.9390497095329319, 5.652834012858711]}, "ILE-30-PROA": {"PC": [1.195832395055504e-06, -0.0007277408281865664, 0.06987548266668749], "PE": 0, "PG": 0, "PI": 0, "PS": 0, "PA": 0, "CL": 0, "SM": 0, "CHOL": [3.8379490892228705, 3.7237643194439256, -70.39690007058266]}, "ILE-31-PROA": {"PC": [2.442833585941755e-08, -4.916791479420991e-05, 0.012307795786440402], "PE": 0, "PG": 0, "PI": 0, "PS": 0, "PA": 0, "CL": 0, "SM": 0, "CHOL": [1.252164828770899e-07, -0.00015719327030719332, 0.032625022400551304]}, "GLY-32-PROA": {"PC": [1.3872612067022825e-08, -4.483535178745793e-05, 0.014681424273629602], "PE": 0, "PG": 0, "PI": 0, "PS": 0, "PA": 0, "CL": 0, "SM": 0, "CHOL": [-5.8916727512203525e-05, 0.002449472194090525, 0.12370732300537311]}, "LEU-33-PROA": {"PC": [2.8163062503279887e-07, -0.00027661534319361705, 0.03942539640812474], "PE": 0, "PG": 0, "PI": 0, "PS": 0, "PA": 0, "CL": 0, "SM": 0, "CHOL": [4.206135915168908e-07, -0.0002957310937498833, 0.0424737432382782]}, "MET-34-PROA": {"PC": [1.4869303817292818e-07, -0.00017662969171022082, 0.02711760314392182], "PE": 0, "PG": 0, "PI": 0, "PS": 0, "PA": 0, "CL": 0, "SM": 0, "CHOL": [-0.140975643712236, 2.8371303560262664, -9.899572713032374]}, "VAL-35-PROA": {"PC": [2.2567673350591377e-09, -1.2743335931386266e-05, 0.008732925050139135], "PE": 0, "PG": 0, "PI": 0, "PS": 0, "PA": 0, "CL": 0, "SM": 0, "CHOL": [0.0001230582546957356, -0.0136832519410831, 0.26267556197052183]}, "GLY-36-PROA": {"PC": [2.0384332687134784e-09, -1.4520401119780374e-05, 0.007226736430367116], "PE": 0, "PG": 0, "PI": 0, "PS": 0, "PA": 0, "CL": 0, "SM": 0, "CHOL": 0}, "GLY-37-PROA": {"PC": [2.3414784114917013e-09, -9.375608520869417e-06, 0.007377419217509536], "PE": 0, "PG": 0, "PI": 0, "PS": 0, "PA": 0, "CL": 0, "SM": 0, "CHOL": 0}, "VAL-38-PROA": {"PC": [3.7484320894032446e-10, -2.4319442810378124e-06, 0.002878294475741354], "PE": 0, "PG": 0, "PI": 0, "PS": 0, "PA": 0, "CL": 0, "SM": 0, "CHOL": 0}, "VAL-39-PROA": {"PC": [2.113080637261173e-09, -1.1465380416795051e-05, 0.010896666804416274], "PE": 0, "PG": 0, "PI": 0, "PS": 0, "PA": 0, "CL": 0, "SM": 0, "CHOL": [9.993898245060022e-05, -0.012931248205425086, 0.3189496077387015]}, "ILE-40-PROA": {"PC": [2.7640994700533053e-07, -0.00025140238200477353, 0.03051024680557165], "PE": 0, "PG": 0, "PI": 0, "PS": 0, "PA": 0, "CL": 0, "SM": 0, "CHOL": 0}, "GLY-70-PROB": {"PC": 0, "PE": 0, "PG": 0, "PI": 0, "PS": 0, "PA": 0, "CL": 0, "SM": 0, "CHOL": 0}, "ALA-71-PROB": {"PC": 0, "PE": 0, "PG": 0, "PI": 0, "PS": 0, "PA": 0, "CL": 0, "SM": 0, "CHOL": 0}, "ILE-72-PROB": {"PC": 0, "PE": 0, "PG": 0, "PI": 0, "PS": 0, "PA": 0, "CL": 0, "SM": 0, "CHOL": 0}, "ILE-73-PROB": {"PC": 0, "PE": 0, "PG": 0, "PI": 0, "PS": 0, "PA": 0, "CL": 0, "SM": 0, "CHOL": 0}, "GLY-74-PROB": {"PC": 0, "PE": 0, "PG": 0, "PI": 0, "PS": 0, "PA": 0, "CL": 0, "SM": 0,