{"VAL-11-PROA": {"PC": [7.670542713832608e-08, -0.0001293719376562418, 0.020310105269550963], "PE": 0, "PG": 0, "PI": 0, "PS": 0, "PA": 0, "CL": 0, "SM": 0, "CHOL": [0.00043546800969771133, -0.03562511145991412, 0.5873683518929393]}, "HSD-12-PROA": {"PC": [7.264295259391318e-09, -2.4921266722191257e-05, 0.013777683190877698], "PE": 0, "PG": 0, "PI": 0, "PS": 0, "PA": 0, "CL": 0, "SM": 0, "CHOL": [1.2695106880861592e-07, -0.00010515738799048853, 0.015863470924061436]}, "HSD-13-PROA": {"PC": [4.2772682648676274e-08, -7.126936609173468e-05, 0.01802888386886452], "PE": 0, "PG": 0, "PI": 0, "PS": 0, "PA": 0, "CL": 0, "SM": 0, "CHOL": [0.0007873270976225211, -0.04881340928930916, 0.5427782265875605]}, "GLN-14-PROA": {"PC": [2.204323416661494e-07, -0.00024698403522512534, 0.031242090665042115], "PE": 0, "PG": 0, "PI": 0, "PS": 0, "PA": 0, "CL": 0, "SM": 0, "CHOL": [3.6175736627048256e-07, -0.0003950658328243827, 0.041778059657182]}, "LYS-15-PROA": {"PC": [1.4471421099295506e-08, -3.341403712448883e-05, 0.009959906893821974], "PE": 0, "PG": 0, "PI": 0, "PS": 0, "PA": 0, "CL": 0, "SM": 0, "CHOL": 0}, "LEU-16-PROA": {"PC": [4.5097099681815206e-09, -2.2884784830003097e-05, 0.011564282096074952], "PE": 0, "PG": 0, "PI": 0, "PS": 0, "PA": 0, "CL": 0, "SM": 0, "CHOL": [5.806947617908305e-05, -0.007821785503066761, 0.18250966198709528]}, "VAL-17-PROA": {"PC": [7.417505097238559e-08, -0.00013042097020195425, 0.027378924056616932], "PE": 0, "PG": 0, "PI": 0, "PS": 0, "PA": 0, "CL": 0, "SM": 0, "CHOL": [0.00016236498748798352, -0.02069001062692559, 0.5385399170544765]}, "PHE-18-PROA": {"PC": [1.56801422388231e-08, -4.371374398253244e-05, 0.017834979131824583], "PE": 0, "PG": 0, "PI": 0, "PS": 0, "PA": 0, "CL": 0, "SM": 0, "CHOL": [5.060143592716683e-07, -0.0005259531446843333, 0.0555011157211126]}, "PHE-19-PROA": {"PC": [1.0025033201607282e-07, -0.00010602477125085387, 0.020833058034077475], "PE": 0, "PG": 0, "PI": 0, "PS": 0, "PA": 0, "CL": 0, "SM": 0, "CHOL": [3.830224412119318e-09, -1.4559692949098002e-05, 0.01126594217773519]}, "ALA-20-PROA": {"PC": [4.0815312246939094e-08, -6.977428794682491e-05, 0.01846828051751776], "PE": 0, "PG": 0, "PI": 0, "PS": 0, "PA": 0, "CL": 0, "SM": 0, "CHOL": [1.4319142040132374e-08, -4.395474128393612e-05, 0.015358408106228913]}, "GLU-21-PROA": {"PC": [9.45931214576356e-06, -0.002613021649188466, 0.12135479090586765], "PE": 0, "PG": 0, "PI": 0, "PS": 0, "PA": 0, "CL": 0, "SM": 0, "CHOL": [2.9130647360622895e-08, -6.437421162599206e-05, 0.023051684092830926]}, "ASP-22-PROA": {"PC": [7.932802797096078e-06, -0.0019325628194499136, 0.09250915837030964], "PE": 0, "PG": 0, "PI": 0, "PS": 0, "PA": 0, "CL": 0, "SM": 0, "CHOL": [9.823103771065372e-08, -0.00011591512723990053, 0.02334581288427054]}, "VAL-23-PROA": {"PC": [5.246022037352186e-07, -0.0004401457163244763, 0.04420584702444344], "PE": 0, "PG": 0, "PI": 0, "PS": 0, "PA": 0, "CL": 0, "SM": 0, "CHOL": [2.6467198095136595e-07, -0.0002794821728032082, 0.0368405646725907]}, "GLY-24-PROA": {"PC": [1.442654758590426e-08, -4.394286171810577e-05, 0.01960581556408333], "PE": 0, "PG": 0, "PI": 0, "PS": 0, "PA": 0, "CL": 0, "SM": 0, "CHOL": [2.4152728794505787e-06, -0.000729068592037456, 0.049916297525831675]}, "SER-25-PROA": {"PC": [2.778716716950919e-08, -8.293711352131454e-05, 0.01774671970519748], "PE": 0, "PG": 0, "PI": 0, "PS": 0, "PA": 0, "CL": 0, "SM": 0, "CHOL": 0}, "ASN-26-PROA": {"PC": [5.447391026929824e-08, -0.00010871252625907229, 0.02629789848189997], "PE": 0, "PG": 0, "PI": 0, "PS": 0, "PA": 0, "CL": 0, "SM": 0, "CHOL": 0}, "LYS-27-PROA": {"PC": [8.841178056592039e-05, -0.010974690536438174, 0.23316416401113393], "PE": 0, "PG": 0, "PI": 0, "PS": 0, "PA": 0, "CL": 0, "SM": 0, "CHOL": [-0.519435873752534, 8.13861571284084, -24.04357216994843]}, "GLY-28-PROA": {"PC": [1.1822917695901502e-05, -0.0029727976843726303, 0.10103550532109726], "PE": 0, "PG": 0, "PI": 0, "PS": 0, "PA": 0, "CL": 0, "SM": 0, "CHOL": [-0.054379324132140174, 0.6525518895856824, 10.594570234139452]}, "ALA-29-PROA": {"PC": [8.083580251917094e-06, -0.003351468354722771, 0.1626786331574206], "PE": 0, "PG": 0, "PI": 0, "PS": 0, "PA": 0, "CL": 0, "SM": 0, "CHOL": 0}, "ILE-30-PROA": {"PC": [2.2130025732041978e-06, -0.0011246585247578615, 0.0879450018797447], "PE": 0, "PG": 0, "PI": 0, "PS": 0, "PA": 0, "CL": 0, "SM": 0, "CHOL": 0}, "ILE-31-PROA": {"PC": [6.642976086915737e-09, -2.2646259628366335e-05, 0.013333861760804177], "PE": 0, "PG": 0, "PI": 0, "PS": 0, "PA": 0, "CL": 0, "SM": 0, "CHOL": [2.6970631831976773e-07, -0.00020465011602325848, 0.0350064069261144]}, "GLY-32-PROA": {"PC": [2.7132707909186168e-08, -7.062970515496027e-05, 0.015290235914971815], "PE": 0, "PG": 0, "PI": 0, "PS": 0, "PA": 0, "CL": 0, "SM": 0, "CHOL": [0.03984005334262617, -1.228402750808723, 6.359836104215387]}, "LEU-33-PROA": {"PC": [3.4176265379985435e-08, -4.293521325283284e-05, 0.020411687620338865], "PE": 0, "PG": 0, "PI": 0, "PS": 0, "PA": 0, "CL": 0, "SM": 0, "CHOL": [9.935890303828813e-05, -0.005484164067775984, 0.0571102233862229]}, "MET-34-PROA": {"PC": [3.181079419415112e-07, -0.00029220750024082, 0.037445289396580705], "PE": 0, "PG": 0, "PI": 0, "PS": 0, "PA": 0, "CL": 0, "SM": 0, "CHOL": [-0.004575149751977782, 0.18916530562097006, -0.7541313037641908]}, "VAL-35-PROA": {"PC": [4.511320211170589e-08, -7.976116746170367e-05, 0.021265498665673063], "PE": 0, "PG": 0, "PI": 0, "PS": 0, "PA": 0, "CL": 0, "SM": 0, "CHOL": [4.926669379697608e-07, -0.00041598324372489604, 0.05223387190646951]}, "GLY-36-PROA": {"PC": [1.6758660130210317e-08, -4.400541876180605e-05, 0.010020156946931463], "PE": 0, "PG": 0, "PI": 0, "PS": 0, "PA": 0, "CL": 0, "SM": 0, "CHOL": [0.059906079948969355, -1.1393222838462587, 5.698651635867159]}, "GLY-37-PROA": {"PC": [1.771305913870765e-08, -3.323191802934269e-05, 0.01228839280951567], "PE": 0, "PG": 0, "PI": 0, "PS": 0, "PA": 0, "CL": 0, "SM": 0, "CHOL": [3.2863707297782127e-07, -0.0001018764029912036, 0.01326020273507692]}, "VAL-38-PROA": {"PC": [2.7772045687810453e-08, -6.401041810169918e-05, 0.021600586268331775], "PE": 0, "PG": 0, "PI": 0, "PS": 0, "PA": 0, "CL": 0, "SM": 0, "CHOL": [-3.260750615247932, 37.12801993225224, -94.81654380794438]}, "ILE-40-PROA": {"PC": [1.2171016045623372e-06, -0.0005984812251228557, 0.05410439402310944], "PE": 0, "PG": 0, "PI": 0, "PS": 0, "PA": 0, "CL": 0, "SM": 0, "CHOL": 0}, "ARG-46-PROB": {"PC": 0, "PE": 0, "PG": 0, "PI": 0, "PS": 0, "PA": 0, "CL": 0, "SM": 0, "CHOL": 0}, "HSD-47-PROB": {"PC": 0, "PE": 0, "PG": 0, "PI": 0, "PS": 0, "PA": 0, "CL": 0, "SM": 0, "CHOL": 0}, "ASP-48-PROB": {"PC": 0, "PE": 0, "PG": 0, "PI": 0, "PS": 0, "PA": 0, "CL": 0, "SM": 0, "CHOL": 0}, "ILE-72-PROB": {"PC": 0, "PE": 0, "PG": 0, "PI": 0, "PS": 0, "PA": 0, "CL": 0, "SM": 0, "CHOL": 0}, "ILE-73-PROB": {"PC": 0, "PE": 0, "PG": 0, "PI": 0, "PS": 0, "PA": 0, "CL": 0, "SM": 0, "CHOL": 0}, "GLY-74-PROB": {"PC": 0, "PE": 0, "PG": 0, "PI": 0, "PS": 0, "PA": 0, "CL": 0, "SM": 0, "CHOL": 0}, "LEU-75-PROB": {"PC": 0, "PE": 0, "PG": 0, "PI": 0, "PS": 0, "PA": 0, "CL": 0, "SM": 0, "CHOL": 0}, "MET-76-PROB": {"PC": 0, "PE": 0, "PG": 0, "PI": 0, "PS": 0, "PA": 0, "CL": 0, "SM": 0, "CHOL": 0}, "VAL-77-PROB": {"PC": 0, "PE": 0, "PG": 0, "PI": 0, "PS": 0, "PA": 0, "CL": 0, "SM": 0, "CHOL": 0}, "GLY-78-PROB": {"PC": 0, "PE": 0, "PG": 0, "PI": 0, "PS": 0, "PA": 0, "CL": 0, "SM": 0, "CHOL": 0}, "GLY-79-PROB": {"PC": 0, "PE": 0, "PG": 0, "PI": 0, "PS": 0, "PA": 0, "CL": 0, "SM": 0, "CHOL": 0}, "VAL-80-PROB": {"PC": 0, "PE": 0, "PG": 0, "PI": 0, "PS": 0, "PA": 0, "CL": 0, "SM": 0, "CHOL": 0}, "VAL-81-PROB": {"PC": 0, "PE": 0, "PG": 0, "PI": 0, "PS": 0, "PA": 0, "CL": 0, "SM": 0, "CHOL": 0}, "ILE-82-PROB": {"PC": 0, "PE": 0, "PG": 0, "PI": 0, "PS": 0, "PA": 0, "CL": 0, "SM": 0, "CHOL": 0}, "ALA-83-PROB": {"PC": 0, "PE": 0, "PG": 0, "PI": 0, "PS": 0, "PA": 0, "CL": 0, "SM": 0, "CHOL": 0}, "TYR-93-PROC": {"PC": 0, "PE": 0, "PG": 0, "PI": 0, "PS": 0, "PA": 0, "CL": 0, "SM": 0, "CHOL": 0}, "GLU-94-PROC": {"PC": 0,