{"ASP-0-PROA": {"PC": 0, "PE": 0, "PG": 0, "PI": 0, "PS": 0, "PA": 0, "CL": 0, "SM": 0, "CHOL": 0}, "ALA-1-PROA": {"PC": [5.785284920286341e-06, -0.001658139339300497, 0.06694853462972139], "PE": 0, "PG": 0, "PI": 0, "PS": 0, "PA": 0, "CL": 0, "SM": 0, "CHOL": [-2.5210314891640287e-05, 0.0014586394525130664, 0.11178822153869115]}, "GLU-2-PROA": {"PC": [1.4930072833693671e-06, -0.0005758544366995384, 0.051172962112453674], "PE": 0, "PG": 0, "PI": 0, "PS": 0, "PA": 0, "CL": 0, "SM": 0, "CHOL": [6.63497762502692e-05, -0.008088943208392454, 0.21407675168088644]}, "PHE-3-PROA": {"PC": [3.1451182097890805e-07, -0.0003104920166212177, 0.03663787530329564], "PE": 0, "PG": 0, "PI": 0, "PS": 0, "PA": 0, "CL": 0, "SM": 0, "CHOL": [5.062067871915053e-06, -0.0017155232802804974, 0.09024418215031983]}, "ARG-4-PROA": {"PC": [3.833107588256952e-08, -6.964977976025732e-05, 0.019829402569087645], "PE": 0, "PG": 0, "PI": 0, "PS": 0, "PA": 0, "CL": 0, "SM": 0, "CHOL": [7.009167520315196e-08, -0.00010133107200900204, 0.021430061542669524]}, "ASP-6-PROA": {"PC": [3.0346863319216663e-06, -0.0011750768471790437, 0.0679721137501584], "PE": 0, "PG": 0, "PI": 0, "PS": 0, "PA": 0, "CL": 0, "SM": 0, "CHOL": 0}, "SER-7-PROA": {"PC": [2.2821581640196415e-07, -0.00019636182214794086, 0.025913011139729773], "PE": 0, "PG": 0, "PI": 0, "PS": 0, "PA": 0, "CL": 0, "SM": 0, "CHOL": [-7.285111981694071, 80.28437572643287, -204.19008858915748]}, "GLY-8-PROA": {"PC": [1.942433542678758e-08, -5.633970910568486e-05, 0.01530369870779707], "PE": 0, "PG": 0, "PI": 0, "PS": 0, "PA": 0, "CL": 0, "SM": 0, "CHOL": [0.2689128352709793, 0.6260412683294869, -15.174574958908684]}, "TYR-9-PROA": {"PC": [3.431782975479569e-09, -1.4788700794615838e-05, 0.0108072639076707], "PE": 0, "PG": 0, "PI": 0, "PS": 0, "PA": 0, "CL": 0, "SM": 0, "CHOL": [9.484278704628083e-08, -0.00015127364301266297, 0.03492771935419959]}, "GLU-10-PROA": {"PC": [5.505400120321555e-09, -2.8869083724491086e-05, 0.01079960170253228], "PE": 0, "PG": 0, "PI": 0, "PS": 0, "PA": 0, "CL": 0, "SM": 0, "CHOL": [3.670426046602392e-07, -0.00027596394503485235, 0.03645251974471358]}, "VAL-11-PROA": {"PC": [1.4582171031842126e-05, -0.0029293729065498564, 0.1200243951662035], "PE": 0, "PG": 0, "PI": 0, "PS": 0, "PA": 0, "CL": 0, "SM": 0, "CHOL": [-0.004888126039408242, 0.10564016432521704, 1.123209144342488]}, "HSD-12-PROA": {"PC": [1.7953625478945855e-07, -0.0003001614775720843, 0.03412194261309576], "PE": 0, "PG": 0, "PI": 0, "PS": 0, "PA": 0, "CL": 0, "SM": 0, "CHOL": [1.2603401237485925e-08, -3.539891102265428e-05, 0.012818610615147677]}, "HSD-13-PROA": {"PC": [5.2342752134593775e-08, -0.00010134094627904013, 0.027104127695655896], "PE": 0, "PG": 0, "PI": 0, "PS": 0, "PA": 0, "CL": 0, "SM": 0, "CHOL": [-5.460308655468459e-06, 0.0010800749445067763, 0.05586835377995412]}, "GLN-14-PROA": {"PC": [1.3231523024061382e-06, -0.0008027850681708763, 0.06991277178645294], "PE": 0, "PG": 0, "PI": 0, "PS": 0, "PA": 0, "CL": 0, "SM": 0, "CHOL": [1.837669846079864e-07, -0.000192509888856018, 0.026737352581960246]}, "LYS-15-PROA": {"PC": [1.7947003589027467e-07, -0.00019480198056207152, 0.031167370178994295], "PE": 0, "PG": 0, "PI": 0, "PS": 0, "PA": 0, "CL": 0, "SM": 0, "CHOL": [4.854035995479988e-07, -0.0005618083269957477, 0.054401613898424045]}, "LEU-16-PROA": {"PC": [2.742366507631327e-08, -7.5643654966632e-05, 0.019139440232727758], "PE": 0, "PG": 0, "PI": 0, "PS": 0, "PA": 0, "CL": 0, "SM": 0, "CHOL": [3.061299852804981e-07, -0.00026358328208821906, 0.03966903492444471]}, "VAL-17-PROA": {"PC": [2.5825229988742596e-08, -5.67756998668515e-05, 0.01537915476556593], "PE": 0, "PG": 0, "PI": 0, "PS": 0, "PA": 0, "CL": 0, "SM": 0, "CHOL": [0.0006592298735689926, -0.059781252940791, 0.7901440608184745]}, "PHE-18-PROA": {"PC": [1.883701522246919e-08, -5.48289100670101e-05, 0.01631417799578346], "PE": 0, "PG": 0, "PI": 0, "PS": 0, "PA": 0, "CL": 0, "SM": 0, "CHOL": [3.486125907519942e-05, -0.008309528967165206, 0.25402254481480785]}, "PHE-19-PROA": {"PC": [3.036831102736539e-08, -5.818729305768209e-05, 0.016381541693225934], "PE": 0, "PG": 0, "PI": 0, "PS": 0, "PA": 0, "CL": 0, "SM": 0, "CHOL": [-3.5367063137332477e-07, -4.707201919631291e-05, 0.08076327203902513]}, "ALA-20-PROA": {"PC": [6.310553580415759e-08, -0.0001021962303878924, 0.026421613127993907], "PE": 0, "PG": 0, "PI": 0, "PS": 0, "PA": 0, "CL": 0, "SM": 0, "CHOL": [-5.379664293896778e-07, 0.00014692670115770137, 0.03188190995059921]}, "GLU-21-PROA": {"PC": [2.849121192518183e-07, -0.0002986884512945214, 0.0427673522865621], "PE": 0, "PG": 0, "PI": 0, "PS": 0, "PA": 0, "CL": 0, "SM": 0, "CHOL": [-8.073982360970616e-07, 0.00016283808035777496, 0.03041454746683119]}, "ASP-22-PROA": {"PC": [9.779851523439084e-07, -0.0005197595683748105, 0.06386767508437878], "PE": 0, "PG": 0, "PI": 0, "PS": 0, "PA": 0, "CL": 0, "SM": 0, "CHOL": [7.90691081862679e-07, -0.0004260649720872394, 0.04213204808534178]}, "VAL-23-PROA": {"PC": [2.372910365148781e-06, -0.0011243379999585144, 0.08816877573831844], "PE": 0, "PG": 0, "PI": 0, "PS": 0, "PA": 0, "CL": 0, "SM": 0, "CHOL": [0.0001809442597296525, -0.02139565751532133, 0.38237186514035376]}, "GLY-24-PROA": {"PC": [7.91037004294265e-09, -2.6596053329719056e-05, 0.014919191713441141], "PE": 0, "PG": 0, "PI": 0, "PS": 0, "PA": 0, "CL": 0, "SM": 0, "CHOL": [3.7535447025507585e-06, -0.0010707010372649976, 0.06523004755540424]}, "LYS-27-PROA": {"PC": [5.520382802889605e-05, -0.006027223531258897, 0.1625426991136416], "PE": 0, "PG": 0, "PI": 0, "PS": 0, "PA": 0, "CL": 0, "SM": 0, "CHOL": 0}, "GLY-28-PROA": {"PC": [-0.00031584001009276875, 0.020610370527420336, -0.051779396759311966], "PE": 0, "PG": 0, "PI": 0, "PS": 0, "PA": 0, "CL": 0, "SM": 0, "CHOL": [5.5808216793193686e-05, -0.0048904204368225715, 0.17852512070703028]}, "ALA-29-PROA": {"PC": [0.00013391739677165977, -0.01880358182539036, 0.4175334354963309], "PE": 0, "PG": 0, "PI": 0, "PS": 0, "PA": 0, "CL": 0, "SM": 0, "CHOL": [6.841604357168513e-07, -0.0005092425742033375, 0.05706485565062041]}, "ILE-30-PROA": {"PC": [-7.349100621561046e-06, 0.0016528164942934064, 0.04539094420055287], "PE": 0, "PG": 0, "PI": 0, "PS": 0, "PA": 0, "CL": 0, "SM": 0, "CHOL": [8.490210963955384e-07, -0.0005381331994511558, 0.05487320577937798]}, "ILE-31-PROA": {"PC": [4.4025018542564954e-08, -9.635157851662564e-05, 0.02104673946444606], "PE": 0, "PG": 0, "PI": 0, "PS": 0, "PA": 0, "CL": 0, "SM": 0, "CHOL": [3.0974022442118624e-08, -4.926860420585849e-05, 0.016222533115064268]}, "GLY-32-PROA": {"PC": [9.218286580267461e-09, -3.219163504603784e-05, 0.012107124513645423], "PE": 0, "PG": 0, "PI": 0, "PS": 0, "PA": 0, "CL": 0, "SM": 0, "CHOL": [0.035006964506199854, -1.0420376752079374, 6.406522609100869]}, "LEU-33-PROA": {"PC": [6.185625570755375e-08, -9.308897996162086e-05, 0.02796367183864156], "PE": 0, "PG": 0, "PI": 0, "PS": 0, "PA": 0, "CL": 0, "SM": 0, "CHOL": [8.613230321528359e-07, -0.0005509832441388063, 0.08065191409607675]}, "MET-34-PROA": {"PC": [1.38983062359214e-07, -0.00013857574273639492, 0.025592703255346176], "PE": 0, "PG": 0, "PI": 0, "PS": 0, "PA": 0, "CL": 0, "SM": 0, "CHOL": [6.52869080920676e-06, -0.0016522708792655687, 0.1010189317857822]}, "VAL-35-PROA": {"PC": [6.199608976566184e-08, -0.00010424833016577335, 0.0341831582063189], "PE": 0, "PG": 0, "PI": 0, "PS": 0, "PA": 0, "CL": 0, "SM": 0, "CHOL": [1.0778911660265044e-08, -2.6784722931606844e-05, 0.011652218574735959]}, "GLY-36-PROA": {"PC": [8.560370894456915e-09, -3.56257521367932e-05, 0.01195331608473485], "PE": 0, "PG": 0, "PI": 0, "PS": 0, "PA": 0, "CL": 0, "SM": 0, "CHOL": [1.70633954300858e-07, -0.00016407588895107016, 0.031010023531391966]}, "GLY-37-PROA": {"PC": [4.679097322789504e-09, -1.3274658848241569e-05, 0.006681830412492966], "PE": 0, "PG": 0, "PI": 0, "PS": 0, "PA": 0, "CL": 0, "SM": 0, "CHOL": [2.9118367320596366e-07, -0.00016223635695528153, 0.022927174722549872]},