{"PHE-3-PROA": {"PC": [3.1362698581189853e-06, -0.0010338436074287779, 0.0660908872572791], "PE": 0, "PG": 0, "PI": 0, "PS": 0, "PA": 0, "CL": 0, "SM": 0, "CHOL": 0, "OTHER": 0}, "ARG-4-PROA": {"PC": [1.194262033727488e-07, -0.000146101088638464, 0.030426051230354408], "PE": 0, "PG": 0, "PI": 0, "PS": 0, "PA": 0, "CL": 0, "SM": 0, "CHOL": 0, "OTHER": [-0.0007587188972955084, 0.000644166623806559, 0.33500749565235854]}, "HSD-5-PROA": {"PC": [1.1929248131313066e-08, -4.22770906610273e-05, 0.009656692801302677], "PE": 0, "PG": 0, "PI": 0, "PS": 0, "PA": 0, "CL": 0, "SM": 0, "CHOL": 0, "OTHER": [6.553626573822059e-10, -6.048105535312619e-06, 0.006227921117386329]}, "GLY-8-PROA": {"PC": [6.414649342359555e-07, -0.00039351985230357396, 0.04496397681403944], "PE": 0, "PG": 0, "PI": 0, "PS": 0, "PA": 0, "CL": 0, "SM": 0, "CHOL": 0, "OTHER": [2.114500357905276e-07, -0.0002460843336880311, 0.029969635181749117]}, "TYR-9-PROA": {"PC": [5.916411220041807e-07, -0.0005339253085027214, 0.058028518132757195], "PE": 0, "PG": 0, "PI": 0, "PS": 0, "PA": 0, "CL": 0, "SM": 0, "CHOL": 0, "OTHER": [-8.383814386228615e-06, 0.002463251092390551, -0.03201486438892293]}, "GLU-10-PROA": {"PC": [1.3304355254094979e-08, -5.3850091643911055e-05, 0.013984640220972329], "PE": 0, "PG": 0, "PI": 0, "PS": 0, "PA": 0, "CL": 0, "SM": 0, "CHOL": 0, "OTHER": [3.446274147246309e-08, -4.479248866129062e-05, 0.011730996527801874]}, "VAL-11-PROA": {"PC": [3.117463814886251e-06, -0.0011692707907060005, 0.05255515050489103], "PE": 0, "PG": 0, "PI": 0, "PS": 0, "PA": 0, "CL": 0, "SM": 0, "CHOL": 0, "OTHER": [-0.0001287572697426206, 0.0033948434187563406, 0.1710311475713529]}, "HSD-12-PROA": {"PC": [3.317777277897046e-08, -8.946048707190054e-05, 0.0218252153301555], "PE": 0, "PG": 0, "PI": 0, "PS": 0, "PA": 0, "CL": 0, "SM": 0, "CHOL": 0, "OTHER": [1.0166023655581456e-09, -3.4529822029797065e-06, 0.0030993424672942312]}, "HSD-13-PROA": {"PC": [1.825935223410779e-08, -5.606538941388944e-05, 0.01753477224326067], "PE": 0, "PG": 0, "PI": 0, "PS": 0, "PA": 0, "CL": 0, "SM": 0, "CHOL": 0, "OTHER": [0.000792299360968993, -0.04078988201764536, 0.43785355614288274]}, "GLN-14-PROA": {"PC": [3.441037906276236e-09, -1.974156363625998e-05, 0.009767039937027726], "PE": 0, "PG": 0, "PI": 0, "PS": 0, "PA": 0, "CL": 0, "SM": 0, "CHOL": 0, "OTHER": [4.012654597260873e-07, -0.0003863122900039174, 0.04896633404789446]}, "LYS-15-PROA": {"PC": [2.1918625380518652e-09, -1.4154804675205661e-05, 0.0070161267672483145], "PE": 0, "PG": 0, "PI": 0, "PS": 0, "PA": 0, "CL": 0, "SM": 0, "CHOL": 0, "OTHER": [1.036477799682031, 4.156275976724942, 16.66666666666702]}, "LEU-16-PROA": {"PC": [3.777355174758119e-09, -1.8183035236115687e-05, 0.009245988253103118], "PE": 0, "PG": 0, "PI": 0, "PS": 0, "PA": 0, "CL": 0, "SM": 0, "CHOL": 0, "OTHER": [1.036477799682031, 4.156275976724942, 16.66666666666702]}, "VAL-17-PROA": {"PC": [1.9388735092662346e-09, -1.2401746649550501e-05, 0.007340656188099157], "PE": 0, "PG": 0, "PI": 0, "PS": 0, "PA": 0, "CL": 0, "SM": 0, "CHOL": 0, "OTHER": [-0.000920388956127765, 0.003381080812801502, 1.3421797440261087]}, "PHE-18-PROA": {"PC": [6.925833502075322e-08, -0.0001117175542593791, 0.020519542852598986], "PE": 0, "PG": 0, "PI": 0, "PS": 0, "PA": 0, "CL": 0, "SM": 0, "CHOL": 0, "OTHER": [0.29902070718397056, -3.319129849742056, 10.564401584809598]}, "PHE-19-PROA": {"PC": [8.075450544948893e-08, -0.00011828921341013056, 0.022587655663667248], "PE": 0, "PG": 0, "PI": 0, "PS": 0, "PA": 0, "CL": 0, "SM": 0, "CHOL": 0, "OTHER": [-5.085833236241393, 4.9811159605865605, 152.67142617309813]}, "ALA-20-PROA": {"PC": [2.5118296600255988e-08, -5.7643278342885026e-05, 0.0199668618646668], "PE": 0, "PG": 0, "PI": 0, "PS": 0, "PA": 0, "CL": 0, "SM": 0, "CHOL": 0, "OTHER": 0}, "GLU-21-PROA": {"PC": [1.8586083477878505e-07, -0.0002060603674435223, 0.02746783056207578], "PE": 0, "PG": 0, "PI": 0, "PS": 0, "PA": 0, "CL": 0, "SM": 0, "CHOL": 0, "OTHER": 0}, "VAL-23-PROA": {"PC": [2.815969766299502e-08, -7.810854814663193e-05, 0.02435346442318879], "PE": 0, "PG": 0, "PI": 0, "PS": 0, "PA": 0, "CL": 0, "SM": 0, "CHOL": 0, "OTHER": 0}, "GLY-24-PROA": {"PC": [1.1991600406101594e-08, -3.5587247153662645e-05, 0.016591350510228094], "PE": 0, "PG": 0, "PI": 0, "PS": 0, "PA": 0, "CL": 0, "SM": 0, "CHOL": 0, "OTHER": 0}, "GLY-28-PROA": {"PC": [2.1404241162641674e-07, -0.00027511890049621533, 0.03066541948110379], "PE": 0, "PG": 0, "PI": 0, "PS": 0, "PA": 0, "CL": 0, "SM": 0, "CHOL": 0, "OTHER": 0}, "ALA-29-PROA": {"PC": [0.000104939856064478, -0.01459178589967403, 0.43195474491293084], "PE": 0, "PG": 0, "PI": 0, "PS": 0, "PA": 0, "CL": 0, "SM": 0, "CHOL": 0, "OTHER": 0}, "ILE-30-PROA": {"PC": [2.9958258884415387e-05, -0.004816643740350817, 0.12107941996140452], "PE": 0, "PG": 0, "PI": 0, "PS": 0, "PA": 0, "CL": 0, "SM": 0, "CHOL": 0, "OTHER": 0}, "ILE-31-PROA": {"PC": [6.7969701186482864e-09, -2.642926088649902e-05, 0.012708792387034366], "PE": 0, "PG": 0, "PI": 0, "PS": 0, "PA": 0, "CL": 0, "SM": 0, "CHOL": 0, "OTHER": [1.036477799682031, 4.156275976724942, 16.66666666666702]}, "GLY-32-PROA": {"PC": [3.3570446249838885e-08, -6.828289749783051e-05, 0.016014427229925344], "PE": 0, "PG": 0, "PI": 0, "PS": 0, "PA": 0, "CL": 0, "SM": 0, "CHOL": 0, "OTHER": 0}, "LEU-33-PROA": {"PC": [2.3664980813242173e-08, -4.2473636702412735e-05, 0.01329135709626083], "PE": 0, "PG": 0, "PI": 0, "PS": 0, "PA": 0, "CL": 0, "SM": 0, "CHOL": 0, "OTHER": 0}, "MET-34-PROA": {"PC": [1.7483987409808913e-07, -0.00019869023182409042, 0.032767584108300045], "PE": 0, "PG": 0, "PI": 0, "PS": 0, "PA": 0, "CL": 0, "SM": 0, "CHOL": 0, "OTHER": [-8.032808033047153e-15, 1.083143327295699e-13, 2.77777777777747]}, "VAL-35-PROA": {"PC": [9.33182479118846e-09, -3.106688517525767e-05, 0.014620520897018853], "PE": 0, "PG": 0, "PI": 0, "PS": 0, "PA": 0, "CL": 0, "SM": 0, "CHOL": 0, "OTHER": [4.187322762009741e-08, -5.8685701903725e-05, 0.014302168212585708]}, "GLY-36-PROA": {"PC": [7.504752577319301e-10, -5.2115422297371675e-06, 0.006451176127304291], "PE": 0, "PG": 0, "PI": 0, "PS": 0, "PA": 0, "CL": 0, "SM": 0, "CHOL": 0, "OTHER": [0.000348916345834237, -0.031164891798964162, 0.530883943251759]}, "GLY-37-PROA": {"PC": [1.4337239232548753e-08, -3.597804385592225e-05, 0.011321168518696387], "PE": 0, "PG": 0, "PI": 0, "PS": 0, "PA": 0, "CL": 0, "SM": 0, "CHOL": 0, "OTHER": [6.493503192191712e-08, -0.00010235675646691197, 0.030629254139445627]}, "VAL-38-PROA": {"PC": [7.299104864754424e-08, -0.00011256580419783683, 0.029593910212528454], "PE": 0, "PG": 0, "PI": 0, "PS": 0, "PA": 0, "CL": 0, "SM": 0, "CHOL": 0, "OTHER": [4.7636253828099826e-07, -0.0003233388315237383, 0.0365608665912397]}, "VAL-39-PROA": {"PC": [9.731720103863463e-08, -0.00013657648742036534, 0.02924078154746475], "PE": 0, "PG": 0, "PI": 0, "PS": 0, "PA": 0, "CL": 0, "SM": 0, "CHOL": 0, "OTHER": [1.1349123196662198e-09, -6.361173832865578e-06, 0.006172981745203841]}, "ILE-40-PROA": {"PC": [2.7559979423637735e-08, -6.233572924510996e-05, 0.02385822622841411], "PE": 0, "PG": 0, "PI": 0, "PS": 0, "PA": 0, "CL": 0, "SM": 0, "CHOL": 0, "OTHER": 0}, "ALA-71-PROB": {"PC": 0, "PE": 0, "PG": 0, "PI": 0, "PS": 0, "PA": 0, "CL": 0, "SM": 0, "CHOL": 0, "OTHER": 0}, "ILE-72-PROB": {"PC": 0, "PE": 0, "PG": 0, "PI": 0, "PS": 0, "PA": 0, "CL": 0, "SM": 0, "CHOL": 0, "OTHER": 0}, "ILE-73-PROB": {"PC": 0, "PE": 0, "PG": 0, "PI": 0, "PS": 0, "PA": 0, "CL": 0, "SM": 0, "CHOL": 0, "OTHER": 0}, "GLY-74-PROB": {"PC": 0, "PE": 0, "PG": 0, "PI": 0, "PS": 0, "PA": 0, "CL": 0, "SM": 0, "CHOL": 0, "OTHER": 0}, "LEU-75-PROB": {"PC": 0, "PE": 0, "PG": 0, "PI": 0, "PS": 0, "PA": 0, "CL": 0, "SM": 0, "CHOL": 0, "OTHER": 0}, "MET-76-PROB": {"PC": 0, "PE": 0, "PG": 0, "PI": 0, "PS": 0, "PA": 0, "CL": 0, "SM": 0, "CHOL": 0, "OTHER": 0}, "VAL-77-PROB": {"PC": 0, "PE": 0, "PG": 0, "PI": 0, "PS": 0, "PA": 0, "CL": 0, "SM": 0, "CHOL": 0, "OTHER": 0}, "GLY-78-PROB": {"PC": 0, "PE": 0, "PG": 0, "PI": 0, "PS": 0, "PA": 0, "CL": 0, "SM": 0, "CHOL": 0,