{"TYR-9-PROA": {"PC": [4.856541386508892e-05, -0.0069134441574803555, 0.19648343250919328], "PE": 0, "PG": 0, "PI": 0, "PS": 0, "PA": 0, "CL": 0, "SM": 0, "CHOL": 0}, "GLU-10-PROA": {"PC": [-2.1193350989041897e-06, 0.0005398770618319438, 0.03732155620577387], "PE": 0, "PG": 0, "PI": 0, "PS": 0, "PA": 0, "CL": 0, "SM": 0, "CHOL": [1.4981956015287414e-06, -0.0005180046232774031, 0.027638734287696382]}, "VAL-11-PROA": {"PC": [9.889202937330079e-06, -0.002805725264873228, 0.12768128978862253], "PE": 0, "PG": 0, "PI": 0, "PS": 0, "PA": 0, "CL": 0, "SM": 0, "CHOL": 0}, "HSD-12-PROA": {"PC": [2.24929124927255e-07, -0.0002033184283520806, 0.02562656705425423], "PE": 0, "PG": 0, "PI": 0, "PS": 0, "PA": 0, "CL": 0, "SM": 0, "CHOL": [9.172159230861172e-10, -5.490844970017812e-06, 0.00563918055759261]}, "HSD-13-PROA": {"PC": [1.9668499357101435e-06, -0.0010222840646311668, 0.06391363628998549], "PE": 0, "PG": 0, "PI": 0, "PS": 0, "PA": 0, "CL": 0, "SM": 0, "CHOL": [2.726894603868761e-09, -1.3185770633054532e-05, 0.01169562224106744]}, "GLN-14-PROA": {"PC": [4.321335277625911e-08, -8.055025145517114e-05, 0.019010459373235207], "PE": 0, "PG": 0, "PI": 0, "PS": 0, "PA": 0, "CL": 0, "SM": 0, "CHOL": [1.2791643520151783e-07, -0.00011908917188544786, 0.01930527244272699]}, "LYS-15-PROA": {"PC": [6.957706385513343e-08, -0.00014153108842474292, 0.026465330667547898], "PE": 0, "PG": 0, "PI": 0, "PS": 0, "PA": 0, "CL": 0, "SM": 0, "CHOL": [4.2666530429796995e-08, -6.73341421427781e-05, 0.016449629708197723]}, "LEU-16-PROA": {"PC": [6.432981305738519e-09, -2.836628639840422e-05, 0.012478808944639574], "PE": 0, "PG": 0, "PI": 0, "PS": 0, "PA": 0, "CL": 0, "SM": 0, "CHOL": [6.974451228380717e-07, -0.0003801995360712364, 0.0466304659753966]}, "VAL-17-PROA": {"PC": [1.5099051499739171e-07, -0.00019174801177037268, 0.031130286659740915], "PE": 0, "PG": 0, "PI": 0, "PS": 0, "PA": 0, "CL": 0, "SM": 0, "CHOL": [2.918944689488246e-07, -0.00030410935010741246, 0.0378824468000315]}, "PHE-18-PROA": {"PC": [1.1327028174030834e-08, -3.087171381987393e-05, 0.014253770296705038], "PE": 0, "PG": 0, "PI": 0, "PS": 0, "PA": 0, "CL": 0, "SM": 0, "CHOL": [8.034228988138353e-08, -0.00012871644262433046, 0.027348556412927424]}, "PHE-19-PROA": {"PC": [4.758058831231567e-09, -2.507658812844422e-05, 0.009342848740944506], "PE": 0, "PG": 0, "PI": 0, "PS": 0, "PA": 0, "CL": 0, "SM": 0, "CHOL": [1.1707893947797976e-07, -0.00016208600711526617, 0.022814233648523148]}, "ALA-20-PROA": {"PC": [3.216730551997029e-09, -1.5431230868401818e-05, 0.009225099630451969], "PE": 0, "PG": 0, "PI": 0, "PS": 0, "PA": 0, "CL": 0, "SM": 0, "CHOL": [-4.003568089517024e-06, 0.0015502322422880767, 0.007436890518049977]}, "GLU-21-PROA": {"PC": [1.1624198967050834e-06, -0.000757038643756089, 0.07071848124828037], "PE": 0, "PG": 0, "PI": 0, "PS": 0, "PA": 0, "CL": 0, "SM": 0, "CHOL": [1.348099685948376e-06, -0.0008047257804581047, 0.07570165584481445]}, "ASP-22-PROA": {"PC": [1.631048044325527e-07, -0.00023931110878781648, 0.039601155291519474], "PE": 0, "PG": 0, "PI": 0, "PS": 0, "PA": 0, "CL": 0, "SM": 0, "CHOL": 0}, "VAL-23-PROA": {"PC": [4.4016957391503395e-06, -0.0014336785521382358, 0.0696804181413605], "PE": 0, "PG": 0, "PI": 0, "PS": 0, "PA": 0, "CL": 0, "SM": 0, "CHOL": [5.749673168247445e-07, -0.00042700029548706263, 0.05158015914479126]}, "GLY-24-PROA": {"PC": [8.940138262850922e-08, -0.00011553908877161328, 0.023960947157754445], "PE": 0, "PG": 0, "PI": 0, "PS": 0, "PA": 0, "CL": 0, "SM": 0, "CHOL": [3.716995939370557e-07, -0.00019929834940785116, 0.02126993988606006]}, "LYS-27-PROA": {"PC": [0.0011763745407736743, -0.0706564477764862, 0.9027189147488023], "PE": 0, "PG": 0, "PI": 0, "PS": 0, "PA": 0, "CL": 0, "SM": 0, "CHOL": 0}, "GLY-28-PROA": {"PC": [0.00012325669000132683, -0.012654290679416457, 0.31763590092966343], "PE": 0, "PG": 0, "PI": 0, "PS": 0, "PA": 0, "CL": 0, "SM": 0, "CHOL": [0.631799580235981, 1.3350654221299767, -10.577096933408065]}, "ALA-29-PROA": {"PC": [-0.001522801543823673, 0.10155270801747522, -0.43733811919048593], "PE": 0, "PG": 0, "PI": 0, "PS": 0, "PA": 0, "CL": 0, "SM": 0, "CHOL": 0}, "ILE-30-PROA": {"PC": [0.23859150843277752, -6.193835558914921, 40.9040327691122], "PE": 0, "PG": 0, "PI": 0, "PS": 0, "PA": 0, "CL": 0, "SM": 0, "CHOL": 0}, "ILE-31-PROA": {"PC": [6.869064324477932e-08, -0.00011301337730331261, 0.025769910429210716], "PE": 0, "PG": 0, "PI": 0, "PS": 0, "PA": 0, "CL": 0, "SM": 0, "CHOL": [5.309162412273807e-09, -2.1556918821595114e-05, 0.01538288313404241]}, "GLY-32-PROA": {"PC": [1.8578024923247533e-07, -0.0002147678612434969, 0.03469216335117143], "PE": 0, "PG": 0, "PI": 0, "PS": 0, "PA": 0, "CL": 0, "SM": 0, "CHOL": [2.956466723897574e-07, -0.00030241248043249165, 0.04782056434645824]}, "LEU-33-PROA": {"PC": [1.9999156720104356e-07, -0.00023304564232268262, 0.04092023571031864], "PE": 0, "PG": 0, "PI": 0, "PS": 0, "PA": 0, "CL": 0, "SM": 0, "CHOL": [9.037373963135459e-07, -0.0005753540334543367, 0.05952656737784105]}, "MET-34-PROA": {"PC": [2.6200670473045268e-08, -6.376317112569585e-05, 0.020523995559785874], "PE": 0, "PG": 0, "PI": 0, "PS": 0, "PA": 0, "CL": 0, "SM": 0, "CHOL": [5.626254889464282e-07, -0.00048999330116593, 0.054033579155861024]}, "VAL-35-PROA": {"PC": [8.203053445596178e-08, -0.00015235341592703328, 0.02354505488428383], "PE": 0, "PG": 0, "PI": 0, "PS": 0, "PA": 0, "CL": 0, "SM": 0, "CHOL": [1.2029301310170194e-08, -3.264439606061888e-05, 0.013848659482877515]}, "GLY-36-PROA": {"PC": [2.0552986559661663e-07, -0.00018142608678174422, 0.03430603294542483], "PE": 0, "PG": 0, "PI": 0, "PS": 0, "PA": 0, "CL": 0, "SM": 0, "CHOL": [1.8956586963062395e-09, -1.0294449239196546e-05, 0.0055309853907541]}, "GLY-37-PROA": {"PC": [0.0001624578033350259, -0.019751575361237707, 0.36407955124191355], "PE": 0, "PG": 0, "PI": 0, "PS": 0, "PA": 0, "CL": 0, "SM": 0, "CHOL": [3.4780844307922456e-09, -1.2668838158261264e-05, 0.008995642990613504]}, "VAL-38-PROA": {"PC": [0.0009778459808444562, -0.0610293498921619, 0.9026358820946223], "PE": 0, "PG": 0, "PI": 0, "PS": 0, "PA": 0, "CL": 0, "SM": 0, "CHOL": [1.5617325466472215e-08, -3.1513433368428174e-05, 0.012807991034515399]}, "VAL-39-PROA": {"PC": [7.217191305758203e-06, -0.0020720967772673827, 0.14052221797438025], "PE": 0, "PG": 0, "PI": 0, "PS": 0, "PA": 0, "CL": 0, "SM": 0, "CHOL": [6.561752301758858e-09, -1.7052361629220037e-05, 0.00767031705203026]}, "ILE-40-PROA": {"PC": [6.749819477609986e-07, -0.0005090630192716467, 0.06169688776516106], "PE": 0, "PG": 0, "PI": 0, "PS": 0, "PA": 0, "CL": 0, "SM": 0, "CHOL": [1.8580831525331563e-09, -9.385146012912076e-06, 0.007423913323523133]}, "ALA-71-PROB": {"PC": 0, "PE": 0, "PG": 0, "PI": 0, "PS": 0, "PA": 0, "CL": 0, "SM": 0, "CHOL": 0}, "ILE-72-PROB": {"PC": 0, "PE": 0, "PG": 0, "PI": 0, "PS": 0, "PA": 0, "CL": 0, "SM": 0, "CHOL": 0}, "ILE-73-PROB": {"PC": 0, "PE": 0, "PG": 0, "PI": 0, "PS": 0, "PA": 0, "CL": 0, "SM": 0, "CHOL": 0}, "GLY-74-PROB": {"PC": 0, "PE": 0, "PG": 0, "PI": 0, "PS": 0, "PA": 0, "CL": 0, "SM": 0, "CHOL": 0}, "LEU-75-PROB": {"PC": 0, "PE": 0, "PG": 0, "PI": 0, "PS": 0, "PA": 0, "CL": 0, "SM": 0, "CHOL": 0}, "MET-76-PROB": {"PC": 0, "PE": 0, "PG": 0, "PI": 0, "PS": 0, "PA": 0, "CL": 0, "SM": 0, "CHOL": 0}, "VAL-77-PROB": {"PC": 0, "PE": 0, "PG": 0, "PI": 0, "PS": 0, "PA": 0, "CL": 0, "SM": 0, "CHOL": 0}, "GLY-78-PROB": {"PC": 0, "PE": 0, "PG": 0, "PI": 0, "PS": 0, "PA": 0, "CL": 0, "SM": 0, "CHOL": 0}, "GLY-79-PROB": {"PC": 0, "PE": 0, "PG": 0, "PI": 0, "PS": 0, "PA": 0, "CL": 0, "SM": 0, "CHOL": 0}, "VAL-80-PROB": {"PC": 0, "PE": 0, "PG": 0, "PI": 0, "PS": 0, "PA": 0, "CL": 0, "SM": 0, "CHOL": 0}, "VAL-81-PROB": {"PC": 0, "PE": 0, "PG": 0, "PI": 0, "PS": 0, "PA": 0, "CL": 0, "SM": 0, "CHOL": 0}, "ILE-82-PROB": {"PC": 0, "PE": 0, "PG": 0, "PI": 0, "PS": 0, "PA": 0, "CL": 0, "SM": 0, "CHOL": 0}, "ALA-83-PROB": {"PC": 0, "PE": 0, "PG": 0, "PI": 0, "PS": 0, "PA": 0, "CL": 0, "SM": 0, "CHOL": 0}, "PHE-87-PROC": {"PC": 0, "PE": 0, "PG": 0, "PI": 0,