{"ARG-4-PROA": {"PC": [1.2357649998121691e-08, -3.708940355729182e-05, 0.014398282994880118], "PE": 0, "PG": 0, "PI": 0, "PS": 0, "PA": 0, "CL": 0, "SM": 0, "CHOL": 0, "OTHER": [1.307360656631985e-06, -0.0005956388965765934, 0.053070326070391756]}, "TYR-9-PROA": {"PC": [1.4362724205526077e-06, -0.000911095283528959, 0.07950465495283898], "PE": 0, "PG": 0, "PI": 0, "PS": 0, "PA": 0, "CL": 0, "SM": 0, "CHOL": 0, "OTHER": [0.00032783373309877296, -0.035200910366134125, 0.8906839728553627]}, "GLU-10-PROA": {"PC": [3.23119507347361e-08, -5.649195962036207e-05, 0.017122156967152816], "PE": 0, "PG": 0, "PI": 0, "PS": 0, "PA": 0, "CL": 0, "SM": 0, "CHOL": 0, "OTHER": [2.1418315621614972e-08, -6.0747869494213066e-05, 0.01997020192814714]}, "VAL-11-PROA": {"PC": [4.2095021698781486e-08, -0.00010684719712065479, 0.023453439190525793], "PE": 0, "PG": 0, "PI": 0, "PS": 0, "PA": 0, "CL": 0, "SM": 0, "CHOL": 0, "OTHER": [4.095259613406929, 3.958990009950819, -76.72773404944752]}, "HSD-12-PROA": {"PC": [3.829909261281681e-09, -1.7689208628409053e-05, 0.011840460810128128], "PE": 0, "PG": 0, "PI": 0, "PS": 0, "PA": 0, "CL": 0, "SM": 0, "CHOL": 0, "OTHER": [2.68074797257422e-09, -1.0918004187428844e-05, 0.0091367854282249]}, "HSD-13-PROA": {"PC": [7.97104054169739e-09, -4.0315369772038357e-05, 0.011093165360986588], "PE": 0, "PG": 0, "PI": 0, "PS": 0, "PA": 0, "CL": 0, "SM": 0, "CHOL": 0, "OTHER": [-0.02924591516876111, 0.5611024525976703, -1.5255640455926702]}, "GLN-14-PROA": {"PC": [2.4410441454381606e-07, -0.00023449349090180654, 0.035553969079418636], "PE": 0, "PG": 0, "PI": 0, "PS": 0, "PA": 0, "CL": 0, "SM": 0, "CHOL": 0, "OTHER": [1.8103518457344578e-06, -0.0010667789716642638, 0.09150390110661677]}, "LYS-15-PROA": {"PC": [1.388928252472308e-07, -0.0001538887961604099, 0.02368419881392263], "PE": 0, "PG": 0, "PI": 0, "PS": 0, "PA": 0, "CL": 0, "SM": 0, "CHOL": 0, "OTHER": 0}, "LEU-16-PROA": {"PC": [4.1627980730033286e-08, -8.594392021591773e-05, 0.020444614854894932], "PE": 0, "PG": 0, "PI": 0, "PS": 0, "PA": 0, "CL": 0, "SM": 0, "CHOL": 0, "OTHER": [-5.001333764859024e-06, -0.0009141514687547305, 0.14213435801228763]}, "VAL-17-PROA": {"PC": [1.8024096559209738e-07, -0.00021876934973640366, 0.030961327147632587], "PE": 0, "PG": 0, "PI": 0, "PS": 0, "PA": 0, "CL": 0, "SM": 0, "CHOL": 0, "OTHER": [0.00020408736940163874, -0.024494063935458533, 0.4264569663845688]}, "PHE-18-PROA": {"PC": [1.0827856742587854e-08, -4.030361303688509e-05, 0.010482233677430407], "PE": 0, "PG": 0, "PI": 0, "PS": 0, "PA": 0, "CL": 0, "SM": 0, "CHOL": 0, "OTHER": [3.064318394749729e-06, 0.0014670738811046835, -0.0026469078070748323]}, "PHE-19-PROA": {"PC": [4.561603402675161e-08, -7.696590033713077e-05, 0.021550925144078383], "PE": 0, "PG": 0, "PI": 0, "PS": 0, "PA": 0, "CL": 0, "SM": 0, "CHOL": 0, "OTHER": [0.0003233472092834055, 0.007091238267642424, -0.016850542373364797]}, "ALA-20-PROA": {"PC": [1.2950318623901864e-08, -4.1482338851085754e-05, 0.015266956212975311], "PE": 0, "PG": 0, "PI": 0, "PS": 0, "PA": 0, "CL": 0, "SM": 0, "CHOL": 0, "OTHER": 0}, "GLU-21-PROA": {"PC": [5.38246176583602e-08, -0.00011433358988042045, 0.0200912966278775], "PE": 0, "PG": 0, "PI": 0, "PS": 0, "PA": 0, "CL": 0, "SM": 0, "CHOL": 0, "OTHER": 0}, "ASP-22-PROA": {"PC": [1.1359221704365762e-07, -0.00015572488483116622, 0.02131544729132895], "PE": 0, "PG": 0, "PI": 0, "PS": 0, "PA": 0, "CL": 0, "SM": 0, "CHOL": 0, "OTHER": 0}, "VAL-23-PROA": {"PC": [7.001392568128431e-08, -0.0001531562586152342, 0.02203694545839766], "PE": 0, "PG": 0, "PI": 0, "PS": 0, "PA": 0, "CL": 0, "SM": 0, "CHOL": 0, "OTHER": 0}, "GLY-24-PROA": {"PC": [7.544541116661027e-09, -2.7231665994517077e-05, 0.01467160501303988], "PE": 0, "PG": 0, "PI": 0, "PS": 0, "PA": 0, "CL": 0, "SM": 0, "CHOL": 0, "OTHER": [0.010136379029822598, -0.380810799591827, 3.4487816691057747]}, "SER-25-PROA": {"PC": [2.3417027014875676e-07, -0.0003125935429737632, 0.040404519523459], "PE": 0, "PG": 0, "PI": 0, "PS": 0, "PA": 0, "CL": 0, "SM": 0, "CHOL": 0, "OTHER": [0.016693550666402632, -0.4177323566882077, 1.777136999790529]}, "ASN-26-PROA": {"PC": [4.846050914706889e-07, -0.0004093291755280795, 0.05113385743584286], "PE": 0, "PG": 0, "PI": 0, "PS": 0, "PA": 0, "CL": 0, "SM": 0, "CHOL": 0, "OTHER": 0}, "LYS-27-PROA": {"PC": [4.0783965356960937e-07, -0.00030722675918683706, 0.039381192503797034], "PE": 0, "PG": 0, "PI": 0, "PS": 0, "PA": 0, "CL": 0, "SM": 0, "CHOL": 0, "OTHER": 0}, "GLY-28-PROA": {"PC": [1.3482197641251463e-07, -0.0001371932018652628, 0.02806034743820929], "PE": 0, "PG": 0, "PI": 0, "PS": 0, "PA": 0, "CL": 0, "SM": 0, "CHOL": 0, "OTHER": 0}, "ALA-29-PROA": {"PC": [2.4522542264298893e-08, -4.544252180370087e-05, 0.017475174987540847], "PE": 0, "PG": 0, "PI": 0, "PS": 0, "PA": 0, "CL": 0, "SM": 0, "CHOL": 0, "OTHER": 0}, "ILE-30-PROA": {"PC": [7.0111383333801625e-06, -0.0021385733161405824, 0.09807368294912545], "PE": 0, "PG": 0, "PI": 0, "PS": 0, "PA": 0, "CL": 0, "SM": 0, "CHOL": 0, "OTHER": 0}, "ILE-31-PROA": {"PC": [1.7921715269790927e-08, -5.3208729545957184e-05, 0.016610684682331393], "PE": 0, "PG": 0, "PI": 0, "PS": 0, "PA": 0, "CL": 0, "SM": 0, "CHOL": 0, "OTHER": 0}, "GLY-32-PROA": {"PC": [1.5695139166899005e-08, -4.7545719542042376e-05, 0.012865888583248102], "PE": 0, "PG": 0, "PI": 0, "PS": 0, "PA": 0, "CL": 0, "SM": 0, "CHOL": 0, "OTHER": 0}, "LEU-33-PROA": {"PC": [2.8054533746072545e-07, -0.00026867509040277783, 0.03262594735723121], "PE": 0, "PG": 0, "PI": 0, "PS": 0, "PA": 0, "CL": 0, "SM": 0, "CHOL": 0, "OTHER": [1.385063960712438e-06, -0.000444938852266983, 0.0402270728904637]}, "MET-34-PROA": {"PC": [2.8897731566328046e-07, -0.0002763031824317922, 0.03920845247513326], "PE": 0, "PG": 0, "PI": 0, "PS": 0, "PA": 0, "CL": 0, "SM": 0, "CHOL": 0, "OTHER": [-3.606536275576261e-05, 0.006596711575637807, -0.05533900073428339]}, "VAL-35-PROA": {"PC": [8.184701708165366e-09, -2.9053376063889188e-05, 0.012700213410030152], "PE": 0, "PG": 0, "PI": 0, "PS": 0, "PA": 0, "CL": 0, "SM": 0, "CHOL": 0, "OTHER": [2.8650980691340668e-08, -5.044310300818146e-05, 0.016104285313841293]}, "GLY-36-PROA": {"PC": [2.4569136539069476e-09, -1.6327259259490657e-05, 0.008815161976950262], "PE": 0, "PG": 0, "PI": 0, "PS": 0, "PA": 0, "CL": 0, "SM": 0, "CHOL": 0, "OTHER": [-0.00034110829781799006, 0.02685919076304116, -0.0008361016903855372]}, "GLY-37-PROA": {"PC": [1.1376208598504124e-09, -6.681921124767355e-06, 0.006028967426419102], "PE": 0, "PG": 0, "PI": 0, "PS": 0, "PA": 0, "CL": 0, "SM": 0, "CHOL": 0, "OTHER": [2.9985628481813894e-06, -0.0016158760965721147, 0.17424152782733743]}, "VAL-38-PROA": {"PC": [7.265281495670666e-09, -2.1682407725658886e-05, 0.010617463284835595], "PE": 0, "PG": 0, "PI": 0, "PS": 0, "PA": 0, "CL": 0, "SM": 0, "CHOL": 0, "OTHER": [2.2073226257246117e-05, -0.003377466794133173, 0.10949398158041113]}, "VAL-39-PROA": {"PC": [1.1681978837676663e-09, -7.143909620615877e-06, 0.007184617143262891], "PE": 0, "PG": 0, "PI": 0, "PS": 0, "PA": 0, "CL": 0, "SM": 0, "CHOL": 0, "OTHER": [2.5638777151745274e-07, -0.00025297138515564756, 0.045262702325236305]}, "ILE-40-PROA": {"PC": [4.867363186407764e-07, -0.0004090268877988324, 0.05787947984113387], "PE": 0, "PG": 0, "PI": 0, "PS": 0, "PA": 0, "CL": 0, "SM": 0, "CHOL": 0, "OTHER": [-0.000756738883859265, 0.03031117836548188, 0.03984153447019424]}, "HSD-55-PROB": {"PC": 0, "PE": 0, "PG": 0, "PI": 0, "PS": 0, "PA": 0, "CL": 0, "SM": 0, "CHOL": 0, "OTHER": 0}, "LYS-57-PROB": {"PC": 0, "PE": 0, "PG": 0, "PI": 0, "PS": 0, "PA": 0, "CL": 0, "SM": 0, "CHOL": 0, "OTHER": 0}, "ALA-71-PROB": {"PC": 0, "PE": 0, "PG": 0, "PI": 0, "PS": 0, "PA": 0, "CL": 0, "SM": 0, "CHOL": 0, "OTHER": 0}, "ILE-72-PROB": {"PC": 0, "PE": 0, "PG": 0, "PI": 0, "PS": 0, "PA": 0, "CL": 0, "SM": 0, "CHOL": 0, "OTHER": 0}, "ILE-73-PROB": {"PC": 0, "PE": 0, "PG": 0, "PI": 0, "PS": 0, "PA": 0, "CL": 0, "SM": 0, "CHOL": 0, "OTHER": 0}, "GLY-74-PROB": {"PC": 0, "PE": 0, "PG": 0, "PI": 0, "PS": 0, "PA": 0, "CL": 0, "SM": 0,