{"TYR-9-PROA": {"PC": [1.85597554261937e-07, -0.00020562761462914226, 0.03213818442206655], "PE": 0, "PG": 0, "PI": 0, "PS": 0, "PA": 0, "CL": 0, "SM": 0, "CHOL": [0.002284931542731703, -0.1297912414791141, 1.5763234490500508]}, "GLU-10-PROA": {"PC": [3.893806630787895e-08, -8.269920753819579e-05, 0.02285251354027759], "PE": 0, "PG": 0, "PI": 0, "PS": 0, "PA": 0, "CL": 0, "SM": 0, "CHOL": [6.542209110086468e-06, -0.0024843742719289504, 0.1438101162234122]}, "VAL-11-PROA": {"PC": [7.1945887897034045e-06, -0.001236421448744863, 0.07520871120674234], "PE": 0, "PG": 0, "PI": 0, "PS": 0, "PA": 0, "CL": 0, "SM": 0, "CHOL": [0.2567759436019094, -3.219183735522166, 10.599489349174839]}, "HSD-12-PROA": {"PC": [2.0158990273483485e-09, -1.0590883309307583e-05, 0.008920983717785646], "PE": 0, "PG": 0, "PI": 0, "PS": 0, "PA": 0, "CL": 0, "SM": 0, "CHOL": [1.8048668826260866e-08, -4.1848387205729966e-05, 0.018293203058065685]}, "HSD-13-PROA": {"PC": [3.182110916780577e-06, -0.0012043680564871172, 0.07048051026041212], "PE": 0, "PG": 0, "PI": 0, "PS": 0, "PA": 0, "CL": 0, "SM": 0, "CHOL": [3.49282553385051e-05, -0.005740742170151712, 0.17925077871341857]}, "GLN-14-PROA": {"PC": [8.380406004805357e-07, -0.0005172875639222692, 0.05331052902758896], "PE": 0, "PG": 0, "PI": 0, "PS": 0, "PA": 0, "CL": 0, "SM": 0, "CHOL": [9.822653462141509e-07, -0.00030559660566524196, 0.01840359090197056]}, "LYS-15-PROA": {"PC": [1.2379319509001593e-07, -0.00018602072211520206, 0.025550813489672974], "PE": 0, "PG": 0, "PI": 0, "PS": 0, "PA": 0, "CL": 0, "SM": 0, "CHOL": [2.9055374439845276e-07, -0.00030635975505402535, 0.054828394794258516]}, "LEU-16-PROA": {"PC": [2.3268973894828908e-08, -6.492825002994797e-05, 0.017043627733604804], "PE": 0, "PG": 0, "PI": 0, "PS": 0, "PA": 0, "CL": 0, "SM": 0, "CHOL": [1.580886137107322e-05, -0.004042747984806372, 0.13839223446768179]}, "VAL-17-PROA": {"PC": [1.9581449590142316e-07, -0.0001990296984338478, 0.02742987742183306], "PE": 0, "PG": 0, "PI": 0, "PS": 0, "PA": 0, "CL": 0, "SM": 0, "CHOL": [1.7384964432074684e-08, -4.813020533675803e-05, 0.019178512592558813]}, "PHE-18-PROA": {"PC": [6.157278928618958e-08, -0.0001096029514628738, 0.019519410529709336], "PE": 0, "PG": 0, "PI": 0, "PS": 0, "PA": 0, "CL": 0, "SM": 0, "CHOL": [7.805353175201029e-08, -0.0001149574976286948, 0.027898742248881083]}, "PHE-19-PROA": {"PC": [7.992261297996585e-08, -0.00013055823985391396, 0.029074970081931332], "PE": 0, "PG": 0, "PI": 0, "PS": 0, "PA": 0, "CL": 0, "SM": 0, "CHOL": [1.1614151539461282e-08, -3.333386892017145e-05, 0.014127397071931724]}, "ALA-20-PROA": {"PC": [-1.2259022923517353e-06, 0.0004074869554652877, 0.026777151783132398], "PE": 0, "PG": 0, "PI": 0, "PS": 0, "PA": 0, "CL": 0, "SM": 0, "CHOL": [3.151279957400347e-09, -1.0728435887876437e-05, 0.006756040702268778]}, "GLU-21-PROA": {"PC": [6.458067878484799e-07, -0.0004524742139146162, 0.04498983024715617], "PE": 0, "PG": 0, "PI": 0, "PS": 0, "PA": 0, "CL": 0, "SM": 0, "CHOL": [0.0001367027696927001, -0.013696623314273945, 0.26861728681940866]}, "ASP-22-PROA": {"PC": [9.347422560941229e-07, -0.0006074334883753465, 0.04763665805872998], "PE": 0, "PG": 0, "PI": 0, "PS": 0, "PA": 0, "CL": 0, "SM": 0, "CHOL": [3.5290245100797513e-06, -0.001094343907013829, 0.06198899609283401]}, "VAL-23-PROA": {"PC": [2.2387092093679214e-05, -0.004016190867009314, 0.12901069266409082], "PE": 0, "PG": 0, "PI": 0, "PS": 0, "PA": 0, "CL": 0, "SM": 0, "CHOL": 0}, "GLY-24-PROA": {"PC": [4.2637196298886464e-07, -0.00033336122260016623, 0.04375931556681145], "PE": 0, "PG": 0, "PI": 0, "PS": 0, "PA": 0, "CL": 0, "SM": 0, "CHOL": [1.036477799682031, 4.156275976724942, 16.66666666666702]}, "LYS-27-PROA": {"PC": [-0.005953112256769782, 0.10070017542845024, 0.24320127139828138], "PE": 0, "PG": 0, "PI": 0, "PS": 0, "PA": 0, "CL": 0, "SM": 0, "CHOL": 0}, "GLY-28-PROA": {"PC": [6.48813104542943e-05, -0.010036264033709797, 0.24278867618434102], "PE": 0, "PG": 0, "PI": 0, "PS": 0, "PA": 0, "CL": 0, "SM": 0, "CHOL": [-4.230253506900649e-05, 0.007918669104375088, -0.030699833097452795]}, "ALA-29-PROA": {"PC": [0.0034966331603265666, -0.14234978023757774, 1.1361921843014406], "PE": 0, "PG": 0, "PI": 0, "PS": 0, "PA": 0, "CL": 0, "SM": 0, "CHOL": [0.04183595333671345, -0.7813360335978886, 4.065570897045961]}, "ILE-30-PROA": {"PC": [1.3746493220328252e-05, -0.0024570277587821986, 0.09651153187502429], "PE": 0, "PG": 0, "PI": 0, "PS": 0, "PA": 0, "CL": 0, "SM": 0, "CHOL": 0}, "ILE-31-PROA": {"PC": [1.916929474852259e-08, -3.758693940795871e-05, 0.014224349731190545], "PE": 0, "PG": 0, "PI": 0, "PS": 0, "PA": 0, "CL": 0, "SM": 0, "CHOL": [6.769585356546218e-09, -2.1384390652847036e-05, 0.01023385824396097]}, "GLY-32-PROA": {"PC": [2.998440057533707e-08, -6.511227051374459e-05, 0.02394411920300098], "PE": 0, "PG": 0, "PI": 0, "PS": 0, "PA": 0, "CL": 0, "SM": 0, "CHOL": [-8.990709193827324e-11, -4.340740839400491e-07, 0.007059108464074909]}, "LEU-33-PROA": {"PC": [1.4412100357722522e-07, -0.00016485820229533794, 0.025740096671753202], "PE": 0, "PG": 0, "PI": 0, "PS": 0, "PA": 0, "CL": 0, "SM": 0, "CHOL": [-1.7769721552505694e-05, 0.002039899494418367, 0.04513569321654159]}, "MET-34-PROA": {"PC": [1.464118477462982e-07, -0.00014179636275000912, 0.02212961854990603], "PE": 0, "PG": 0, "PI": 0, "PS": 0, "PA": 0, "CL": 0, "SM": 0, "CHOL": [6.5647101739835756e-09, -2.723647636614397e-05, 0.011470724314802507]}, "VAL-35-PROA": {"PC": [4.432537650320207e-08, -9.689758241246636e-05, 0.01946463813679059], "PE": 0, "PG": 0, "PI": 0, "PS": 0, "PA": 0, "CL": 0, "SM": 0, "CHOL": [1.4247581630882785e-07, -0.00018681567690301997, 0.03952391123905669]}, "GLY-36-PROA": {"PC": [6.090846645073389e-07, -0.00046439885221438254, 0.049727562800367574], "PE": 0, "PG": 0, "PI": 0, "PS": 0, "PA": 0, "CL": 0, "SM": 0, "CHOL": [1.563220161070906e-09, -9.20983344223933e-06, 0.006872939398308096]}, "GLY-37-PROA": {"PC": [1.7030480998017288e-09, -9.117192444993099e-06, 0.007392466333510325], "PE": 0, "PG": 0, "PI": 0, "PS": 0, "PA": 0, "CL": 0, "SM": 0, "CHOL": [1.9296072536559222e-10, -9.680437785142279e-07, 0.0014885013325133018]}, "VAL-38-PROA": {"PC": [3.483215605111867e-08, -6.216865786498126e-05, 0.019682369192551324], "PE": 0, "PG": 0, "PI": 0, "PS": 0, "PA": 0, "CL": 0, "SM": 0, "CHOL": [2.8260838618890203e-05, -0.0042980542450302694, 0.11625584424914423]}, "VAL-39-PROA": {"PC": [1.4751299336244953e-09, -9.752300670820243e-06, 0.009107615353689483], "PE": 0, "PG": 0, "PI": 0, "PS": 0, "PA": 0, "CL": 0, "SM": 0, "CHOL": [4.525758513778619e-07, -0.00023811814437898847, 0.028115175893808096]}, "ILE-40-PROA": {"PC": [3.21139152049895e-05, -0.007202310955381943, 0.22549128794227255], "PE": 0, "PG": 0, "PI": 0, "PS": 0, "PA": 0, "CL": 0, "SM": 0, "CHOL": 0}, "GLN-56-PROB": {"PC": 0, "PE": 0, "PG": 0, "PI": 0, "PS": 0, "PA": 0, "CL": 0, "SM": 0, "CHOL": 0}, "LYS-57-PROB": {"PC": 0, "PE": 0, "PG": 0, "PI": 0, "PS": 0, "PA": 0, "CL": 0, "SM": 0, "CHOL": 0}, "LEU-58-PROB": {"PC": 0, "PE": 0, "PG": 0, "PI": 0, "PS": 0, "PA": 0, "CL": 0, "SM": 0, "CHOL": 0}, "VAL-59-PROB": {"PC": 0, "PE": 0, "PG": 0, "PI": 0, "PS": 0, "PA": 0, "CL": 0, "SM": 0, "CHOL": 0}, "PHE-60-PROB": {"PC": 0, "PE": 0, "PG": 0, "PI": 0, "PS": 0, "PA": 0, "CL": 0, "SM": 0, "CHOL": 0}, "PHE-61-PROB": {"PC": 0, "PE": 0, "PG": 0, "PI": 0, "PS": 0, "PA": 0, "CL": 0, "SM": 0, "CHOL": 0}, "ALA-62-PROB": {"PC": 0, "PE": 0, "PG": 0, "PI": 0, "PS": 0, "PA": 0, "CL": 0, "SM": 0, "CHOL": 0}, "ALA-71-PROB": {"PC": 0, "PE": 0, "PG": 0, "PI": 0, "PS": 0, "PA": 0, "CL": 0, "SM": 0, "CHOL": 0}, "ILE-72-PROB": {"PC": 0, "PE": 0, "PG": 0, "PI": 0, "PS": 0, "PA": 0, "CL": 0, "SM": 0, "CHOL": 0}, "ILE-73-PROB": {"PC": 0, "PE": 0, "PG": 0, "PI": 0, "PS": 0, "PA": 0, "CL": 0, "SM": 0, "CHOL": 0}, "GLY-74-PROB": {"PC": 0, "PE": 0, "PG": 0, "PI": 0, "PS": 0, "PA": 0, "CL": 0, "SM": 0, "CHOL": 0}, "LEU-75-PROB": {"PC": 0, "PE": 0, "PG": 0, "PI": 0, "PS": 0, "PA": 0, "CL": 0, "SM": 0, "CHOL": 0}, "MET-76-PROB": {"PC": 0, "PE": 0,