{"ASP-0-PROA": {"PC": 0, "PE": 0, "PG": 0, "PI": 0, "PS": 0, "PA": 0, "CL": 0, "SM": 0, "CHOL": 0}, "PHE-3-PROA": {"PC": [1.4270124663714364e-06, -0.0011689764781912088, 0.0726795963025154], "PE": 0, "PG": 0, "PI": 0, "PS": 0, "PA": 0, "CL": 0, "SM": 0, "CHOL": 0}, "ARG-4-PROA": {"PC": [6.246675363493231e-07, -0.0005848530212173275, 0.05964978412311511], "PE": 0, "PG": 0, "PI": 0, "PS": 0, "PA": 0, "CL": 0, "SM": 0, "CHOL": [-4.054548258372329e-05, 0.006896607860232446, 0.09057378691648144]}, "TYR-9-PROA": {"PC": [0.00039780188238503053, -0.01436341684379425, 0.12713166208617271], "PE": 0, "PG": 0, "PI": 0, "PS": 0, "PA": 0, "CL": 0, "SM": 0, "CHOL": 0}, "GLU-10-PROA": {"PC": [6.147643033334666e-09, -1.8875032525298747e-05, 0.008166010123799224], "PE": 0, "PG": 0, "PI": 0, "PS": 0, "PA": 0, "CL": 0, "SM": 0, "CHOL": [0.002600025745394721, -0.12568063269255503, 1.4822204669965688]}, "VAL-11-PROA": {"PC": [9.810512179566978e-06, -0.0019718050195415256, 0.11484128344307185], "PE": 0, "PG": 0, "PI": 0, "PS": 0, "PA": 0, "CL": 0, "SM": 0, "CHOL": [0.901914650571999, -57.06954460982334, 901.4610122244302]}, "HSD-12-PROA": {"PC": [1.3312115563368926e-08, -4.3637889436007046e-05, 0.013630172429762746], "PE": 0, "PG": 0, "PI": 0, "PS": 0, "PA": 0, "CL": 0, "SM": 0, "CHOL": [0.24857000194253384, -2.8187097669720576, 8.414654799445932]}, "HSD-13-PROA": {"PC": [8.589642870974836e-06, -0.0030709348240463615, 0.1161537561140983], "PE": 0, "PG": 0, "PI": 0, "PS": 0, "PA": 0, "CL": 0, "SM": 0, "CHOL": [3.727438919119184e-08, -8.665946184915649e-05, 0.02006420051857779]}, "GLN-14-PROA": {"PC": [3.892730895893378e-08, -0.00011030160568889829, 0.019016885558583885], "PE": 0, "PG": 0, "PI": 0, "PS": 0, "PA": 0, "CL": 0, "SM": 0, "CHOL": [5.501305586596487e-05, -0.006031123485500179, 0.13385910538506862]}, "LYS-15-PROA": {"PC": [1.3285758417037283e-07, -0.00016617306405600048, 0.028067807663693524], "PE": 0, "PG": 0, "PI": 0, "PS": 0, "PA": 0, "CL": 0, "SM": 0, "CHOL": [1.1060437903592877e-08, -3.531696287429305e-05, 0.020798211655467434]}, "LEU-16-PROA": {"PC": [1.48830942556575e-07, -0.00022292662211682222, 0.026275198986488012], "PE": 0, "PG": 0, "PI": 0, "PS": 0, "PA": 0, "CL": 0, "SM": 0, "CHOL": [2.3206386262422507e-05, -0.004391049639779152, 0.12865286676850535]}, "VAL-17-PROA": {"PC": [8.983301564851261e-08, -0.0001273010098204933, 0.026104818036549342], "PE": 0, "PG": 0, "PI": 0, "PS": 0, "PA": 0, "CL": 0, "SM": 0, "CHOL": [-1.9035650690076615e-06, 0.0007607747027381005, 0.011464309589176698]}, "PHE-18-PROA": {"PC": [3.193082703730266e-08, -6.058120386983873e-05, 0.016116280611630555], "PE": 0, "PG": 0, "PI": 0, "PS": 0, "PA": 0, "CL": 0, "SM": 0, "CHOL": [-6.858958374850967e-07, 0.00038588712599785707, 0.008757909480495629]}, "PHE-19-PROA": {"PC": [2.701916290340198e-07, -0.00027149422128253673, 0.03438577743265229], "PE": 0, "PG": 0, "PI": 0, "PS": 0, "PA": 0, "CL": 0, "SM": 0, "CHOL": [9.396424380455159e-07, -0.0005198798765399001, 0.049093952060297666]}, "ALA-20-PROA": {"PC": [6.2033958055091e-08, -9.78568733819642e-05, 0.02054854220834019], "PE": 0, "PG": 0, "PI": 0, "PS": 0, "PA": 0, "CL": 0, "SM": 0, "CHOL": [1.293334642565477e-06, -0.0008145924056242665, 0.06865389556372627]}, "VAL-23-PROA": {"PC": [9.920744453309889e-08, -0.00012264786267982678, 0.036957627439470564], "PE": 0, "PG": 0, "PI": 0, "PS": 0, "PA": 0, "CL": 0, "SM": 0, "CHOL": 0}, "ALA-29-PROA": {"PC": [3.7881056035883845e-05, -0.007750256439433562, 0.23576456642973634], "PE": 0, "PG": 0, "PI": 0, "PS": 0, "PA": 0, "CL": 0, "SM": 0, "CHOL": [-3.4468574142072206, 3.2988842377017673, 194.9716882315446]}, "ILE-30-PROA": {"PC": [7.126781111507126e-05, -0.0117910531913833, 0.39339865407550106], "PE": 0, "PG": 0, "PI": 0, "PS": 0, "PA": 0, "CL": 0, "SM": 0, "CHOL": 0}, "ILE-31-PROA": {"PC": [4.695629406148852e-08, -9.544869867952453e-05, 0.025326614807163413], "PE": 0, "PG": 0, "PI": 0, "PS": 0, "PA": 0, "CL": 0, "SM": 0, "CHOL": [1.3217494724313428e-09, -7.298204188891506e-06, 0.010137427102693658]}, "GLY-32-PROA": {"PC": [1.0885065125434759e-08, -2.6029755886140316e-05, 0.013239078594703748], "PE": 0, "PG": 0, "PI": 0, "PS": 0, "PA": 0, "CL": 0, "SM": 0, "CHOL": [0.00021905964732500915, -0.02481335372007929, 0.5667420717490669]}, "LEU-33-PROA": {"PC": [4.105079576009905e-06, -0.0015347995580618802, 0.0711371647560795], "PE": 0, "PG": 0, "PI": 0, "PS": 0, "PA": 0, "CL": 0, "SM": 0, "CHOL": [2.3459381025100535e-08, -5.579311963925146e-05, 0.02512556730941781]}, "MET-34-PROA": {"PC": [1.2167992687279568e-07, -0.0001503832356427522, 0.029167870061235], "PE": 0, "PG": 0, "PI": 0, "PS": 0, "PA": 0, "CL": 0, "SM": 0, "CHOL": [1.4581691538446653e-07, -0.0001077599786525254, 0.023933506793482773]}, "VAL-35-PROA": {"PC": [2.0107708394982147e-08, -5.7661845307437575e-05, 0.012437129388408455], "PE": 0, "PG": 0, "PI": 0, "PS": 0, "PA": 0, "CL": 0, "SM": 0, "CHOL": [6.37664755653566e-06, -0.0017391852258804878, 0.08880351385432542]}, "GLY-36-PROA": {"PC": [-3.7277478494011034e-07, 7.591586843885114e-05, 0.020932282102607103], "PE": 0, "PG": 0, "PI": 0, "PS": 0, "PA": 0, "CL": 0, "SM": 0, "CHOL": [3.717457535568314e-09, -7.598207435118323e-06, 0.0036301229194039917]}, "GLY-37-PROA": {"PC": [1.0811483672494907e-08, -3.0147543144959684e-05, 0.011046802728333773], "PE": 0, "PG": 0, "PI": 0, "PS": 0, "PA": 0, "CL": 0, "SM": 0, "CHOL": [2.4001712071843634e-07, -0.00020510171526411913, 0.02577625458142673]}, "VAL-38-PROA": {"PC": [9.3847581663951e-08, -0.00010792743472878098, 0.021040480446814766], "PE": 0, "PG": 0, "PI": 0, "PS": 0, "PA": 0, "CL": 0, "SM": 0, "CHOL": [6.972559017700431e-07, -0.0003825374160066919, 0.033295292547126716]}, "VAL-39-PROA": {"PC": [2.8233803755893835e-09, -1.107120640776398e-05, 0.01003139957408878], "PE": 0, "PG": 0, "PI": 0, "PS": 0, "PA": 0, "CL": 0, "SM": 0, "CHOL": [3.658373465867161e-06, -0.0015224753672742068, 0.10835140467992267]}, "ILE-40-PROA": {"PC": [4.560404992383745e-06, -0.0056226257273862485, 0.27153230209276247], "PE": 0, "PG": 0, "PI": 0, "PS": 0, "PA": 0, "CL": 0, "SM": 0, "CHOL": [2.7171928027457477e-07, -0.0001835546193759495, 0.020529948388950118]}, "TYR-51-PROB": {"PC": 0, "PE": 0, "PG": 0, "PI": 0, "PS": 0, "PA": 0, "CL": 0, "SM": 0, "CHOL": 0}, "ALA-71-PROB": {"PC": 0, "PE": 0, "PG": 0, "PI": 0, "PS": 0, "PA": 0, "CL": 0, "SM": 0, "CHOL": 0}, "ILE-72-PROB": {"PC": 0, "PE": 0, "PG": 0, "PI": 0, "PS": 0, "PA": 0, "CL": 0, "SM": 0, "CHOL": 0}, "ILE-73-PROB": {"PC": 0, "PE": 0, "PG": 0, "PI": 0, "PS": 0, "PA": 0, "CL": 0, "SM": 0, "CHOL": 0}, "GLY-74-PROB": {"PC": 0, "PE": 0, "PG": 0, "PI": 0, "PS": 0, "PA": 0, "CL": 0, "SM": 0, "CHOL": 0}, "LEU-75-PROB": {"PC": 0, "PE": 0, "PG": 0, "PI": 0, "PS": 0, "PA": 0, "CL": 0, "SM": 0, "CHOL": 0}, "MET-76-PROB": {"PC": 0, "PE": 0, "PG": 0, "PI": 0, "PS": 0, "PA": 0, "CL": 0, "SM": 0, "CHOL": 0}, "VAL-77-PROB": {"PC": 0, "PE": 0, "PG": 0, "PI": 0, "PS": 0, "PA": 0, "CL": 0, "SM": 0, "CHOL": 0}, "GLY-78-PROB": {"PC": 0, "PE": 0, "PG": 0, "PI": 0, "PS": 0, "PA": 0, "CL": 0, "SM": 0, "CHOL": 0}, "GLY-79-PROB": {"PC": 0, "PE": 0, "PG": 0, "PI": 0, "PS": 0, "PA": 0, "CL": 0, "SM": 0, "CHOL": 0}, "VAL-80-PROB": {"PC": 0, "PE": 0, "PG": 0, "PI": 0, "PS": 0, "PA": 0, "CL": 0, "SM": 0, "CHOL": 0}, "VAL-81-PROB": {"PC": 0, "PE": 0, "PG": 0, "PI": 0, "PS": 0, "PA": 0, "CL": 0, "SM": 0, "CHOL": 0}, "ILE-82-PROB": {"PC": 0, "PE": 0, "PG": 0, "PI": 0, "PS": 0, "PA": 0, "CL": 0, "SM": 0, "CHOL": 0}, "ALA-85-PROC": {"PC": 0, "PE": 0, "PG": 0, "PI": 0, "PS": 0, "PA": 0, "CL": 0, "SM": 0, "CHOL": 0}, "PHE-87-PROC": {"PC": 0, "PE": 0, "PG": 0, "PI": 0, "PS": 0, "PA": 0, "CL": 0, "SM": 0, "CHOL": 0}, "TYR-93-PROC": {"PC": 0, "PE": 0, "PG": 0, "PI": 0, "PS": 0, "PA": 0, "CL": 0, "SM": 0, "CHOL": 0}, "GLU-94-PROC": {"PC": 0, "PE": 0, "PG": 0, "PI": 0, "PS": 0, "PA": 0, "CL": 0, "SM": 0, "CHOL": 0}, "VAL-95-PROC": {"PC": 0, "PE": 0, "PG": 0, "PI": 0, "PS": 0, "PA": 0, "CL": 0, "SM": 0, "CHOL": 0}, "HSD-96-PROC": {"PC": 0, "PE": 0, "PG": 0,