{"GLY-8-PROA": {"PC": [1.4600489441954707e-08, -4.189688615448447e-05, 0.015286733050904581], "PE": 0, "PG": 0, "PI": 0, "PS": 0, "PA": 0, "CL": 0, "SM": 0, "CHOL": 0, "OTHER": 0}, "TYR-9-PROA": {"PC": [8.586779458539286e-09, -3.0430374011211692e-05, 0.014062765625116741], "PE": 0, "PG": 0, "PI": 0, "PS": 0, "PA": 0, "CL": 0, "SM": 0, "CHOL": 0, "OTHER": [1.0024733384526048, -10.623300802315313, 28.621357012838715]}, "GLU-10-PROA": {"PC": [2.348685452779774e-09, -1.3922197021923419e-05, 0.007802059637135746], "PE": 0, "PG": 0, "PI": 0, "PS": 0, "PA": 0, "CL": 0, "SM": 0, "CHOL": 0, "OTHER": [5.128066767588107e-07, -0.0003530460377430471, 0.0419739298306675]}, "VAL-11-PROA": {"PC": [5.758093050243275e-08, -0.00011093402649318494, 0.025949318732746602], "PE": 0, "PG": 0, "PI": 0, "PS": 0, "PA": 0, "CL": 0, "SM": 0, "CHOL": 0, "OTHER": 0}, "HSD-12-PROA": {"PC": [1.8676087678246147e-09, -1.0824343332845334e-05, 0.0074098274848337555], "PE": 0, "PG": 0, "PI": 0, "PS": 0, "PA": 0, "CL": 0, "SM": 0, "CHOL": 0, "OTHER": 0}, "HSD-13-PROA": {"PC": [8.538677149901963e-09, -3.0606222374040505e-05, 0.01572026836453002], "PE": 0, "PG": 0, "PI": 0, "PS": 0, "PA": 0, "CL": 0, "SM": 0, "CHOL": 0, "OTHER": [6.6042402150177564e-09, -2.0437316159881472e-05, 0.01573735160527467]}, "GLN-14-PROA": {"PC": [5.101490662819933e-09, -2.112497973749565e-05, 0.011444924134794364], "PE": 0, "PG": 0, "PI": 0, "PS": 0, "PA": 0, "CL": 0, "SM": 0, "CHOL": 0, "OTHER": [7.625890264210692e-07, -0.00044226385963146505, 0.0418315807657977]}, "LYS-15-PROA": {"PC": [2.0529657844005333e-07, -0.00021628114511545066, 0.042645337231710906], "PE": 0, "PG": 0, "PI": 0, "PS": 0, "PA": 0, "CL": 0, "SM": 0, "CHOL": 0, "OTHER": [1.2620598151307524e-09, -8.433309548487751e-06, 0.00804721906680106]}, "LEU-16-PROA": {"PC": [1.5813502031442575e-07, -0.00021730469995553419, 0.024310205797187647], "PE": 0, "PG": 0, "PI": 0, "PS": 0, "PA": 0, "CL": 0, "SM": 0, "CHOL": 0, "OTHER": [2.375230376824573e-10, -2.7001016310564733e-06, 0.005476908779931499]}, "VAL-17-PROA": {"PC": [1.6730722991340885e-07, -0.00021483982997963494, 0.0330051291159581], "PE": 0, "PG": 0, "PI": 0, "PS": 0, "PA": 0, "CL": 0, "SM": 0, "CHOL": 0, "OTHER": [1.2324444326722625e-07, -0.00015944754085097558, 0.03176530372964362]}, "PHE-18-PROA": {"PC": [2.095289877563616e-07, -0.00025663890112968384, 0.03582663580368151], "PE": 0, "PG": 0, "PI": 0, "PS": 0, "PA": 0, "CL": 0, "SM": 0, "CHOL": 0, "OTHER": [2.5903015985271575e-09, -1.1692364858610446e-05, 0.01006333504378403]}, "PHE-19-PROA": {"PC": [1.6829402895572687e-08, -4.4756957865942464e-05, 0.014995718473275419], "PE": 0, "PG": 0, "PI": 0, "PS": 0, "PA": 0, "CL": 0, "SM": 0, "CHOL": 0, "OTHER": [1.0253964559003491e-06, -0.000708423314981616, 0.08191327980343596]}, "ALA-20-PROA": {"PC": [3.13437418486953e-08, -6.378131073377648e-05, 0.021528180110699232], "PE": 0, "PG": 0, "PI": 0, "PS": 0, "PA": 0, "CL": 0, "SM": 0, "CHOL": 0, "OTHER": [1.2371675150024704e-07, -0.0001420932205382732, 0.04015856355105132]}, "GLU-21-PROA": {"PC": [4.557064703180687e-06, -0.0014812888776817921, 0.08508053640910916], "PE": 0, "PG": 0, "PI": 0, "PS": 0, "PA": 0, "CL": 0, "SM": 0, "CHOL": 0, "OTHER": [0.0068142715488451995, -0.3246054921207873, 3.147644725572118]}, "ASP-22-PROA": {"PC": [1.797956759711041e-06, -0.0007498781882533537, 0.06388347074835374], "PE": 0, "PG": 0, "PI": 0, "PS": 0, "PA": 0, "CL": 0, "SM": 0, "CHOL": 0, "OTHER": [-0.10664534192070974, 1.4999216859913203, -1.2350896804234164]}, "VAL-23-PROA": {"PC": [1.312376654798002e-07, -0.00019149616071700588, 0.02971970342398612], "PE": 0, "PG": 0, "PI": 0, "PS": 0, "PA": 0, "CL": 0, "SM": 0, "CHOL": 0, "OTHER": 0}, "GLY-28-PROA": {"PC": [1.2076500610090095e-07, -0.00019543497946385122, 0.021952872196651083], "PE": 0, "PG": 0, "PI": 0, "PS": 0, "PA": 0, "CL": 0, "SM": 0, "CHOL": 0, "OTHER": [2.2103020883251622e-08, -3.531903141899018e-05, 0.014567525596545082]}, "ALA-29-PROA": {"PC": [5.586265016515518e-06, -0.00220664631576767, 0.10053186614437053], "PE": 0, "PG": 0, "PI": 0, "PS": 0, "PA": 0, "CL": 0, "SM": 0, "CHOL": 0, "OTHER": [7.59030728512278e-07, -0.0005328795160291139, 0.05387860479341471]}, "ILE-30-PROA": {"PC": [1.2308394076281118e-05, -0.0036375392662695823, 0.1975947074249008], "PE": 0, "PG": 0, "PI": 0, "PS": 0, "PA": 0, "CL": 0, "SM": 0, "CHOL": 0, "OTHER": [0.0010093061872053347, -0.03943981105104898, 0.3744270215958645]}, "ILE-31-PROA": {"PC": [4.4700896721299943e-08, -8.48371838822184e-05, 0.01636972972795126], "PE": 0, "PG": 0, "PI": 0, "PS": 0, "PA": 0, "CL": 0, "SM": 0, "CHOL": 0, "OTHER": [3.783539717525724e-08, -7.393745591431937e-05, 0.019035268920949047]}, "GLY-32-PROA": {"PC": [1.5545720161503033e-08, -3.9923431997890047e-05, 0.01694764427432701], "PE": 0, "PG": 0, "PI": 0, "PS": 0, "PA": 0, "CL": 0, "SM": 0, "CHOL": 0, "OTHER": [-0.0002869955986078455, 0.017885995068547735, -0.064647662085489]}, "LEU-33-PROA": {"PC": [1.760579868786836e-06, -0.0006104239981436103, 0.03983369091625379], "PE": 0, "PG": 0, "PI": 0, "PS": 0, "PA": 0, "CL": 0, "SM": 0, "CHOL": 0, "OTHER": [5.269275650368718e-09, -2.1720745847610014e-05, 0.00931432662015465]}, "MET-34-PROA": {"PC": [4.490997548734254e-08, -7.396375218114088e-05, 0.023061717554751518], "PE": 0, "PG": 0, "PI": 0, "PS": 0, "PA": 0, "CL": 0, "SM": 0, "CHOL": 0, "OTHER": [1.3427216758557042e-07, -0.00014946895418633255, 0.028276510069119038]}, "VAL-35-PROA": {"PC": [2.8806497451152518e-08, -6.481287298946514e-05, 0.019623665085574497], "PE": 0, "PG": 0, "PI": 0, "PS": 0, "PA": 0, "CL": 0, "SM": 0, "CHOL": 0, "OTHER": [2.3670760376992716e-08, -5.9790221999010106e-05, 0.021743362349456053]}, "GLY-36-PROA": {"PC": [3.6356790175818756e-10, -3.2724534000973876e-06, 0.005182189912871221], "PE": 0, "PG": 0, "PI": 0, "PS": 0, "PA": 0, "CL": 0, "SM": 0, "CHOL": 0, "OTHER": [1.4642019948764254e-08, -5.055555872471194e-05, 0.012114584941491549]}, "GLY-37-PROA": {"PC": [1.4717593751420223e-09, -6.600668556141862e-06, 0.005082124953397875], "PE": 0, "PG": 0, "PI": 0, "PS": 0, "PA": 0, "CL": 0, "SM": 0, "CHOL": 0, "OTHER": [7.719630469268634e-08, -8.141103469455011e-05, 0.014491856289760961]}, "VAL-38-PROA": {"PC": [1.301471517019694e-09, -4.747539902248834e-06, 0.0033618305359979653], "PE": 0, "PG": 0, "PI": 0, "PS": 0, "PA": 0, "CL": 0, "SM": 0, "CHOL": 0, "OTHER": [0.00084692032037167, -0.04319952448294606, 0.45883528240993904]}, "VAL-39-PROA": {"PC": [3.7289534078883755e-09, -1.938740359828556e-05, 0.010761568511261053], "PE": 0, "PG": 0, "PI": 0, "PS": 0, "PA": 0, "CL": 0, "SM": 0, "CHOL": 0, "OTHER": [0.00022204718967626513, -0.016049434777053836, 0.35855224230663774]}, "ILE-40-PROA": {"PC": [5.598881514104303e-08, -8.834571513961174e-05, 0.026228854622557], "PE": 0, "PG": 0, "PI": 0, "PS": 0, "PA": 0, "CL": 0, "SM": 0, "CHOL": 0, "OTHER": 0}, "ALA-41-PROA": {"PC": [4.7722412033009444e-08, -8.898681151194409e-05, 0.02415955336614489], "PE": 0, "PG": 0, "PI": 0, "PS": 0, "PA": 0, "CL": 0, "SM": 0, "CHOL": 0, "OTHER": [2.141409840616118e-08, -4.276993206445847e-05, 0.015736440509966296]}, "ALA-71-PROB": {"PC": 0, "PE": 0, "PG": 0, "PI": 0, "PS": 0, "PA": 0, "CL": 0, "SM": 0, "CHOL": 0, "OTHER": 0}, "ILE-72-PROB": {"PC": 0, "PE": 0, "PG": 0, "PI": 0, "PS": 0, "PA": 0, "CL": 0, "SM": 0, "CHOL": 0, "OTHER": 0}, "ILE-73-PROB": {"PC": 0, "PE": 0, "PG": 0, "PI": 0, "PS": 0, "PA": 0, "CL": 0, "SM": 0, "CHOL": 0, "OTHER": 0}, "GLY-74-PROB": {"PC": 0, "PE": 0, "PG": 0, "PI": 0, "PS": 0, "PA": 0, "CL": 0, "SM": 0, "CHOL": 0, "OTHER": 0}, "LEU-75-PROB": {"PC": 0, "PE": 0, "PG": 0, "PI": 0, "PS": 0, "PA": 0, "CL": 0, "SM": 0, "CHOL": 0, "OTHER": 0}, "MET-76-PROB": {"PC": 0, "PE": 0, "PG": 0, "PI": 0, "PS": 0, "PA": 0, "CL": 0, "SM": 0, "CHOL": 0, "OTHER": 0}, "VAL-77-PROB": {"PC": 0, "PE": 0, "PG": 0, "PI": 0, "PS": 0, "PA": 0, "CL": 0, "SM": 0, "CHOL": 0, "OTHER": 0}, "GLY-78-PROB": {"PC": 0, "PE": 0, "PG": 0, "PI": 0, "PS": 0, "PA": 0, "CL": 0, "SM": 0, "CHOL": 0, "OTHER": 0}, "GLY-79-PROB": {"PC": 0,