{"ARG-4-PROA": {"PC": [1.1903208941653631e-07, -0.00010664865642963047, 0.027487247076545228], "PE": 0, "PG": 0, "PI": 0, "PS": 0, "PA": 0, "CL": 0, "SM": 0, "CHOL": [2.7793892667793683e-07, -0.00026204075990503647, 0.045014593918141166]}, "SER-7-PROA": {"PC": [1.2871932954232143e-07, -0.00021347945365145747, 0.047148291390514185], "PE": 0, "PG": 0, "PI": 0, "PS": 0, "PA": 0, "CL": 0, "SM": 0, "CHOL": [5.004842555971064e-05, -0.004627870259480085, 0.056168661041359404]}, "GLY-8-PROA": {"PC": [6.279458818230811e-08, -9.227377888140345e-05, 0.028697741195934823], "PE": 0, "PG": 0, "PI": 0, "PS": 0, "PA": 0, "CL": 0, "SM": 0, "CHOL": [6.447394490261839e-07, -0.0004699672631773332, 0.06578958488713382]}, "TYR-9-PROA": {"PC": [1.0740170839936567e-06, -0.0002481262619209701, 0.027658292884641108], "PE": 0, "PG": 0, "PI": 0, "PS": 0, "PA": 0, "CL": 0, "SM": 0, "CHOL": [-0.0007316756544573939, 0.054399976895780966, -0.2354981793582402]}, "GLU-10-PROA": {"PC": [1.8994165027025666e-08, -5.6544788897713085e-05, 0.01804028900651726], "PE": 0, "PG": 0, "PI": 0, "PS": 0, "PA": 0, "CL": 0, "SM": 0, "CHOL": [2.5379611832451824e-07, -0.00021412634552660955, 0.03642709022352031]}, "VAL-11-PROA": {"PC": [2.6272786402981297e-07, -0.0002780310897521954, 0.045790639533122346], "PE": 0, "PG": 0, "PI": 0, "PS": 0, "PA": 0, "CL": 0, "SM": 0, "CHOL": [5.304424892061025e-07, -0.00020777169205476613, 0.01899982289280464]}, "HSD-12-PROA": {"PC": [8.105005090208708e-09, -2.921307062120095e-05, 0.012142387004261507], "PE": 0, "PG": 0, "PI": 0, "PS": 0, "PA": 0, "CL": 0, "SM": 0, "CHOL": [1.3537263185417407e-06, -0.0007694912354917781, 0.061524567178991914]}, "HSD-13-PROA": {"PC": [4.1510861875513754e-08, -8.568052178722017e-05, 0.022877472429829418], "PE": 0, "PG": 0, "PI": 0, "PS": 0, "PA": 0, "CL": 0, "SM": 0, "CHOL": [1.9954089534294137e-06, -0.0007542117307345756, 0.049574188697728276]}, "GLN-14-PROA": {"PC": [2.292609069469438e-09, -1.1043296479816965e-05, 0.007626706539328451], "PE": 0, "PG": 0, "PI": 0, "PS": 0, "PA": 0, "CL": 0, "SM": 0, "CHOL": [2.3724959790693513e-06, -0.001291624410620675, 0.09192763943010536]}, "LYS-15-PROA": {"PC": [1.291199430025594e-08, -3.1504697136119714e-05, 0.010455021305032836], "PE": 0, "PG": 0, "PI": 0, "PS": 0, "PA": 0, "CL": 0, "SM": 0, "CHOL": [4.884532025365509e-07, -0.0004696923886628815, 0.061798642199771464]}, "LEU-16-PROA": {"PC": [2.970425723191704e-09, -1.699566968555187e-05, 0.008609961817217493], "PE": 0, "PG": 0, "PI": 0, "PS": 0, "PA": 0, "CL": 0, "SM": 0, "CHOL": [5.731303021864898e-05, -0.004976077406511041, 0.09701938381789596]}, "VAL-17-PROA": {"PC": [2.2663943764631508e-09, -1.1507225997186507e-05, 0.008271842399994423], "PE": 0, "PG": 0, "PI": 0, "PS": 0, "PA": 0, "CL": 0, "SM": 0, "CHOL": [5.2381158518267685e-08, -9.322780171065063e-05, 0.023345373631313403]}, "PHE-18-PROA": {"PC": [7.43989265072778e-10, -5.661536621083649e-06, 0.008172660436068313], "PE": 0, "PG": 0, "PI": 0, "PS": 0, "PA": 0, "CL": 0, "SM": 0, "CHOL": [1.4891711325001498e-06, -0.0008893592939515783, 0.08643558569360839]}, "PHE-19-PROA": {"PC": [8.593583787075467e-08, -0.00014581975770881702, 0.029441479882384564], "PE": 0, "PG": 0, "PI": 0, "PS": 0, "PA": 0, "CL": 0, "SM": 0, "CHOL": [7.785370563729648e-08, -9.949842392723965e-05, 0.02025392114444413]}, "ALA-20-PROA": {"PC": [1.0783846494949325e-07, -0.00013624341022501333, 0.027086835233871103], "PE": 0, "PG": 0, "PI": 0, "PS": 0, "PA": 0, "CL": 0, "SM": 0, "CHOL": [3.8045215455424783e-06, -0.0023197684999875495, 0.10335551055263797]}, "GLU-21-PROA": {"PC": [2.3099951721198684e-07, -0.0002195489137205323, 0.024659288089579203], "PE": 0, "PG": 0, "PI": 0, "PS": 0, "PA": 0, "CL": 0, "SM": 0, "CHOL": [4.42715133973767e-06, -0.0014719798412383953, 0.09636780018378877]}, "ALA-29-PROA": {"PC": [4.269160078365463e-06, -0.002405961775110375, 0.11007118091800788], "PE": 0, "PG": 0, "PI": 0, "PS": 0, "PA": 0, "CL": 0, "SM": 0, "CHOL": [1.036477799682031, 4.156275976724942, 16.66666666666702]}, "ILE-30-PROA": {"PC": [5.726405143057216e-07, -0.0004400246276681609, 0.061856868318102], "PE": 0, "PG": 0, "PI": 0, "PS": 0, "PA": 0, "CL": 0, "SM": 0, "CHOL": [3.66212799625209e-05, -0.005845318536841599, 0.26718111037053666]}, "ILE-31-PROA": {"PC": [1.0808207949743428e-08, -1.901551529796124e-05, 0.006117615057591447], "PE": 0, "PG": 0, "PI": 0, "PS": 0, "PA": 0, "CL": 0, "SM": 0, "CHOL": 0}, "GLY-32-PROA": {"PC": [1.534637660505142e-08, -4.4126544237217464e-05, 0.018172931674643258], "PE": 0, "PG": 0, "PI": 0, "PS": 0, "PA": 0, "CL": 0, "SM": 0, "CHOL": [6.201654547868562e-08, -7.254507748312918e-05, 0.020535448582798377]}, "LEU-33-PROA": {"PC": [1.015998177359859e-09, -6.713687203779231e-06, 0.008942017234282887], "PE": 0, "PG": 0, "PI": 0, "PS": 0, "PA": 0, "CL": 0, "SM": 0, "CHOL": [7.238347307409049e-06, -0.0017103644528838012, 0.0761664636414251]}, "MET-34-PROA": {"PC": [5.581875759408851e-08, -9.738326036669129e-05, 0.021401330568699594], "PE": 0, "PG": 0, "PI": 0, "PS": 0, "PA": 0, "CL": 0, "SM": 0, "CHOL": [2.457812566744698e-07, -0.0002641500022618862, 0.0477046611832134]}, "VAL-35-PROA": {"PC": [1.550707782131629e-09, -1.0250520475935149e-05, 0.008645790073997576], "PE": 0, "PG": 0, "PI": 0, "PS": 0, "PA": 0, "CL": 0, "SM": 0, "CHOL": [0.00029889181881211606, -0.025957304532497203, 0.5523857819763485]}, "GLY-36-PROA": {"PC": [1.2048231778313391e-08, -3.214043406880764e-05, 0.01114184313658374], "PE": 0, "PG": 0, "PI": 0, "PS": 0, "PA": 0, "CL": 0, "SM": 0, "CHOL": [6.992285362791574e-07, -0.00048729030246722605, 0.049911137629029614]}, "GLY-37-PROA": {"PC": [3.83683797279345e-08, -8.207354073160291e-05, 0.020251126339322554], "PE": 0, "PG": 0, "PI": 0, "PS": 0, "PA": 0, "CL": 0, "SM": 0, "CHOL": [8.161192005489789e-06, -0.0018273743351173973, 0.08129358673287432]}, "VAL-38-PROA": {"PC": [5.751859494894903e-07, -0.00036760583132409725, 0.03980096615210176], "PE": 0, "PG": 0, "PI": 0, "PS": 0, "PA": 0, "CL": 0, "SM": 0, "CHOL": [4.494699798993318e-06, -0.0014419803482188466, 0.0852361618216953]}, "VAL-39-PROA": {"PC": [1.430541091319727e-07, -0.00020368348894901953, 0.030218624936644803], "PE": 0, "PG": 0, "PI": 0, "PS": 0, "PA": 0, "CL": 0, "SM": 0, "CHOL": [3.107924607466492e-07, -0.00023066847993142748, 0.029092831740848896]}, "ILE-40-PROA": {"PC": [2.770524188217591e-06, -0.0013140159904177886, 0.07476095829384213], "PE": 0, "PG": 0, "PI": 0, "PS": 0, "PA": 0, "CL": 0, "SM": 0, "CHOL": 0}, "ALA-41-PROA": {"PC": [1.2246378553066885e-06, -0.0007235920077833949, 0.06005587900791965], "PE": 0, "PG": 0, "PI": 0, "PS": 0, "PA": 0, "CL": 0, "SM": 0, "CHOL": [1.3359944061418254e-08, -3.5340844303239976e-05, 0.01124256349007838]}, "ASN-68-PROB": {"PC": 0, "PE": 0, "PG": 0, "PI": 0, "PS": 0, "PA": 0, "CL": 0, "SM": 0, "CHOL": 0}, "GLY-70-PROB": {"PC": 0, "PE": 0, "PG": 0, "PI": 0, "PS": 0, "PA": 0, "CL": 0, "SM": 0, "CHOL": 0}, "ALA-71-PROB": {"PC": 0, "PE": 0, "PG": 0, "PI": 0, "PS": 0, "PA": 0, "CL": 0, "SM": 0, "CHOL": 0}, "ILE-72-PROB": {"PC": 0, "PE": 0, "PG": 0, "PI": 0, "PS": 0, "PA": 0, "CL": 0, "SM": 0, "CHOL": 0}, "ILE-73-PROB": {"PC": 0, "PE": 0, "PG": 0, "PI": 0, "PS": 0, "PA": 0, "CL": 0, "SM": 0, "CHOL": 0}, "GLY-74-PROB": {"PC": 0, "PE": 0, "PG": 0, "PI": 0, "PS": 0, "PA": 0, "CL": 0, "SM": 0, "CHOL": 0}, "LEU-75-PROB": {"PC": 0, "PE": 0, "PG": 0, "PI": 0, "PS": 0, "PA": 0, "CL": 0, "SM": 0, "CHOL": 0}, "MET-76-PROB": {"PC": 0, "PE": 0, "PG": 0, "PI": 0, "PS": 0, "PA": 0, "CL": 0, "SM": 0, "CHOL": 0}, "VAL-77-PROB": {"PC": 0, "PE": 0, "PG": 0, "PI": 0, "PS": 0, "PA": 0, "CL": 0, "SM": 0, "CHOL": 0}, "GLY-78-PROB": {"PC": 0, "PE": 0, "PG": 0, "PI": 0, "PS": 0, "PA": 0, "CL": 0, "SM": 0, "CHOL": 0}, "GLY-79-PROB": {"PC": 0, "PE": 0, "PG": 0, "PI": 0, "PS": 0, "PA": 0, "CL": 0, "SM": 0, "CHOL": 0}, "VAL-80-PROB": {"PC": 0, "PE": 0, "PG": 0, "PI": 0, "PS": 0, "PA": 0, "CL": 0, "SM": 0, "CHOL": 0}, "VAL-81-PROB": {"PC": 0, "PE": 0, "PG": 0, "PI": 0, "PS": 0, "PA": 0, "CL": 0, "SM": 0, "CHOL": 0},