{"GLU-2-PROA": {"PC": [2.2726373018368255e-06, -0.0010133609572949031, 0.05881388947346713], "PE": 0, "PG": 0, "PI": 0, "PS": 0, "PA": 0, "CL": 0, "SM": 0, "CHOL": [0.00012048725667580141, -0.003837903168224128, 0.03906046220932978]}, "PHE-3-PROA": {"PC": [1.1655136451606391e-06, -0.0007608791183213592, 0.06502398303193953], "PE": 0, "PG": 0, "PI": 0, "PS": 0, "PA": 0, "CL": 0, "SM": 0, "CHOL": [0.00022038565560495604, -0.021837523816873705, 0.3573725586991509]}, "ARG-4-PROA": {"PC": [8.276559353953655e-09, -2.6790708177664764e-05, 0.015049249329845495], "PE": 0, "PG": 0, "PI": 0, "PS": 0, "PA": 0, "CL": 0, "SM": 0, "CHOL": [-6.573457389705354e-08, 3.431563645402754e-05, 0.015893702022037735]}, "HSD-5-PROA": {"PC": [7.65867661348009e-09, -2.8383051598000004e-05, 0.012752609277459434], "PE": 0, "PG": 0, "PI": 0, "PS": 0, "PA": 0, "CL": 0, "SM": 0, "CHOL": [3.9202337763401407e-07, -0.00028595365507213557, 0.036756753792614956]}, "ASP-6-PROA": {"PC": [1.6450410560183798e-06, -0.0009423196657126028, 0.056479730182383024], "PE": 0, "PG": 0, "PI": 0, "PS": 0, "PA": 0, "CL": 0, "SM": 0, "CHOL": [-1.3301738103081208e-05, 0.0007081479067001366, 0.10391320677140788]}, "SER-7-PROA": {"PC": [1.3486032684470323e-06, -0.0008184616582963961, 0.06409465017078593], "PE": 0, "PG": 0, "PI": 0, "PS": 0, "PA": 0, "CL": 0, "SM": 0, "CHOL": [1.2833416451729756e-06, -0.0006744250926187151, 0.05956064935302667]}, "GLY-8-PROA": {"PC": [2.1276668496405187e-08, -5.288637145921841e-05, 0.014306634063401777], "PE": 0, "PG": 0, "PI": 0, "PS": 0, "PA": 0, "CL": 0, "SM": 0, "CHOL": [1.7322102205714842e-06, -0.00065040904157317, 0.055292933558367854]}, "TYR-9-PROA": {"PC": [1.5181454235109745e-08, -3.806403286837728e-05, 0.01722227611602968], "PE": 0, "PG": 0, "PI": 0, "PS": 0, "PA": 0, "CL": 0, "SM": 0, "CHOL": [2.434270552757111e-05, -0.004795349238019583, 0.14397423520266714]}, "GLU-10-PROA": {"PC": [1.8182886812372152e-08, -4.8517537689116494e-05, 0.01698597614080533], "PE": 0, "PG": 0, "PI": 0, "PS": 0, "PA": 0, "CL": 0, "SM": 0, "CHOL": [8.218639811349984e-07, -0.0004997343012128097, 0.04016708325429927]}, "VAL-11-PROA": {"PC": [2.271483267428043e-06, -0.0010874793356322346, 0.0683361445328677], "PE": 0, "PG": 0, "PI": 0, "PS": 0, "PA": 0, "CL": 0, "SM": 0, "CHOL": [-0.008200574805384116, 0.3078356075084509, -1.5283729855595702]}, "HSD-12-PROA": {"PC": [-1.992690641644343e-09, 3.0898301384901092e-06, 0.006595018108489066], "PE": 0, "PG": 0, "PI": 0, "PS": 0, "PA": 0, "CL": 0, "SM": 0, "CHOL": [1.626285963307113e-08, -4.396501718192086e-05, 0.019246294040520837]}, "HSD-13-PROA": {"PC": [3.6069468882633373e-07, -0.00022464333094104804, 0.0250461377953936], "PE": 0, "PG": 0, "PI": 0, "PS": 0, "PA": 0, "CL": 0, "SM": 0, "CHOL": [1.5243092487741667e-07, -0.00015233872559904815, 0.024505315143074927]}, "GLN-14-PROA": {"PC": [1.2313880683718352e-05, -0.003155862730471967, 0.12801405833111307], "PE": 0, "PG": 0, "PI": 0, "PS": 0, "PA": 0, "CL": 0, "SM": 0, "CHOL": [6.263257531604329e-08, -8.862964395201603e-05, 0.017859930817505934]}, "LYS-15-PROA": {"PC": [1.7415307322246964e-08, -4.28864859925392e-05, 0.013054547552382893], "PE": 0, "PG": 0, "PI": 0, "PS": 0, "PA": 0, "CL": 0, "SM": 0, "CHOL": [6.259637712212863e-08, -0.00010430378552848494, 0.02778012202633399]}, "LEU-16-PROA": {"PC": [3.262321329930168e-08, -0.00011776385592145446, 0.016689334936584577], "PE": 0, "PG": 0, "PI": 0, "PS": 0, "PA": 0, "CL": 0, "SM": 0, "CHOL": [1.4128909671387508e-08, -2.568783417886694e-05, 0.01234144381885681]}, "VAL-17-PROA": {"PC": [2.934193834623795e-08, -5.474102611571525e-05, 0.014304198602202715], "PE": 0, "PG": 0, "PI": 0, "PS": 0, "PA": 0, "CL": 0, "SM": 0, "CHOL": [3.6443324011480454e-06, -0.001464006538584664, 0.0933745980891904]}, "PHE-18-PROA": {"PC": [1.665164071292629e-08, -5.461654657697503e-05, 0.015418550488733973], "PE": 0, "PG": 0, "PI": 0, "PS": 0, "PA": 0, "CL": 0, "SM": 0, "CHOL": [4.3818125716806766e-08, -8.294205528645772e-05, 0.020131514275306368]}, "PHE-19-PROA": {"PC": [8.050870375667365e-08, -0.00010720478714214434, 0.01979652321528824], "PE": 0, "PG": 0, "PI": 0, "PS": 0, "PA": 0, "CL": 0, "SM": 0, "CHOL": [5.5245134830197174e-08, -0.00010689850279685841, 0.02630844385835909]}, "ALA-20-PROA": {"PC": [1.1512294684907776e-07, -0.00019272178705856462, 0.032722518734301466], "PE": 0, "PG": 0, "PI": 0, "PS": 0, "PA": 0, "CL": 0, "SM": 0, "CHOL": [2.0428318417032663e-08, -4.140735395810567e-05, 0.013227664810193942]}, "GLU-21-PROA": {"PC": [7.179764178037449e-07, -0.0004931202856163636, 0.04278064892432158], "PE": 0, "PG": 0, "PI": 0, "PS": 0, "PA": 0, "CL": 0, "SM": 0, "CHOL": [8.628537881919207e-06, -0.0028108141682842715, 0.15131208884234545]}, "ASP-22-PROA": {"PC": [7.041822412649561e-06, -0.002214834723094639, 0.09692678409258111], "PE": 0, "PG": 0, "PI": 0, "PS": 0, "PA": 0, "CL": 0, "SM": 0, "CHOL": [1.442588797047872e-06, -0.0005673254379442503, 0.04949247254146578]}, "VAL-23-PROA": {"PC": [1.7312145474993896e-06, -0.001002625797066507, 0.07267732277568276], "PE": 0, "PG": 0, "PI": 0, "PS": 0, "PA": 0, "CL": 0, "SM": 0, "CHOL": [1.1825923799254881e-07, -0.00017494224345289793, 0.04703028746913375]}, "GLY-24-PROA": {"PC": [4.4574199351901e-09, -1.7124088764961826e-05, 0.010047237559169465], "PE": 0, "PG": 0, "PI": 0, "PS": 0, "PA": 0, "CL": 0, "SM": 0, "CHOL": [0.004695147754900065, -0.2276371723901322, 1.856301993640366]}, "SER-25-PROA": {"PC": [1.806471951959784e-07, -0.00019122167702639536, 0.025303465966763014], "PE": 0, "PG": 0, "PI": 0, "PS": 0, "PA": 0, "CL": 0, "SM": 0, "CHOL": [0.002533570677109418, -0.3003328586236333, 4.702350070404616]}, "LYS-27-PROA": {"PC": [2.3516001806231003e-05, -0.004973306876795561, 0.19085576787354466], "PE": 0, "PG": 0, "PI": 0, "PS": 0, "PA": 0, "CL": 0, "SM": 0, "CHOL": 0}, "GLY-28-PROA": {"PC": [2.233545700952151e-05, -0.004018524136195174, 0.11239251309256461], "PE": 0, "PG": 0, "PI": 0, "PS": 0, "PA": 0, "CL": 0, "SM": 0, "CHOL": [-0.06409666501238369, 1.3650299764695946, -4.356786276778344]}, "ALA-29-PROA": {"PC": [6.3542334751216675e-06, -0.0017313353878913788, 0.08796802245256351], "PE": 0, "PG": 0, "PI": 0, "PS": 0, "PA": 0, "CL": 0, "SM": 0, "CHOL": [1.258596046595376e-07, -0.00011038597153866455, 0.02099947871384351]}, "ILE-30-PROA": {"PC": [0.002120321281229698, -0.08923179766928135, 0.8841095088683225], "PE": 0, "PG": 0, "PI": 0, "PS": 0, "PA": 0, "CL": 0, "SM": 0, "CHOL": [1.3279943280331745e-05, -0.0035237412998393764, 0.15206125827418476]}, "ILE-31-PROA": {"PC": [2.2061834752118468e-08, -3.650877339044203e-05, 0.016124526077640818], "PE": 0, "PG": 0, "PI": 0, "PS": 0, "PA": 0, "CL": 0, "SM": 0, "CHOL": [1.3846807473663232e-08, -3.3075850179016425e-05, 0.014307308602403979]}, "GLY-32-PROA": {"PC": [1.8650733069700095e-08, -3.902601462268257e-05, 0.01585693044319068], "PE": 0, "PG": 0, "PI": 0, "PS": 0, "PA": 0, "CL": 0, "SM": 0, "CHOL": [1.4016519727528126e-05, -0.0020676888762156415, 0.06654135604458675]}, "LEU-33-PROA": {"PC": [1.1789168819748278e-08, -3.389458230099754e-05, 0.012406487108302717], "PE": 0, "PG": 0, "PI": 0, "PS": 0, "PA": 0, "CL": 0, "SM": 0, "CHOL": [4.907068825100736e-09, -2.003741151721721e-05, 0.014450233219936411]}, "MET-34-PROA": {"PC": [5.995787563627297e-08, -0.00010069583073671172, 0.023393340705652868], "PE": 0, "PG": 0, "PI": 0, "PS": 0, "PA": 0, "CL": 0, "SM": 0, "CHOL": [1.6654940995195555e-07, -0.00016995101573834663, 0.02494471538325527]}, "VAL-35-PROA": {"PC": [3.392181951158846e-08, -7.794718223703002e-05, 0.02193125463899192], "PE": 0, "PG": 0, "PI": 0, "PS": 0, "PA": 0, "CL": 0, "SM": 0, "CHOL": [1.4098318750418147e-09, 2.3432289012269476e-06, -0.0006209701085995473]}, "GLY-36-PROA": {"PC": [2.703633601069386e-08, -6.618900646270465e-05, 0.016712389847315115], "PE": 0, "PG": 0, "PI": 0, "PS": 0, "PA": 0, "CL": 0, "SM": 0, "CHOL": [4.209967237941421e-08, -7.691502524386222e-05, 0.031061790269286012]},