{"ALA-1-PROA": {"PC": [1.7148359699455172e-07, -0.00019934062174782618, 0.03454926191829171], "PE": 0, "PG": 0, "PI": 0, "PS": 0, "PA": 0, "CL": 0, "SM": 0, "CHOL": [0.00028368426912027926, -0.02080170047812709, 0.3169997842514238]}, "PHE-3-PROA": {"PC": [2.6696491265561725e-07, -0.00020037174846820703, 0.031481715643514534], "PE": 0, "PG": 0, "PI": 0, "PS": 0, "PA": 0, "CL": 0, "SM": 0, "CHOL": [5.788993147188705e-05, -0.007244636709828165, 0.2618333602835555]}, "ARG-4-PROA": {"PC": [1.1121773440116909e-08, -3.519936167314711e-05, 0.014873215929696267], "PE": 0, "PG": 0, "PI": 0, "PS": 0, "PA": 0, "CL": 0, "SM": 0, "CHOL": [3.876175168298061e-07, -0.00033700602853705737, 0.04137161736537606]}, "SER-7-PROA": {"PC": [3.451771658620923e-06, -0.0013342964143094383, 0.0830169583297211], "PE": 0, "PG": 0, "PI": 0, "PS": 0, "PA": 0, "CL": 0, "SM": 0, "CHOL": [5.626911442755414e-06, -0.0017429277247843374, 0.09966388385133026]}, "GLY-8-PROA": {"PC": [1.1493066549515479e-07, -0.00020157688279194208, 0.029248443104295085], "PE": 0, "PG": 0, "PI": 0, "PS": 0, "PA": 0, "CL": 0, "SM": 0, "CHOL": [3.434851137121941e-06, -0.0014756980412240393, 0.06691213212788348]}, "TYR-9-PROA": {"PC": [4.732560429325765e-07, -0.00039226369162223334, 0.05525474268306842], "PE": 0, "PG": 0, "PI": 0, "PS": 0, "PA": 0, "CL": 0, "SM": 0, "CHOL": 0}, "GLU-10-PROA": {"PC": [8.618104767681595e-09, -3.204281913434827e-05, 0.015185347755538996], "PE": 0, "PG": 0, "PI": 0, "PS": 0, "PA": 0, "CL": 0, "SM": 0, "CHOL": [2.2656455834556324e-06, -0.0008417089207639248, 0.05216139108111445]}, "VAL-11-PROA": {"PC": [1.4355703487901266e-05, -0.003898260688794118, 0.162754850225179], "PE": 0, "PG": 0, "PI": 0, "PS": 0, "PA": 0, "CL": 0, "SM": 0, "CHOL": [-0.033359658191175555, 0.9705807722812452, -3.9737114638748516]}, "HSD-12-PROA": {"PC": [8.56618458604457e-09, -3.29069254457418e-05, 0.012287479031238738], "PE": 0, "PG": 0, "PI": 0, "PS": 0, "PA": 0, "CL": 0, "SM": 0, "CHOL": [5.4633730614816016e-09, -1.2928017593516795e-05, 0.00645434490294007]}, "HSD-13-PROA": {"PC": [1.1510004201229261e-08, -4.5812246146629854e-05, 0.014289280895977356], "PE": 0, "PG": 0, "PI": 0, "PS": 0, "PA": 0, "CL": 0, "SM": 0, "CHOL": [0.00028108931815818984, -0.027914318555884304, 0.6342214168377346]}, "GLN-14-PROA": {"PC": [1.88312261707413e-06, -0.000890322454793351, 0.060173030428267174], "PE": 0, "PG": 0, "PI": 0, "PS": 0, "PA": 0, "CL": 0, "SM": 0, "CHOL": [8.789059508339928e-08, -0.00014716526189993066, 0.02883971152546388]}, "LYS-15-PROA": {"PC": [1.270041582787946e-08, -3.906248159467692e-05, 0.015193341337717329], "PE": 0, "PG": 0, "PI": 0, "PS": 0, "PA": 0, "CL": 0, "SM": 0, "CHOL": [1.7602630332799133e-07, -0.00022776692330200282, 0.032345971711254966]}, "LEU-16-PROA": {"PC": [2.169867517837191e-06, -0.0009227233307167467, 0.05338802804841341], "PE": 0, "PG": 0, "PI": 0, "PS": 0, "PA": 0, "CL": 0, "SM": 0, "CHOL": [1.634208674984425e-08, -3.7793484205550576e-05, 0.012013557449989914]}, "VAL-17-PROA": {"PC": [3.742306225041636e-07, -0.0003446757468411496, 0.043367841922598946], "PE": 0, "PG": 0, "PI": 0, "PS": 0, "PA": 0, "CL": 0, "SM": 0, "CHOL": [5.514523140391472e-09, -1.577367960771642e-05, 0.009743509604792094]}, "PHE-18-PROA": {"PC": [1.833032551984636e-08, -5.144154123742602e-05, 0.019034596042685297], "PE": 0, "PG": 0, "PI": 0, "PS": 0, "PA": 0, "CL": 0, "SM": 0, "CHOL": [7.786685135277631e-09, -2.2948139292501125e-05, 0.01271924862026932]}, "PHE-19-PROA": {"PC": [2.933845331281688e-08, -6.376930952291714e-05, 0.01998394876240628], "PE": 0, "PG": 0, "PI": 0, "PS": 0, "PA": 0, "CL": 0, "SM": 0, "CHOL": [2.950831432035442e-07, -0.0002594847184853004, 0.04490564630883138]}, "ALA-20-PROA": {"PC": [1.7085967330185445e-08, -5.410366464947459e-05, 0.01795472962902386], "PE": 0, "PG": 0, "PI": 0, "PS": 0, "PA": 0, "CL": 0, "SM": 0, "CHOL": [6.479086034973749e-08, -0.00011748936673071605, 0.021548827288046836]}, "GLU-21-PROA": {"PC": [3.2933138638492673e-06, -0.0014582198630736997, 0.09450404052714588], "PE": 0, "PG": 0, "PI": 0, "PS": 0, "PA": 0, "CL": 0, "SM": 0, "CHOL": [0.0001221061974454843, -0.022630661982163913, 0.40004388298319715]}, "ASP-22-PROA": {"PC": [5.630882936204848e-05, -0.008094881969422228, 0.18238018397410194], "PE": 0, "PG": 0, "PI": 0, "PS": 0, "PA": 0, "CL": 0, "SM": 0, "CHOL": [4.562925825604651e-05, -0.00807187863370278, 0.2537743581064312]}, "VAL-23-PROA": {"PC": [4.083040977095018e-06, -0.0019078053066747525, 0.08645309434180376], "PE": 0, "PG": 0, "PI": 0, "PS": 0, "PA": 0, "CL": 0, "SM": 0, "CHOL": [0.000517617526131809, -0.03797055486966583, 0.5373436085703674]}, "LYS-27-PROA": {"PC": [0.00020909949819880613, -0.0172020513739836, 0.3308420574173756], "PE": 0, "PG": 0, "PI": 0, "PS": 0, "PA": 0, "CL": 0, "SM": 0, "CHOL": 0}, "GLY-28-PROA": {"PC": [0.00010147977392478366, -0.012207141366430814, 0.235093607368138], "PE": 0, "PG": 0, "PI": 0, "PS": 0, "PA": 0, "CL": 0, "SM": 0, "CHOL": [0.00600805093848568, -0.26018160012525315, 2.3299852742883727]}, "ALA-29-PROA": {"PC": [-0.017190719177592143, 0.2969247025501533, -0.10868590684684831], "PE": 0, "PG": 0, "PI": 0, "PS": 0, "PA": 0, "CL": 0, "SM": 0, "CHOL": [0.023899848881319675, 0.21135344094490663, -1.2102972029580632]}, "ILE-30-PROA": {"PC": [1.828095246029078e-06, -0.0009126994207088987, 0.09011535992167495], "PE": 0, "PG": 0, "PI": 0, "PS": 0, "PA": 0, "CL": 0, "SM": 0, "CHOL": [0.3099497804457565, 0.9106695675156294, -16.601134053673043]}, "ILE-31-PROA": {"PC": [4.089285613796621e-07, -0.00042078929692370733, 0.045574622217672625], "PE": 0, "PG": 0, "PI": 0, "PS": 0, "PA": 0, "CL": 0, "SM": 0, "CHOL": [1.8856543089381023e-09, -7.692016222015288e-06, 0.00637098325398147]}, "GLY-32-PROA": {"PC": [6.2906745624232084e-09, -3.22103561241105e-05, 0.009636075188410314], "PE": 0, "PG": 0, "PI": 0, "PS": 0, "PA": 0, "CL": 0, "SM": 0, "CHOL": [1.9797787927026674e-06, -0.0008065702496713211, 0.06739847578819669]}, "LEU-33-PROA": {"PC": [3.735373138227699e-05, -0.005910913795043219, 0.1854966733709443], "PE": 0, "PG": 0, "PI": 0, "PS": 0, "PA": 0, "CL": 0, "SM": 0, "CHOL": [5.094285410052263e-08, -6.01843111274677e-05, 0.014983186773718493]}, "MET-34-PROA": {"PC": [1.6562423194537775e-08, -4.56261982655218e-05, 0.01780075012018761], "PE": 0, "PG": 0, "PI": 0, "PS": 0, "PA": 0, "CL": 0, "SM": 0, "CHOL": [1.2573495612573933e-06, -0.0005948963683234487, 0.04584080948741646]}, "VAL-35-PROA": {"PC": [5.1180799571933215e-08, -9.524481187536495e-05, 0.025988866053073986], "PE": 0, "PG": 0, "PI": 0, "PS": 0, "PA": 0, "CL": 0, "SM": 0, "CHOL": [1.6957426930704e-08, -4.1677916727233994e-05, 0.015035195900233339]}, "GLY-36-PROA": {"PC": [3.740258220725961e-09, -2.4857410905875453e-05, 0.009463424135059056], "PE": 0, "PG": 0, "PI": 0, "PS": 0, "PA": 0, "CL": 0, "SM": 0, "CHOL": [1.7377692400193594e-07, -0.00022361571936188352, 0.04261554075679332]}, "GLY-37-PROA": {"PC": [3.5291601438025736e-08, -6.439971310005697e-05, 0.01923343921425105], "PE": 0, "PG": 0, "PI": 0, "PS": 0, "PA": 0, "CL": 0, "SM": 0, "CHOL": [1.2045097176970552, -20.95243092339761, 82.27075920965797]}, "VAL-38-PROA": {"PC": [1.3309656154133026e-08, -3.49279051819669e-05, 0.014904856712014912], "PE": 0, "PG": 0, "PI": 0, "PS": 0, "PA": 0, "CL": 0, "SM": 0, "CHOL": [1.036477799682031, 4.156275976724942, 16.66666666666702]}, "VAL-39-PROA": {"PC": [2.157445613929676e-08, -6.114792727535028e-05, 0.016762616741452376], "PE": 0, "PG": 0, "PI": 0, "PS": 0, "PA": 0, "CL": 0, "SM": 0, "CHOL": [11.581455498866132, -106.77969104308488, 245.21840454932834]}, "ILE-40-PROA": {"PC": [1.7085085046949952e-07, -0.00013692982670524892, 0.019754439541082223], "PE": 0, "PG": 0, "PI": 0, "PS": 0, "PA": 0, "CL": 0, "SM": 0, "CHOL": [-0.33781257980584084, 1.1654883227732076, 12.716063742953141]}, "ALA-41-PROA": {"PC": [1.5746020164460096e-08, -4.186362541239789e-05, 0.015570991286508714], "PE": 0, "PG": 0, "PI": 0, "PS": 0, "PA": 0, "CL": 0, "SM": 0,