{"TYR-9-PROA": {"PC": [2.8040397632230645e-08, -5.704411380415377e-05, 0.022459294874387335], "PE": 0, "PG": 0, "PI": 0, "PS": 0, "PA": 0, "CL": 0, "SM": 0, "CHOL": [7.145118108075128e-08, -0.00011543776313218261, 0.03478410791932075]}, "GLU-10-PROA": {"PC": [6.924149998569476e-08, -0.00012811643728741613, 0.027778858781149548], "PE": 0, "PG": 0, "PI": 0, "PS": 0, "PA": 0, "CL": 0, "SM": 0, "CHOL": [7.661287805574887e-09, -1.8890060790670668e-05, 0.008533534096055619]}, "VAL-11-PROA": {"PC": [3.0541728831769396e-05, -0.0068779631085890145, 0.17459685522628432], "PE": 0, "PG": 0, "PI": 0, "PS": 0, "PA": 0, "CL": 0, "SM": 0, "CHOL": [-1.5729642251705338, 3.0645232940693985, 38.01216400077011]}, "HSD-12-PROA": {"PC": [1.9463818311479763e-08, -5.559760004030806e-05, 0.019714005245985246], "PE": 0, "PG": 0, "PI": 0, "PS": 0, "PA": 0, "CL": 0, "SM": 0, "CHOL": [1.477087134474302e-09, -6.717126597345307e-06, 0.0051135820418826685]}, "HSD-13-PROA": {"PC": [4.439745016345216e-06, -0.0020603627586470853, 0.09919191998934335], "PE": 0, "PG": 0, "PI": 0, "PS": 0, "PA": 0, "CL": 0, "SM": 0, "CHOL": [1.5762234962970315e-06, -0.000818438402471709, 0.06552735151237571]}, "GLN-14-PROA": {"PC": [6.713495120079631e-07, -0.000443413030677734, 0.048803655863146035], "PE": 0, "PG": 0, "PI": 0, "PS": 0, "PA": 0, "CL": 0, "SM": 0, "CHOL": [4.84684140263569e-07, -0.0003930862215447439, 0.04481816571253134]}, "LYS-15-PROA": {"PC": [5.905599494440354e-07, -0.00048125961557020526, 0.05877737728994336], "PE": 0, "PG": 0, "PI": 0, "PS": 0, "PA": 0, "CL": 0, "SM": 0, "CHOL": [3.1465185273827368e-06, -0.0010601285232813536, 0.08327321411358683]}, "LEU-16-PROA": {"PC": [1.5957278295010794e-08, -4.359629416401885e-05, 0.015356516166574616], "PE": 0, "PG": 0, "PI": 0, "PS": 0, "PA": 0, "CL": 0, "SM": 0, "CHOL": [2.2592265834221365e-06, -0.0010179889035171667, 0.07831202022290751]}, "VAL-17-PROA": {"PC": [3.467218561573251e-08, -7.038637599167226e-05, 0.01766010622805366], "PE": 0, "PG": 0, "PI": 0, "PS": 0, "PA": 0, "CL": 0, "SM": 0, "CHOL": [1.1457343429776264e-07, -0.00014526456802708954, 0.03392376703778451]}, "PHE-18-PROA": {"PC": [1.3470146256106892e-07, -0.00013998146848232304, 0.021986189015441568], "PE": 0, "PG": 0, "PI": 0, "PS": 0, "PA": 0, "CL": 0, "SM": 0, "CHOL": [1.1480571249180847e-08, -4.029791749958761e-05, 0.01533155365441175]}, "PHE-19-PROA": {"PC": [6.570649653850551e-07, -0.000504205865202238, 0.04371037216569889], "PE": 0, "PG": 0, "PI": 0, "PS": 0, "PA": 0, "CL": 0, "SM": 0, "CHOL": [1.4854032482411773e-08, -3.2227434125755596e-05, 0.012527388759728779]}, "ALA-20-PROA": {"PC": [3.0831120772867416e-08, -6.510072934587113e-05, 0.019902567641850243], "PE": 0, "PG": 0, "PI": 0, "PS": 0, "PA": 0, "CL": 0, "SM": 0, "CHOL": [1.9833488325563138e-07, -0.00022022599082879743, 0.0425862013308784]}, "GLU-21-PROA": {"PC": [3.620699681280766e-05, -0.00580800795491419, 0.18385328439811416], "PE": 0, "PG": 0, "PI": 0, "PS": 0, "PA": 0, "CL": 0, "SM": 0, "CHOL": [2.75312399156848e-07, -0.0002060473999255493, 0.03556034133953294]}, "ASP-22-PROA": {"PC": [7.112811066192323e-06, -0.002067360599489026, 0.09823747469715578], "PE": 0, "PG": 0, "PI": 0, "PS": 0, "PA": 0, "CL": 0, "SM": 0, "CHOL": [3.6308626420176446e-06, -0.0012067696695503545, 0.07895385227757068]}, "VAL-23-PROA": {"PC": [2.056958148349256e-06, -0.0007473204747688884, 0.049388133748808315], "PE": 0, "PG": 0, "PI": 0, "PS": 0, "PA": 0, "CL": 0, "SM": 0, "CHOL": [9.177582511195e-07, -0.0005072279099023356, 0.04157000091719083]}, "GLY-24-PROA": {"PC": [6.60893668023407e-08, -0.00012268632436973073, 0.030207384020032167], "PE": 0, "PG": 0, "PI": 0, "PS": 0, "PA": 0, "CL": 0, "SM": 0, "CHOL": [1.9386755614650066e-09, -9.923644985964285e-06, 0.012489161684974067]}, "SER-25-PROA": {"PC": [1.922299371615883e-05, -0.0038103172276295104, 0.15273858288537576], "PE": 0, "PG": 0, "PI": 0, "PS": 0, "PA": 0, "CL": 0, "SM": 0, "CHOL": 0}, "ASN-26-PROA": {"PC": [1.2291814313487731e-06, -0.0006738140805659605, 0.052348484111132285], "PE": 0, "PG": 0, "PI": 0, "PS": 0, "PA": 0, "CL": 0, "SM": 0, "CHOL": 0}, "LYS-27-PROA": {"PC": [3.5308417761854185e-06, -0.0013419800963994854, 0.08881094918061144], "PE": 0, "PG": 0, "PI": 0, "PS": 0, "PA": 0, "CL": 0, "SM": 0, "CHOL": 0}, "GLY-28-PROA": {"PC": [2.0729225690902872e-07, -0.00021297525695636202, 0.03897895463857354], "PE": 0, "PG": 0, "PI": 0, "PS": 0, "PA": 0, "CL": 0, "SM": 0, "CHOL": [0.009818708858727725, -0.4951713951432565, 2.9612047426054597]}, "ALA-29-PROA": {"PC": [1.7823373904780136e-05, -0.003937461921951446, 0.1517068195283596], "PE": 0, "PG": 0, "PI": 0, "PS": 0, "PA": 0, "CL": 0, "SM": 0, "CHOL": 0}, "ILE-30-PROA": {"PC": [0.0005992574248204161, -0.04134386956322449, 0.5020452580762255], "PE": 0, "PG": 0, "PI": 0, "PS": 0, "PA": 0, "CL": 0, "SM": 0, "CHOL": [0.0058527488780343185, -0.16029957869881006, 1.3506091716830058]}, "ILE-31-PROA": {"PC": [1.507406159171224e-07, -0.00018453970112795306, 0.03036050243271116], "PE": 0, "PG": 0, "PI": 0, "PS": 0, "PA": 0, "CL": 0, "SM": 0, "CHOL": [1.951762881792068e-05, -0.0034437900154378497, 0.1329408069180458]}, "GLY-32-PROA": {"PC": [7.128959470853728e-09, -2.9594608199387454e-05, 0.01072863959110922], "PE": 0, "PG": 0, "PI": 0, "PS": 0, "PA": 0, "CL": 0, "SM": 0, "CHOL": [6.456650108854804e-08, -0.00010658859414857408, 0.023969884435080493]}, "LEU-33-PROA": {"PC": [1.847800720596357e-08, -3.845713310786264e-05, 0.011422367906245167], "PE": 0, "PG": 0, "PI": 0, "PS": 0, "PA": 0, "CL": 0, "SM": 0, "CHOL": [1.3263982686688716e-06, -0.00039911740500184407, 0.05666158153771768]}, "MET-34-PROA": {"PC": [6.6551291937017e-08, -0.0001012170576992534, 0.022598011315848075], "PE": 0, "PG": 0, "PI": 0, "PS": 0, "PA": 0, "CL": 0, "SM": 0, "CHOL": [6.041098358561491e-07, -0.0004912869627161465, 0.06721298867552548]}, "VAL-35-PROA": {"PC": [1.4374083946097413e-08, -3.8553011653228975e-05, 0.017793517010928055], "PE": 0, "PG": 0, "PI": 0, "PS": 0, "PA": 0, "CL": 0, "SM": 0, "CHOL": [9.707174644555686e-08, -0.0001237376258493649, 0.02099753863037108]}, "GLY-36-PROA": {"PC": [7.411550266033115e-09, -2.784122080068974e-05, 0.0139566519825369], "PE": 0, "PG": 0, "PI": 0, "PS": 0, "PA": 0, "CL": 0, "SM": 0, "CHOL": [8.057526710986436e-09, -2.5535778497128272e-05, 0.016780454421446354]}, "GLY-37-PROA": {"PC": [1.8231715549539297e-05, -0.003471509887519768, 0.1242416408874202], "PE": 0, "PG": 0, "PI": 0, "PS": 0, "PA": 0, "CL": 0, "SM": 0, "CHOL": [4.6756738379231105e-08, -6.88484839162823e-05, 0.018794539730818807]}, "VAL-38-PROA": {"PC": [1.9291015377061012e-05, -0.004823814999945123, 0.2323788375601307], "PE": 0, "PG": 0, "PI": 0, "PS": 0, "PA": 0, "CL": 0, "SM": 0, "CHOL": [3.0713229622661e-07, -0.0002256506693239119, 0.03034022525326998]}, "VAL-39-PROA": {"PC": [-0.00034897108106261756, -0.015863649429561977, 0.5571713110176545], "PE": 0, "PG": 0, "PI": 0, "PS": 0, "PA": 0, "CL": 0, "SM": 0, "CHOL": [1.2077432855682328e-09, -7.879526469420127e-06, 0.007768066096891282]}, "ILE-40-PROA": {"PC": [2.016582144340477e-05, -0.0041266462211966785, 0.12761014114464772], "PE": 0, "PG": 0, "PI": 0, "PS": 0, "PA": 0, "CL": 0, "SM": 0, "CHOL": 0}, "VAL-59-PROB": {"PC": 0, "PE": 0, "PG": 0, "PI": 0, "PS": 0, "PA": 0, "CL": 0, "SM": 0, "CHOL": 0}, "PHE-60-PROB": {"PC": 0, "PE": 0, "PG": 0, "PI": 0, "PS": 0, "PA": 0, "CL": 0, "SM": 0, "CHOL": 0}, "PHE-61-PROB": {"PC": 0, "PE": 0, "PG": 0, "PI": 0, "PS": 0, "PA": 0, "CL": 0, "SM": 0, "CHOL": 0}, "ALA-71-PROB": {"PC": 0, "PE": 0, "PG": 0, "PI": 0, "PS": 0, "PA": 0, "CL": 0, "SM": 0, "CHOL": 0}, "ILE-72-PROB": {"PC": 0, "PE": 0, "PG": 0, "PI": 0, "PS": 0, "PA": 0, "CL": 0, "SM": 0, "CHOL": 0}, "ILE-73-PROB": {"PC": 0, "PE": 0, "PG": 0, "PI": 0, "PS": 0, "PA": 0, "CL": 0, "SM": 0, "CHOL": 0}, "GLY-74-PROB": {"PC": 0, "PE": 0, "PG": 0, "PI": 0, "PS": 0, "PA": 0, "CL": 0, "SM": 0, "CHOL": 0}, "LEU-75-PROB": {"PC": 0, "PE": 0, "PG": 0, "PI": 0, "PS": 0, "PA": 0, "CL": 0, "SM": 0, "CHOL": 0}, "MET-76-PROB": {"PC": 0,