{"TYR-9-PROA": {"PC": [1.1187724874650774e-05, -0.0024398331419339552, 0.11426630477057613], "PE": 0, "PG": 0, "PI": 0, "PS": 0, "PA": 0, "CL": 0, "SM": 0, "CHOL": 0}, "GLU-10-PROA": {"PC": [6.5680381826503395e-06, -0.002109036293690338, 0.15438946370372203], "PE": 0, "PG": 0, "PI": 0, "PS": 0, "PA": 0, "CL": 0, "SM": 0, "CHOL": 0}, "VAL-11-PROA": {"PC": [3.1222155562757156e-06, -0.0008896319377205386, 0.06355025788733577], "PE": 0, "PG": 0, "PI": 0, "PS": 0, "PA": 0, "CL": 0, "SM": 0, "CHOL": 0}, "HSD-12-PROA": {"PC": [1.1672493008915636e-07, -0.00015038274036527919, 0.026419934393312368], "PE": 0, "PG": 0, "PI": 0, "PS": 0, "PA": 0, "CL": 0, "SM": 0, "CHOL": [3.6500171891213678e-09, -1.3182410675405952e-05, 0.007433379552011056]}, "HSD-13-PROA": {"PC": [1.2727160505158979e-05, -0.0028405025296488833, 0.10341557672836739], "PE": 0, "PG": 0, "PI": 0, "PS": 0, "PA": 0, "CL": 0, "SM": 0, "CHOL": [8.345915874884863e-08, -0.00012211333273110385, 0.034618099215072216]}, "GLN-14-PROA": {"PC": [1.3456009707985985e-08, -3.9269562876790757e-05, 0.020273808557935438], "PE": 0, "PG": 0, "PI": 0, "PS": 0, "PA": 0, "CL": 0, "SM": 0, "CHOL": [2.928493344842443e-07, -0.00018191095536621065, 0.023076647758346187]}, "LYS-15-PROA": {"PC": [3.827320362035795e-07, -0.00036987658533988794, 0.04407831021076162], "PE": 0, "PG": 0, "PI": 0, "PS": 0, "PA": 0, "CL": 0, "SM": 0, "CHOL": [7.107727548181789e-09, -1.754744896396075e-05, 0.010458393430800737]}, "LEU-16-PROA": {"PC": [1.3603533589678852e-07, -0.00017334015196082033, 0.025314815753127], "PE": 0, "PG": 0, "PI": 0, "PS": 0, "PA": 0, "CL": 0, "SM": 0, "CHOL": [1.951587770972309e-07, -0.0001503796158286322, 0.035458778858557874]}, "VAL-17-PROA": {"PC": [3.1473379412485284e-08, -7.612187611063467e-05, 0.0229097520981434], "PE": 0, "PG": 0, "PI": 0, "PS": 0, "PA": 0, "CL": 0, "SM": 0, "CHOL": [1.4791549812341303e-08, -3.555697456604889e-05, 0.012781087691970948]}, "PHE-18-PROA": {"PC": [2.1130895534916522e-07, -0.0002022609302623042, 0.03013257060376578], "PE": 0, "PG": 0, "PI": 0, "PS": 0, "PA": 0, "CL": 0, "SM": 0, "CHOL": [1.289205330007223e-07, -0.00015207566293572012, 0.02391897562924158]}, "PHE-19-PROA": {"PC": [1.2463900355536413e-07, -0.00017824971078644344, 0.028435398053422357], "PE": 0, "PG": 0, "PI": 0, "PS": 0, "PA": 0, "CL": 0, "SM": 0, "CHOL": [3.03581420474972e-08, -6.794761060838034e-05, 0.01900668835626659]}, "ALA-20-PROA": {"PC": [9.491296132484338e-09, -2.5658730946604405e-05, 0.013097303568275076], "PE": 0, "PG": 0, "PI": 0, "PS": 0, "PA": 0, "CL": 0, "SM": 0, "CHOL": [1.7766183983031216e-07, -0.00022436886161966227, 0.03966961267381776]}, "GLU-21-PROA": {"PC": [1.1659963661209716e-05, -0.0033211238914431446, 0.12006626637428294], "PE": 0, "PG": 0, "PI": 0, "PS": 0, "PA": 0, "CL": 0, "SM": 0, "CHOL": [2.779487990168901e-06, -0.0011777745682898277, 0.06975670669613235]}, "ASP-22-PROA": {"PC": [-9.36045216941967e-06, 0.0004410129704253693, 0.07577373181558263], "PE": 0, "PG": 0, "PI": 0, "PS": 0, "PA": 0, "CL": 0, "SM": 0, "CHOL": [9.518641000650088e-07, -0.0005856059614336572, 0.06725499477640841]}, "VAL-23-PROA": {"PC": [2.2263731650460785e-07, -0.00025842138561002747, 0.038453412235600753], "PE": 0, "PG": 0, "PI": 0, "PS": 0, "PA": 0, "CL": 0, "SM": 0, "CHOL": [5.4064950458016e-05, -0.008120159839387249, 0.20855069143472177]}, "GLY-24-PROA": {"PC": [4.1956134588837874e-08, -9.038301803040211e-05, 0.02116968673871852], "PE": 0, "PG": 0, "PI": 0, "PS": 0, "PA": 0, "CL": 0, "SM": 0, "CHOL": [0.0002235901416915207, -0.01267918933044101, 0.10500650776128852]}, "SER-25-PROA": {"PC": [1.3699532904739575e-05, -0.00340577879912577, 0.17572769042739428], "PE": 0, "PG": 0, "PI": 0, "PS": 0, "PA": 0, "CL": 0, "SM": 0, "CHOL": 0}, "LYS-27-PROA": {"PC": [0.000195472292219165, -0.017327558428029875, 0.2929269041626303], "PE": 0, "PG": 0, "PI": 0, "PS": 0, "PA": 0, "CL": 0, "SM": 0, "CHOL": 0}, "GLY-28-PROA": {"PC": [0.0003925193236144095, -0.04349826329072694, 0.7908175794867314], "PE": 0, "PG": 0, "PI": 0, "PS": 0, "PA": 0, "CL": 0, "SM": 0, "CHOL": 0}, "ALA-29-PROA": {"PC": [1.600774388077096e-05, -0.0031310101078113146, 0.11135181996764937], "PE": 0, "PG": 0, "PI": 0, "PS": 0, "PA": 0, "CL": 0, "SM": 0, "CHOL": 0}, "ILE-30-PROA": {"PC": [7.81632985587283e-06, -0.0025526551079619662, 0.16984993538596638], "PE": 0, "PG": 0, "PI": 0, "PS": 0, "PA": 0, "CL": 0, "SM": 0, "CHOL": 0}, "ILE-31-PROA": {"PC": [1.9925630035124513e-07, -0.00022673364448270742, 0.03720254398892927], "PE": 0, "PG": 0, "PI": 0, "PS": 0, "PA": 0, "CL": 0, "SM": 0, "CHOL": [6.4360223897176175e-09, -2.546919890678751e-05, 0.014780304417678355]}, "GLY-32-PROA": {"PC": [2.243373837003285e-09, -1.309743478443239e-05, 0.009713093662322132], "PE": 0, "PG": 0, "PI": 0, "PS": 0, "PA": 0, "CL": 0, "SM": 0, "CHOL": [6.213833046409056e-05, -0.006842786536504465, 0.1659503298754771]}, "LEU-33-PROA": {"PC": [7.927783280777561e-08, -0.00010739827057397489, 0.020426950895253714], "PE": 0, "PG": 0, "PI": 0, "PS": 0, "PA": 0, "CL": 0, "SM": 0, "CHOL": [1.4804946453054842e-07, -0.0001276648434892683, 0.018962481624545672]}, "MET-34-PROA": {"PC": [1.1786534705813848e-08, -4.202987106486485e-05, 0.015407846766481647], "PE": 0, "PG": 0, "PI": 0, "PS": 0, "PA": 0, "CL": 0, "SM": 0, "CHOL": [3.9994408732676146e-07, -0.00030698414025445735, 0.03475897144736196]}, "VAL-35-PROA": {"PC": [1.107957163545863e-08, -3.517648845696784e-05, 0.018622840385144508], "PE": 0, "PG": 0, "PI": 0, "PS": 0, "PA": 0, "CL": 0, "SM": 0, "CHOL": [9.812095693647403e-09, -3.092201999492872e-05, 0.01304121590314217]}, "GLY-36-PROA": {"PC": [6.380008414017232e-08, -0.00010412320443506238, 0.032762180171387635], "PE": 0, "PG": 0, "PI": 0, "PS": 0, "PA": 0, "CL": 0, "SM": 0, "CHOL": [3.234766013591345e-09, -1.749822487726345e-05, 0.009215138530743848]}, "GLY-37-PROA": {"PC": [0.008566896209313342, -0.3009115927129058, 2.0219015693452027], "PE": 0, "PG": 0, "PI": 0, "PS": 0, "PA": 0, "CL": 0, "SM": 0, "CHOL": [2.8344759487132803e-09, -8.581910957630756e-06, 0.004489565730171995]}, "VAL-38-PROA": {"PC": 0, "PE": 0, "PG": 0, "PI": 0, "PS": 0, "PA": 0, "CL": 0, "SM": 0, "CHOL": [8.432935684615037e-10, -4.798831043771585e-06, 0.004727096050431253]}, "VAL-39-PROA": {"PC": [1.036477799682031, 4.156275976724942, 16.66666666666702], "PE": 0, "PG": 0, "PI": 0, "PS": 0, "PA": 0, "CL": 0, "SM": 0, "CHOL": [2.4561617009382666e-10, -1.119646006419151e-06, 0.0014585037397643987]}, "ILE-40-PROA": {"PC": [4.527277452238091e-06, -0.0013370650095120705, 0.06999399945845394], "PE": 0, "PG": 0, "PI": 0, "PS": 0, "PA": 0, "CL": 0, "SM": 0, "CHOL": [1.6582936670282826e-09, -8.301817470152446e-06, 0.005101365701805977]}, "GLU-63-PROB": {"PC": 0, "PE": 0, "PG": 0, "PI": 0, "PS": 0, "PA": 0, "CL": 0, "SM": 0, "CHOL": 0}, "ASP-64-PROB": {"PC": 0, "PE": 0, "PG": 0, "PI": 0, "PS": 0, "PA": 0, "CL": 0, "SM": 0, "CHOL": 0}, "VAL-65-PROB": {"PC": 0, "PE": 0, "PG": 0, "PI": 0, "PS": 0, "PA": 0, "CL": 0, "SM": 0, "CHOL": 0}, "GLY-66-PROB": {"PC": 0, "PE": 0, "PG": 0, "PI": 0, "PS": 0, "PA": 0, "CL": 0, "SM": 0, "CHOL": 0}, "SER-67-PROB": {"PC": 0, "PE": 0, "PG": 0, "PI": 0, "PS": 0, "PA": 0, "CL": 0, "SM": 0, "CHOL": 0}, "GLY-70-PROB": {"PC": 0, "PE": 0, "PG": 0, "PI": 0, "PS": 0, "PA": 0, "CL": 0, "SM": 0, "CHOL": 0}, "ALA-71-PROB": {"PC": 0, "PE": 0, "PG": 0, "PI": 0, "PS": 0, "PA": 0, "CL": 0, "SM": 0, "CHOL": 0}, "ILE-72-PROB": {"PC": 0, "PE": 0, "PG": 0, "PI": 0, "PS": 0, "PA": 0, "CL": 0, "SM": 0, "CHOL": 0}, "ILE-73-PROB": {"PC": 0, "PE": 0, "PG": 0, "PI": 0, "PS": 0, "PA": 0, "CL": 0, "SM": 0, "CHOL": 0}, "GLY-74-PROB": {"PC": 0, "PE": 0, "PG": 0, "PI": 0, "PS": 0, "PA": 0, "CL": 0, "SM": 0, "CHOL": 0}, "LEU-75-PROB": {"PC": 0, "PE": 0, "PG": 0, "PI": 0, "PS": 0, "PA": 0, "CL": 0, "SM": 0, "CHOL": 0}, "MET-76-PROB": {"PC": 0, "PE": 0, "PG": 0, "PI": 0, "PS": 0, "PA": 0, "CL": 0, "SM": 0, "CHOL": 0}, "VAL-77-PROB": {"PC": 0, "PE": 0, "PG": 0, "PI": 0, "PS": 0, "PA": 0, "CL": 0, "SM": 0, "CHOL": 0},