{"TYR-9-PROA": {"PC": [-4.827267295203466e-06, 0.00020913682117130187, 0.04330970358246655], "PE": 0, "PG": 0, "PI": 0, "PS": 0, "PA": 0, "CL": 0, "SM": 0, "CHOL": 0}, "GLU-10-PROA": {"PC": [8.939030245450907e-07, -0.0006360877428821502, 0.04492252864992072], "PE": 0, "PG": 0, "PI": 0, "PS": 0, "PA": 0, "CL": 0, "SM": 0, "CHOL": [-9.850971026954799e-07, -0.00016383203995687932, 0.04537528793126164]}, "VAL-11-PROA": {"PC": [0.0006074969449952925, -0.04464544075621673, 0.721477128081699], "PE": 0, "PG": 0, "PI": 0, "PS": 0, "PA": 0, "CL": 0, "SM": 0, "CHOL": 0}, "HSD-12-PROA": {"PC": [9.649356747190864e-07, -0.0006062658155564792, 0.04864463064545317], "PE": 0, "PG": 0, "PI": 0, "PS": 0, "PA": 0, "CL": 0, "SM": 0, "CHOL": [6.162500927768976e-05, -0.01049093941685038, 0.28343444915003657]}, "HSD-13-PROA": {"PC": [5.077781787464742e-05, -0.0059362572028287776, 0.1580123267650931], "PE": 0, "PG": 0, "PI": 0, "PS": 0, "PA": 0, "CL": 0, "SM": 0, "CHOL": [4.8237308100771445e-09, -1.800535603798102e-05, 0.010534817978461496]}, "GLN-14-PROA": {"PC": [8.795444734400604e-08, -0.00017178674838118078, 0.023111203271780005], "PE": 0, "PG": 0, "PI": 0, "PS": 0, "PA": 0, "CL": 0, "SM": 0, "CHOL": [-0.0010156784804945093, 0.04983167622679392, -0.19960871098539257]}, "LYS-15-PROA": {"PC": [3.8007986074441694e-07, -0.0004826161353244721, 0.04649664822529754], "PE": 0, "PG": 0, "PI": 0, "PS": 0, "PA": 0, "CL": 0, "SM": 0, "CHOL": [4.658483656242847e-06, -0.0016898603740913927, 0.07934642128460705]}, "LEU-16-PROA": {"PC": [4.619400232251981e-08, -9.398637748981606e-05, 0.022985802625644078], "PE": 0, "PG": 0, "PI": 0, "PS": 0, "PA": 0, "CL": 0, "SM": 0, "CHOL": [5.937812354990355e-07, -0.0004700400855610202, 0.04982703164293931]}, "VAL-17-PROA": {"PC": [1.371094522959668e-07, -0.00018007350351583379, 0.03217248637434998], "PE": 0, "PG": 0, "PI": 0, "PS": 0, "PA": 0, "CL": 0, "SM": 0, "CHOL": [4.1282734383737174e-08, -6.040740615866857e-05, 0.020977362826458724]}, "PHE-18-PROA": {"PC": [2.6145437521215263e-08, -7.020549715358896e-05, 0.02026293589244721], "PE": 0, "PG": 0, "PI": 0, "PS": 0, "PA": 0, "CL": 0, "SM": 0, "CHOL": [7.459880476008859e-09, -3.224589681624811e-05, 0.012277250119083554]}, "PHE-19-PROA": {"PC": [5.374192940727313e-08, -6.933926497430944e-05, 0.01872105156644349], "PE": 0, "PG": 0, "PI": 0, "PS": 0, "PA": 0, "CL": 0, "SM": 0, "CHOL": [1.4365029628559181e-08, -3.649812585283022e-05, 0.013925182388710306]}, "ALA-20-PROA": {"PC": [4.1930603693447004e-08, -8.84100295691197e-05, 0.016348843254858778], "PE": 0, "PG": 0, "PI": 0, "PS": 0, "PA": 0, "CL": 0, "SM": 0, "CHOL": [8.398964820382213e-09, -2.885643884928383e-05, 0.013025089443915058]}, "GLU-21-PROA": {"PC": [7.533203509557559e-05, -0.010018202095916383, 0.22078666062733213], "PE": 0, "PG": 0, "PI": 0, "PS": 0, "PA": 0, "CL": 0, "SM": 0, "CHOL": [1.385098667384577e-07, -0.00018898310196903715, 0.031081252663026086]}, "ASP-22-PROA": {"PC": [5.209195073134702e-06, -0.002361184611985, 0.0880220487147655], "PE": 0, "PG": 0, "PI": 0, "PS": 0, "PA": 0, "CL": 0, "SM": 0, "CHOL": [2.6255821123955824e-06, -0.0012411526115849048, 0.06952235530011948]}, "VAL-23-PROA": {"PC": [5.560885368725886e-06, -0.001354220886920875, 0.07216442077727916], "PE": 0, "PG": 0, "PI": 0, "PS": 0, "PA": 0, "CL": 0, "SM": 0, "CHOL": [1.023782428821479e-05, -0.002240301304684443, 0.10019707468488241]}, "GLY-24-PROA": {"PC": [4.207410178065448e-07, -0.00031773251564606874, 0.033311545879769464], "PE": 0, "PG": 0, "PI": 0, "PS": 0, "PA": 0, "CL": 0, "SM": 0, "CHOL": [3.707320833857298e-07, -0.00031785676632129867, 0.040239633413051576]}, "LYS-27-PROA": {"PC": [9.831250928581146e-05, -0.011805818348289978, 0.24276168250301025], "PE": 0, "PG": 0, "PI": 0, "PS": 0, "PA": 0, "CL": 0, "SM": 0, "CHOL": 0}, "GLY-28-PROA": {"PC": [4.594265800909132e-05, -0.005951321683399112, 0.17270112485186445], "PE": 0, "PG": 0, "PI": 0, "PS": 0, "PA": 0, "CL": 0, "SM": 0, "CHOL": [0.6640079787198865, 3.3266799733866295, 16.66666666666702]}, "ALA-29-PROA": {"PC": [1.875190647664109e-06, -0.0005811638798564506, 0.059231049397667664], "PE": 0, "PG": 0, "PI": 0, "PS": 0, "PA": 0, "CL": 0, "SM": 0, "CHOL": 0}, "ILE-30-PROA": {"PC": [2.730720592011896e-06, -0.00020876227017533106, 0.0620858886237565], "PE": 0, "PG": 0, "PI": 0, "PS": 0, "PA": 0, "CL": 0, "SM": 0, "CHOL": [0.8748732534402337, 1.9721843996682493, -1.801070248822332]}, "ILE-31-PROA": {"PC": [3.4953592060609766e-08, -7.005353320883627e-05, 0.01773475792458793], "PE": 0, "PG": 0, "PI": 0, "PS": 0, "PA": 0, "CL": 0, "SM": 0, "CHOL": [4.6152028904717847e-07, -0.00040092030501490047, 0.05312389701216888]}, "GLY-32-PROA": {"PC": [1.6538479011333057e-07, -0.00018535095944399496, 0.037468567593987846], "PE": 0, "PG": 0, "PI": 0, "PS": 0, "PA": 0, "CL": 0, "SM": 0, "CHOL": [1.5052669648799015e-07, -0.00018211980033956245, 0.0425170095422782]}, "LEU-33-PROA": {"PC": [6.733468929270115e-08, -0.00012514450368053567, 0.018405587223641908], "PE": 0, "PG": 0, "PI": 0, "PS": 0, "PA": 0, "CL": 0, "SM": 0, "CHOL": [5.133944474035111e-07, -0.0003716764067678155, 0.041670591813223]}, "MET-34-PROA": {"PC": [6.8941968425618425e-09, -2.6122643979821805e-05, 0.013891766541110167], "PE": 0, "PG": 0, "PI": 0, "PS": 0, "PA": 0, "CL": 0, "SM": 0, "CHOL": [1.1830753860183484e-05, -0.0026046153425894345, 0.11883306865481862]}, "VAL-35-PROA": {"PC": [5.343711017198656e-09, -2.1761999718020017e-05, 0.008623963571392692], "PE": 0, "PG": 0, "PI": 0, "PS": 0, "PA": 0, "CL": 0, "SM": 0, "CHOL": [-4.7387295319988216e-05, 0.003885405617953764, 0.04157771000026102]}, "GLY-36-PROA": {"PC": [1.33138888900453e-07, -0.00013657370753113963, 0.02492067949743597], "PE": 0, "PG": 0, "PI": 0, "PS": 0, "PA": 0, "CL": 0, "SM": 0, "CHOL": [3.28080503270341e-08, -6.690217589310933e-05, 0.01819664969590884]}, "GLY-37-PROA": {"PC": [1.0400320086649395e-07, -0.00013363011340741888, 0.026612001117498556], "PE": 0, "PG": 0, "PI": 0, "PS": 0, "PA": 0, "CL": 0, "SM": 0, "CHOL": [2.513133323246352e-05, -0.003549188812557725, 0.10289509744653322]}, "VAL-38-PROA": {"PC": [4.796986588919162e-07, -0.00045576174510592136, 0.04712678035632392], "PE": 0, "PG": 0, "PI": 0, "PS": 0, "PA": 0, "CL": 0, "SM": 0, "CHOL": [3.579275134321298e-05, -0.005487207545105926, 0.2387858693460018]}, "VAL-39-PROA": {"PC": [1.0952670015846171e-05, -0.003508297041874815, 0.14895963521269867], "PE": 0, "PG": 0, "PI": 0, "PS": 0, "PA": 0, "CL": 0, "SM": 0, "CHOL": [2.4375170025694458e-05, -0.0034768335876511694, 0.11615522080529897]}, "ILE-40-PROA": {"PC": [0.0003718255095709118, -0.031191852330572086, 0.4872366407743268], "PE": 0, "PG": 0, "PI": 0, "PS": 0, "PA": 0, "CL": 0, "SM": 0, "CHOL": [6.682931651878827e-08, -9.868741008738198e-05, 0.023015546913660173]}, "ALA-41-PROA": {"PC": [9.593776100149072e-06, -0.002806847820569952, 0.12230365843039269], "PE": 0, "PG": 0, "PI": 0, "PS": 0, "PA": 0, "CL": 0, "SM": 0, "CHOL": [-1.0470524050754125e-08, 2.1775298976291533e-05, 0.006956851567096791]}, "GLY-70-PROB": {"PC": 0, "PE": 0, "PG": 0, "PI": 0, "PS": 0, "PA": 0, "CL": 0, "SM": 0, "CHOL": 0}, "ALA-71-PROB": {"PC": 0, "PE": 0, "PG": 0, "PI": 0, "PS": 0, "PA": 0, "CL": 0, "SM": 0, "CHOL": 0}, "ILE-72-PROB": {"PC": 0, "PE": 0, "PG": 0, "PI": 0, "PS": 0, "PA": 0, "CL": 0, "SM": 0, "CHOL": 0}, "ILE-73-PROB": {"PC": 0, "PE": 0, "PG": 0, "PI": 0, "PS": 0, "PA": 0, "CL": 0, "SM": 0, "CHOL": 0}, "GLY-74-PROB": {"PC": 0, "PE": 0, "PG": 0, "PI": 0, "PS": 0, "PA": 0, "CL": 0, "SM": 0, "CHOL": 0}, "LEU-75-PROB": {"PC": 0, "PE": 0, "PG": 0, "PI": 0, "PS": 0, "PA": 0, "CL": 0, "SM": 0, "CHOL": 0}, "MET-76-PROB": {"PC": 0, "PE": 0, "PG": 0, "PI": 0, "PS": 0, "PA": 0, "CL": 0, "SM": 0, "CHOL": 0}, "VAL-77-PROB": {"PC": 0, "PE": 0, "PG": 0, "PI": 0, "PS": 0, "PA": 0, "CL": 0, "SM": 0, "CHOL": 0}, "GLY-78-PROB": {"PC": 0, "PE": 0, "PG": 0, "PI": 0, "PS": 0, "PA": 0, "CL": 0, "SM": 0, "CHOL": 0}, "GLY-79-PROB": {"PC": 0, "PE": 0, "PG": 0, "PI": 0, "PS": 0, "PA": 0, "CL": 0, "SM": 0, "CHOL": 0},