{"TYR-9-PROA": {"PC": [0.0002290466561768489, -0.019309701490088784, 0.42361465600985143], "PE": 0, "PG": 0, "PI": 0, "PS": 0, "PA": 0, "CL": 0, "SM": 0, "CHOL": 0}, "VAL-11-PROA": {"PC": [5.690533550996946e-06, -0.002397636298570955, 0.10900211011551995], "PE": 0, "PG": 0, "PI": 0, "PS": 0, "PA": 0, "CL": 0, "SM": 0, "CHOL": 0}, "HSD-12-PROA": {"PC": [-1.2101737450630538e-06, 0.00017140954866541207, 0.05033601913662543], "PE": 0, "PG": 0, "PI": 0, "PS": 0, "PA": 0, "CL": 0, "SM": 0, "CHOL": [3.428743059961925e-05, -0.006326542333979847, 0.25255804716250585]}, "HSD-13-PROA": {"PC": [1.4167557729175968e-07, -0.00016513867635504993, 0.026559912732324383], "PE": 0, "PG": 0, "PI": 0, "PS": 0, "PA": 0, "CL": 0, "SM": 0, "CHOL": [-22.45429421768791, 224.03945130684724, -536.1234811358987]}, "GLN-14-PROA": {"PC": [1.0874402227185312e-06, -0.0006214117939077207, 0.05971511109697928], "PE": 0, "PG": 0, "PI": 0, "PS": 0, "PA": 0, "CL": 0, "SM": 0, "CHOL": [3.0368142309624e-06, -0.0013678117741471576, 0.12179253775210021]}, "LYS-15-PROA": {"PC": [1.6671333645443246e-08, -5.040031534885422e-05, 0.019046989315166057], "PE": 0, "PG": 0, "PI": 0, "PS": 0, "PA": 0, "CL": 0, "SM": 0, "CHOL": [-3.8076860127521686, 49.017186360985136, -144.69334051097613]}, "LEU-16-PROA": {"PC": [4.258524824808785e-08, -9.844962073986933e-05, 0.023331536106442726], "PE": 0, "PG": 0, "PI": 0, "PS": 0, "PA": 0, "CL": 0, "SM": 0, "CHOL": [6.207166977639995e-06, -0.001330034369009589, 0.048727640438003546]}, "VAL-17-PROA": {"PC": [2.8119048718189797e-08, -8.100107205379187e-05, 0.018375981398369778], "PE": 0, "PG": 0, "PI": 0, "PS": 0, "PA": 0, "CL": 0, "SM": 0, "CHOL": [1.0186501186946547e-07, -9.416141042363972e-05, 0.02016661338334777]}, "PHE-18-PROA": {"PC": [9.163933872748631e-09, -2.8425986363267522e-05, 0.01166363264508883], "PE": 0, "PG": 0, "PI": 0, "PS": 0, "PA": 0, "CL": 0, "SM": 0, "CHOL": [1.9931018471245784e-07, -0.00022434825164109398, 0.03667206050383952]}, "PHE-19-PROA": {"PC": [3.6911049563399496e-08, -6.136787439863433e-05, 0.014871746904620972], "PE": 0, "PG": 0, "PI": 0, "PS": 0, "PA": 0, "CL": 0, "SM": 0, "CHOL": [3.0348582891582164e-08, -5.5782304921897914e-05, 0.015025752087844948]}, "ALA-20-PROA": {"PC": [2.8193864930967726e-08, -6.226816665843069e-05, 0.024044937157084858], "PE": 0, "PG": 0, "PI": 0, "PS": 0, "PA": 0, "CL": 0, "SM": 0, "CHOL": [2.4245697766862477e-08, -4.820453054469252e-05, 0.017382629953135723]}, "GLU-21-PROA": {"PC": [1.4965545576667063e-05, -0.001824556440650188, 0.11920812430020732], "PE": 0, "PG": 0, "PI": 0, "PS": 0, "PA": 0, "CL": 0, "SM": 0, "CHOL": [1.9273273454739234e-07, -0.00018628394006474358, 0.030425483249326517]}, "ASP-22-PROA": {"PC": [8.119276629359575e-05, -0.009570597943909404, 0.18779450494373148], "PE": 0, "PG": 0, "PI": 0, "PS": 0, "PA": 0, "CL": 0, "SM": 0, "CHOL": [8.702725632418899e-06, -0.0020309049915455285, 0.07859166070231464]}, "VAL-23-PROA": {"PC": [2.1283369293248768e-05, -0.004781786224705505, 0.16924692424872578], "PE": 0, "PG": 0, "PI": 0, "PS": 0, "PA": 0, "CL": 0, "SM": 0, "CHOL": [2.2872697722993633e-07, -0.00026933514068287106, 0.04479048951050662]}, "GLY-24-PROA": {"PC": [1.2174623294086538e-07, -0.00016028864745126962, 0.03373097677417552], "PE": 0, "PG": 0, "PI": 0, "PS": 0, "PA": 0, "CL": 0, "SM": 0, "CHOL": [1.2355574911034023e-06, -0.0008024872412502447, 0.07454263316699192]}, "SER-25-PROA": {"PC": [-0.0010652639295112968, -0.006444171449332119, 0.8534182875216739], "PE": 0, "PG": 0, "PI": 0, "PS": 0, "PA": 0, "CL": 0, "SM": 0, "CHOL": 0}, "ASN-26-PROA": {"PC": [-0.0007467129097707551, 0.053622758002400746, -0.2674777261748947], "PE": 0, "PG": 0, "PI": 0, "PS": 0, "PA": 0, "CL": 0, "SM": 0, "CHOL": 0}, "LYS-27-PROA": {"PC": [2.4452435167104736e-05, -0.005239672583272645, 0.2021719585023344], "PE": 0, "PG": 0, "PI": 0, "PS": 0, "PA": 0, "CL": 0, "SM": 0, "CHOL": 0}, "GLY-28-PROA": {"PC": [1.758621759905315e-05, -0.004861881026410521, 0.18108466857864636], "PE": 0, "PG": 0, "PI": 0, "PS": 0, "PA": 0, "CL": 0, "SM": 0, "CHOL": [1.036477799682031, 4.156275976724942, 16.66666666666702]}, "ALA-29-PROA": {"PC": [0.0010228497324533596, -0.06454557038411837, 0.7463352248745921], "PE": 0, "PG": 0, "PI": 0, "PS": 0, "PA": 0, "CL": 0, "SM": 0, "CHOL": 0}, "ILE-30-PROA": {"PC": [8.041685862509306e-16, -1.6775701832565317e-14, 1.3888888888889634], "PE": 0, "PG": 0, "PI": 0, "PS": 0, "PA": 0, "CL": 0, "SM": 0, "CHOL": 0}, "ILE-31-PROA": {"PC": [1.218880710231424e-07, -0.00016572109412509698, 0.032953899951740244], "PE": 0, "PG": 0, "PI": 0, "PS": 0, "PA": 0, "CL": 0, "SM": 0, "CHOL": [-6.087293212963986e-09, 6.0899374549616285e-06, 0.011411190089217597]}, "GLY-32-PROA": {"PC": [1.28942033387019e-06, -0.0006304074251861168, 0.07576604029121631], "PE": 0, "PG": 0, "PI": 0, "PS": 0, "PA": 0, "CL": 0, "SM": 0, "CHOL": 0}, "LEU-33-PROA": {"PC": [3.941818059691423e-09, -1.4225013050101803e-05, 0.008281874535252344], "PE": 0, "PG": 0, "PI": 0, "PS": 0, "PA": 0, "CL": 0, "SM": 0, "CHOL": 0}, "MET-34-PROA": {"PC": [8.381651860491184e-09, -2.7533740367514358e-05, 0.011596775911994685], "PE": 0, "PG": 0, "PI": 0, "PS": 0, "PA": 0, "CL": 0, "SM": 0, "CHOL": [0.0004591867142105649, -0.016357884161998088, 0.328205982191299]}, "VAL-35-PROA": {"PC": [4.4036851571239014e-08, -8.610253277835797e-05, 0.023959352532229715], "PE": 0, "PG": 0, "PI": 0, "PS": 0, "PA": 0, "CL": 0, "SM": 0, "CHOL": [1.1929887106374209e-07, -0.00014724156043269563, 0.023311433007800836]}, "GLY-36-PROA": {"PC": [5.963102481573345e-08, -7.492550415273942e-05, 0.016863675500488014], "PE": 0, "PG": 0, "PI": 0, "PS": 0, "PA": 0, "CL": 0, "SM": 0, "CHOL": [0.00024520142675088453, -0.015841521504205577, 0.25443265182880725]}, "GLY-37-PROA": {"PC": [9.516562573973388e-07, -0.0006973334817517471, 0.07722382705656596], "PE": 0, "PG": 0, "PI": 0, "PS": 0, "PA": 0, "CL": 0, "SM": 0, "CHOL": [8.512799186496904e-06, -0.0020604383098616463, 0.10540831159102243]}, "VAL-38-PROA": {"PC": [7.7046006770028e-07, -0.0006043330905025463, 0.07777423022633435], "PE": 0, "PG": 0, "PI": 0, "PS": 0, "PA": 0, "CL": 0, "SM": 0, "CHOL": [2.6920534067160327e-06, -0.0006540967329600734, 0.09468025620702525]}, "VAL-39-PROA": {"PC": [2.5429553019067592e-05, -0.005850175206744926, 0.23280931121232165], "PE": 0, "PG": 0, "PI": 0, "PS": 0, "PA": 0, "CL": 0, "SM": 0, "CHOL": 0}, "ILE-40-PROA": {"PC": [5.894819157636143e-07, -0.00045761305464856296, 0.0690375331110287], "PE": 0, "PG": 0, "PI": 0, "PS": 0, "PA": 0, "CL": 0, "SM": 0, "CHOL": 0}, "ALA-41-PROA": {"PC": [1.142902499936267e-06, -0.0006226475855456017, 0.056014798197429376], "PE": 0, "PG": 0, "PI": 0, "PS": 0, "PA": 0, "CL": 0, "SM": 0, "CHOL": 0}, "LEU-58-PROB": {"PC": 0, "PE": 0, "PG": 0, "PI": 0, "PS": 0, "PA": 0, "CL": 0, "SM": 0, "CHOL": 0}, "VAL-59-PROB": {"PC": 0, "PE": 0, "PG": 0, "PI": 0, "PS": 0, "PA": 0, "CL": 0, "SM": 0, "CHOL": 0}, "PHE-60-PROB": {"PC": 0, "PE": 0, "PG": 0, "PI": 0, "PS": 0, "PA": 0, "CL": 0, "SM": 0, "CHOL": 0}, "PHE-61-PROB": {"PC": 0, "PE": 0, "PG": 0, "PI": 0, "PS": 0, "PA": 0, "CL": 0, "SM": 0, "CHOL": 0}, "ALA-62-PROB": {"PC": 0, "PE": 0, "PG": 0, "PI": 0, "PS": 0, "PA": 0, "CL": 0, "SM": 0, "CHOL": 0}, "GLU-63-PROB": {"PC": 0, "PE": 0, "PG": 0, "PI": 0, "PS": 0, "PA": 0, "CL": 0, "SM": 0, "CHOL": 0}, "ASP-64-PROB": {"PC": 0, "PE": 0, "PG": 0, "PI": 0, "PS": 0, "PA": 0, "CL": 0, "SM": 0, "CHOL": 0}, "SER-67-PROB": {"PC": 0, "PE": 0, "PG": 0, "PI": 0, "PS": 0, "PA": 0, "CL": 0, "SM": 0, "CHOL": 0}, "ASN-68-PROB": {"PC": 0, "PE": 0, "PG": 0, "PI": 0, "PS": 0, "PA": 0, "CL": 0, "SM": 0, "CHOL": 0}, "LYS-69-PROB": {"PC": 0, "PE": 0, "PG": 0, "PI": 0, "PS": 0, "PA": 0, "CL": 0, "SM": 0, "CHOL": 0}, "GLY-70-PROB": {"PC": 0, "PE": 0, "PG": 0, "PI": 0, "PS": 0, "PA": 0, "CL": 0, "SM": 0, "CHOL": 0}, "ALA-71-PROB": {"PC": 0, "PE": 0, "PG": 0, "PI": 0, "PS": 0, "PA": 0, "CL": 0, "SM": 0, "CHOL": 0}, "ILE-72-PROB": {"PC": 0, "PE": 0, "PG": 0, "PI": 0, "PS": 0, "PA": 0, "CL": 0, "SM": 0, "CHOL": 0},