{"TYR-9-PROA": {"PC": [3.460568084276278e-05, -0.005606043519656783, 0.1558923737629176], "PE": 0, "PG": 0, "PI": 0, "PS": 0, "PA": 0, "CL": 0, "SM": 0, "CHOL": [2.069266442732578e-06, -0.0009638304459634667, 0.06239116913716]}, "GLU-10-PROA": {"PC": [4.764301000615724e-07, -0.0003589807283432832, 0.040935107098656894], "PE": 0, "PG": 0, "PI": 0, "PS": 0, "PA": 0, "CL": 0, "SM": 0, "CHOL": [8.731904039096059e-08, -0.00013869993603310294, 0.03761701177161989]}, "VAL-11-PROA": {"PC": [1.5471598897254185e-05, -0.003419127026313112, 0.1354833611961142], "PE": 0, "PG": 0, "PI": 0, "PS": 0, "PA": 0, "CL": 0, "SM": 0, "CHOL": 0}, "HSD-12-PROA": {"PC": [4.55991041257685e-08, -6.803217991112846e-05, 0.016127641701644647], "PE": 0, "PG": 0, "PI": 0, "PS": 0, "PA": 0, "CL": 0, "SM": 0, "CHOL": [1.9192773710074318e-07, -0.00013685604397904448, 0.021849203875763463]}, "HSD-13-PROA": {"PC": [4.478503412846681e-06, -0.001675660563416789, 0.07991090621967085], "PE": 0, "PG": 0, "PI": 0, "PS": 0, "PA": 0, "CL": 0, "SM": 0, "CHOL": [2.7667328830227822e-05, -0.0030477853135069165, 0.04980231074530605]}, "GLN-14-PROA": {"PC": [9.975862463722089e-08, -0.00012268418191338284, 0.020413195678182353], "PE": 0, "PG": 0, "PI": 0, "PS": 0, "PA": 0, "CL": 0, "SM": 0, "CHOL": [0.00010321302643510457, -0.010421457193567064, 0.20274619769101013]}, "LYS-15-PROA": {"PC": [1.4122131553967642e-06, -0.0010996631359491316, 0.07043374625784402], "PE": 0, "PG": 0, "PI": 0, "PS": 0, "PA": 0, "CL": 0, "SM": 0, "CHOL": [1.5745067395858567e-05, -0.0034721048561324706, 0.12474408249589798]}, "LEU-16-PROA": {"PC": [6.704157704651096e-08, -0.00013859057176559574, 0.023774104200946063], "PE": 0, "PG": 0, "PI": 0, "PS": 0, "PA": 0, "CL": 0, "SM": 0, "CHOL": [5.5057642388886915e-05, -0.008739501362005648, 0.2499346929063491]}, "VAL-17-PROA": {"PC": [5.726670029706504e-06, -0.001676705314022269, 0.07823303968044858], "PE": 0, "PG": 0, "PI": 0, "PS": 0, "PA": 0, "CL": 0, "SM": 0, "CHOL": [1.2235684903122883e-08, -2.7436428002156838e-05, 0.011415221414360372]}, "PHE-18-PROA": {"PC": [5.023475849066832e-08, -8.799461793770208e-05, 0.017236339411755227], "PE": 0, "PG": 0, "PI": 0, "PS": 0, "PA": 0, "CL": 0, "SM": 0, "CHOL": [3.1905396627329416e-08, -6.138382387618421e-05, 0.018774046586017168]}, "PHE-19-PROA": {"PC": [1.9294741732401185e-08, -4.005879120173457e-05, 0.015366188777444598], "PE": 0, "PG": 0, "PI": 0, "PS": 0, "PA": 0, "CL": 0, "SM": 0, "CHOL": [4.583610430385645e-08, -9.143906869831493e-05, 0.029252507750217864]}, "ALA-20-PROA": {"PC": [2.515118437085194e-06, -0.0013930632837244948, 0.08747064090633946], "PE": 0, "PG": 0, "PI": 0, "PS": 0, "PA": 0, "CL": 0, "SM": 0, "CHOL": [8.910271028462198e-09, -2.4463902223773847e-05, 0.012632295280017854]}, "GLU-21-PROA": {"PC": [2.0633360151262887e-07, -0.00023051765555542658, 0.02834069819903784], "PE": 0, "PG": 0, "PI": 0, "PS": 0, "PA": 0, "CL": 0, "SM": 0, "CHOL": [-4.0967445645263874e-07, 0.00015277495096558687, 0.020209694046235183]}, "ASP-22-PROA": {"PC": [8.612827603244785e-07, -0.0008846485668462901, 0.055404881394124326], "PE": 0, "PG": 0, "PI": 0, "PS": 0, "PA": 0, "CL": 0, "SM": 0, "CHOL": [4.205842373116037e-07, -0.00034999112000789323, 0.05167446085775045]}, "VAL-23-PROA": {"PC": [5.950624197118907e-07, -0.0003581695052521059, 0.04868208365983423], "PE": 0, "PG": 0, "PI": 0, "PS": 0, "PA": 0, "CL": 0, "SM": 0, "CHOL": 0}, "GLY-24-PROA": {"PC": [9.477084387431278e-08, -0.00011385517367539756, 0.0211563153333563], "PE": 0, "PG": 0, "PI": 0, "PS": 0, "PA": 0, "CL": 0, "SM": 0, "CHOL": 0}, "LYS-27-PROA": {"PC": [-0.00018019099034933032, 0.014023768954241348, 0.0051625748651976475], "PE": 0, "PG": 0, "PI": 0, "PS": 0, "PA": 0, "CL": 0, "SM": 0, "CHOL": 0}, "GLY-28-PROA": {"PC": [1.7875821877395568e-05, -0.004816821977916514, 0.13409462677719922], "PE": 0, "PG": 0, "PI": 0, "PS": 0, "PA": 0, "CL": 0, "SM": 0, "CHOL": 0}, "ALA-29-PROA": {"PC": [-0.023414194331069556, 0.6225314875004905, -2.24131465767096], "PE": 0, "PG": 0, "PI": 0, "PS": 0, "PA": 0, "CL": 0, "SM": 0, "CHOL": [12.18760809408488, -154.466447595985, 488.6279509685154]}, "ILE-30-PROA": {"PC": [0.00497452194271297, -0.18108441197014657, 1.5489570126148777], "PE": 0, "PG": 0, "PI": 0, "PS": 0, "PA": 0, "CL": 0, "SM": 0, "CHOL": 0}, "ILE-31-PROA": {"PC": [5.272606792174522e-07, -0.0003811421826166122, 0.04810002355919689], "PE": 0, "PG": 0, "PI": 0, "PS": 0, "PA": 0, "CL": 0, "SM": 0, "CHOL": [5.55361503254287e-09, -1.0853863794961785e-05, 0.0047704909548727786]}, "GLY-32-PROA": {"PC": [8.773143189150469e-09, -2.7681673270062455e-05, 0.020157375143450628], "PE": 0, "PG": 0, "PI": 0, "PS": 0, "PA": 0, "CL": 0, "SM": 0, "CHOL": [2.488380844033528e-06, 0.00643995450816721, 16.666666666681827]}, "LEU-33-PROA": {"PC": [1.1154268410345118e-07, -0.0001768848596266688, 0.02992343152012463], "PE": 0, "PG": 0, "PI": 0, "PS": 0, "PA": 0, "CL": 0, "SM": 0, "CHOL": [9.293830274694195e-06, -0.002447348560811663, 0.11279184470638061]}, "MET-34-PROA": {"PC": [4.79321773521189e-07, -0.0003443847422758164, 0.05259967655319718], "PE": 0, "PG": 0, "PI": 0, "PS": 0, "PA": 0, "CL": 0, "SM": 0, "CHOL": [1.9904014509765903e-08, -5.772683393227771e-05, 0.01874969384163394]}, "VAL-35-PROA": {"PC": [2.2020711575746138e-08, -5.727639222083585e-05, 0.019977496271955116], "PE": 0, "PG": 0, "PI": 0, "PS": 0, "PA": 0, "CL": 0, "SM": 0, "CHOL": [1.031632259779008e-05, -0.002596514016584982, 0.10294929637336639]}, "GLY-36-PROA": {"PC": [1.905995491223103e-06, -0.0008875167018723137, 0.07312231839696481], "PE": 0, "PG": 0, "PI": 0, "PS": 0, "PA": 0, "CL": 0, "SM": 0, "CHOL": [-1.966953104682968e-09, -2.093331200909301e-06, 0.01884494853551786]}, "GLY-37-PROA": {"PC": [5.454409396126199e-08, -9.599914098640429e-05, 0.028821609937842038], "PE": 0, "PG": 0, "PI": 0, "PS": 0, "PA": 0, "CL": 0, "SM": 0, "CHOL": [-2.6174778609635268e-09, 8.424772229590089e-06, -0.003597859473761142]}, "VAL-38-PROA": {"PC": [-3.8993740573706335e-08, -5.289727288783077e-05, 0.03161654931823871], "PE": 0, "PG": 0, "PI": 0, "PS": 0, "PA": 0, "CL": 0, "SM": 0, "CHOL": [0.00025966624534963555, -0.018552759233825104, 0.2818335667069413]}, "VAL-39-PROA": {"PC": [1.5455936673307713e-08, -4.7474620405946065e-05, 0.020572780684455665], "PE": 0, "PG": 0, "PI": 0, "PS": 0, "PA": 0, "CL": 0, "SM": 0, "CHOL": [5.078709828751096e-06, -0.0014543648536865278, 0.09120070870690804]}, "ILE-40-PROA": {"PC": [1.8798368731229773e-05, -0.0039860441899024724, 0.12639696237819245], "PE": 0, "PG": 0, "PI": 0, "PS": 0, "PA": 0, "CL": 0, "SM": 0, "CHOL": 0}, "LYS-57-PROB": {"PC": 0, "PE": 0, "PG": 0, "PI": 0, "PS": 0, "PA": 0, "CL": 0, "SM": 0, "CHOL": 0}, "LEU-58-PROB": {"PC": 0, "PE": 0, "PG": 0, "PI": 0, "PS": 0, "PA": 0, "CL": 0, "SM": 0, "CHOL": 0}, "VAL-59-PROB": {"PC": 0, "PE": 0, "PG": 0, "PI": 0, "PS": 0, "PA": 0, "CL": 0, "SM": 0, "CHOL": 0}, "PHE-60-PROB": {"PC": 0, "PE": 0, "PG": 0, "PI": 0, "PS": 0, "PA": 0, "CL": 0, "SM": 0, "CHOL": 0}, "PHE-61-PROB": {"PC": 0, "PE": 0, "PG": 0, "PI": 0, "PS": 0, "PA": 0, "CL": 0, "SM": 0, "CHOL": 0}, "ALA-62-PROB": {"PC": 0, "PE": 0, "PG": 0, "PI": 0, "PS": 0, "PA": 0, "CL": 0, "SM": 0, "CHOL": 0}, "ALA-71-PROB": {"PC": 0, "PE": 0, "PG": 0, "PI": 0, "PS": 0, "PA": 0, "CL": 0, "SM": 0, "CHOL": 0}, "ILE-72-PROB": {"PC": 0, "PE": 0, "PG": 0, "PI": 0, "PS": 0, "PA": 0, "CL": 0, "SM": 0, "CHOL": 0}, "ILE-73-PROB": {"PC": 0, "PE": 0, "PG": 0, "PI": 0, "PS": 0, "PA": 0, "CL": 0, "SM": 0, "CHOL": 0}, "GLY-74-PROB": {"PC": 0, "PE": 0, "PG": 0, "PI": 0, "PS": 0, "PA": 0, "CL": 0, "SM": 0, "CHOL": 0}, "LEU-75-PROB": {"PC": 0, "PE": 0, "PG": 0, "PI": 0, "PS": 0, "PA": 0, "CL": 0, "SM": 0, "CHOL": 0}, "MET-76-PROB": {"PC": 0, "PE": 0, "PG": 0, "PI": 0, "PS": 0, "PA": 0, "CL": 0, "SM": 0, "CHOL": 0}, "VAL-77-PROB": {"PC": 0, "PE": 0, "PG": 0, "PI": 0, "PS": 0, "PA": 0, "CL": 0, "SM": 0, "CHOL": 0}, "GLY-78-PROB": {"PC": 0, "PE": 0, "PG": 0, "PI": 0, "PS": 0, "PA": 0, "CL": 0, "SM": 0, "CHOL": 0}, "GLY-79-PROB": {"PC": 0, "PE": 0,