{"PHE-3-PROA": {"PC": [2.535726780996984e-08, -7.790914484231416e-05, 0.017287366225918373], "PE": 0, "PG": 0, "PI": 0, "PS": 0, "PA": 0, "CL": 0, "SM": 0, "CHOL": 0, "OTHER": 0}, "ARG-4-PROA": {"PC": [1.1820649367408489e-09, -7.576356988627088e-06, 0.0064031200076049765], "PE": 0, "PG": 0, "PI": 0, "PS": 0, "PA": 0, "CL": 0, "SM": 0, "CHOL": 0, "OTHER": [0.00023664845392250888, -0.014902279101537583, 0.33973287536635766]}, "TYR-9-PROA": {"PC": [6.680119881090638e-09, -2.6872084553686758e-05, 0.014030715702507263], "PE": 0, "PG": 0, "PI": 0, "PS": 0, "PA": 0, "CL": 0, "SM": 0, "CHOL": 0, "OTHER": 0}, "GLU-10-PROA": {"PC": [3.0050431373972416e-09, -1.2335599698865753e-05, 0.00790720513460822], "PE": 0, "PG": 0, "PI": 0, "PS": 0, "PA": 0, "CL": 0, "SM": 0, "CHOL": 0, "OTHER": [0.6640079787198865, 3.3266799733866295, 16.66666666666702]}, "VAL-11-PROA": {"PC": [1.2314076008115326e-08, -4.09918620267853e-05, 0.013300162011881224], "PE": 0, "PG": 0, "PI": 0, "PS": 0, "PA": 0, "CL": 0, "SM": 0, "CHOL": 0, "OTHER": 0}, "HSD-12-PROA": {"PC": [2.9715573902364336e-09, -1.5172003628674783e-05, 0.008799110756972093], "PE": 0, "PG": 0, "PI": 0, "PS": 0, "PA": 0, "CL": 0, "SM": 0, "CHOL": 0, "OTHER": [0.015434731982662184, -0.4945625822424894, 4.273515980512798]}, "HSD-13-PROA": {"PC": [9.256821747400438e-10, -7.162943769528315e-06, 0.006839347864753556], "PE": 0, "PG": 0, "PI": 0, "PS": 0, "PA": 0, "CL": 0, "SM": 0, "CHOL": 0, "OTHER": 0}, "GLN-14-PROA": {"PC": [1.0858294179195385e-08, -3.123726846457582e-05, 0.009713087116072702], "PE": 0, "PG": 0, "PI": 0, "PS": 0, "PA": 0, "CL": 0, "SM": 0, "CHOL": 0, "OTHER": [7.50643618949932e-05, -0.012584904598772225, 0.40885821350655177]}, "LYS-15-PROA": {"PC": [4.349675243763869e-08, -7.402716497682962e-05, 0.018467666842742536], "PE": 0, "PG": 0, "PI": 0, "PS": 0, "PA": 0, "CL": 0, "SM": 0, "CHOL": 0, "OTHER": [-0.1352139718514605, 1.4873536903660645, 20.942242226135395]}, "LEU-16-PROA": {"PC": [1.7937102851902616e-07, -0.0002716158454681236, 0.02864049264494266], "PE": 0, "PG": 0, "PI": 0, "PS": 0, "PA": 0, "CL": 0, "SM": 0, "CHOL": 0, "OTHER": [8.672399262311088e-08, -0.00010566060512909408, 0.022952027177662468]}, "VAL-17-PROA": {"PC": [1.480544332541487e-08, -4.5712743809589827e-05, 0.014639707476426851], "PE": 0, "PG": 0, "PI": 0, "PS": 0, "PA": 0, "CL": 0, "SM": 0, "CHOL": 0, "OTHER": [4.1098836456513224e-05, -0.005030056092286803, 0.12739835278606199]}, "PHE-18-PROA": {"PC": [1.8976339842206672e-06, -0.0011434095977432147, 0.07904053462968293], "PE": 0, "PG": 0, "PI": 0, "PS": 0, "PA": 0, "CL": 0, "SM": 0, "CHOL": 0, "OTHER": [7.701322229014204e-09, -2.7151776075044243e-05, 0.01706543140226986]}, "PHE-19-PROA": {"PC": [3.462268204866313e-09, -1.660441901943777e-05, 0.007980975586397645], "PE": 0, "PG": 0, "PI": 0, "PS": 0, "PA": 0, "CL": 0, "SM": 0, "CHOL": 0, "OTHER": [0.0498046257272367, -1.0986041734984853, 6.586091231852365]}, "ALA-20-PROA": {"PC": [2.6223376280645828e-08, -9.327664048658883e-05, 0.015467803180825258], "PE": 0, "PG": 0, "PI": 0, "PS": 0, "PA": 0, "CL": 0, "SM": 0, "CHOL": 0, "OTHER": [5.194037320361734e-05, -0.008029743664852453, 0.2394018214291005]}, "GLU-21-PROA": {"PC": [9.226318062851272e-08, -0.00016641404341040814, 0.023650662087080436], "PE": 0, "PG": 0, "PI": 0, "PS": 0, "PA": 0, "CL": 0, "SM": 0, "CHOL": 0, "OTHER": 0}, "ASP-22-PROA": {"PC": [1.659637537158114e-07, -0.0002578217877733258, 0.03388620137725215], "PE": 0, "PG": 0, "PI": 0, "PS": 0, "PA": 0, "CL": 0, "SM": 0, "CHOL": 0, "OTHER": 0}, "VAL-23-PROA": {"PC": [8.755127019363944e-08, -0.00014576293304692555, 0.029528163347256456], "PE": 0, "PG": 0, "PI": 0, "PS": 0, "PA": 0, "CL": 0, "SM": 0, "CHOL": 0, "OTHER": 0}, "GLY-28-PROA": {"PC": [0.00010779740045368941, -0.015426111960692681, 0.3332843794487268], "PE": 0, "PG": 0, "PI": 0, "PS": 0, "PA": 0, "CL": 0, "SM": 0, "CHOL": 0, "OTHER": 0}, "ALA-29-PROA": {"PC": [2.9302019629400604, -31.523604812295332, 85.70101033363697], "PE": 0, "PG": 0, "PI": 0, "PS": 0, "PA": 0, "CL": 0, "SM": 0, "CHOL": 0, "OTHER": 0}, "ILE-30-PROA": {"PC": [8.080627459983645e-05, -0.011279061734242927, 0.2257125221832926], "PE": 0, "PG": 0, "PI": 0, "PS": 0, "PA": 0, "CL": 0, "SM": 0, "CHOL": 0, "OTHER": 0}, "ILE-31-PROA": {"PC": [6.336320918145481e-07, -0.0003677749933696981, 0.039702703265452034], "PE": 0, "PG": 0, "PI": 0, "PS": 0, "PA": 0, "CL": 0, "SM": 0, "CHOL": 0, "OTHER": [5.1085888391702165e-09, -1.7433859661292205e-05, 0.010550771380339944]}, "GLY-32-PROA": {"PC": [7.926725983613818e-09, -1.8694583530509687e-05, 0.011055272074340988], "PE": 0, "PG": 0, "PI": 0, "PS": 0, "PA": 0, "CL": 0, "SM": 0, "CHOL": 0, "OTHER": [9.468401331362626e-05, -0.010846141699845905, 0.20556559817201867]}, "LEU-33-PROA": {"PC": [2.7081475034265675e-06, -0.0010290904226185605, 0.05076434988223409], "PE": 0, "PG": 0, "PI": 0, "PS": 0, "PA": 0, "CL": 0, "SM": 0, "CHOL": 0, "OTHER": [1.4230468134640635e-09, -4.9657377058960664e-06, 0.003432753547480968]}, "MET-34-PROA": {"PC": [4.13975678235802e-07, -0.00028540910398252087, 0.03814756400628367], "PE": 0, "PG": 0, "PI": 0, "PS": 0, "PA": 0, "CL": 0, "SM": 0, "CHOL": 0, "OTHER": [2.1916289403560207e-08, -3.851333258956552e-05, 0.014648634142573414]}, "VAL-35-PROA": {"PC": [5.613320464693231e-08, -0.00011017162199657528, 0.022057492525068122], "PE": 0, "PG": 0, "PI": 0, "PS": 0, "PA": 0, "CL": 0, "SM": 0, "CHOL": 0, "OTHER": [7.692286630763923e-09, -2.4681168336603594e-05, 0.012328711190600855]}, "GLY-36-PROA": {"PC": [3.107099315674976e-09, -2.4826136709158035e-05, 0.007653378062437367], "PE": 0, "PG": 0, "PI": 0, "PS": 0, "PA": 0, "CL": 0, "SM": 0, "CHOL": 0, "OTHER": [0.11603468908799651, -1.663982070248444, 6.785497523989355]}, "GLY-37-PROA": {"PC": [-4.7016365277858145e-09, 1.2407476753200273e-05, 0.004731514054639144], "PE": 0, "PG": 0, "PI": 0, "PS": 0, "PA": 0, "CL": 0, "SM": 0, "CHOL": 0, "OTHER": [0.03751858832433233, -1.200514794746764, 9.285516099111977]}, "VAL-38-PROA": {"PC": [3.683280603843126e-09, -1.3615340435519931e-05, 0.008177740280765726], "PE": 0, "PG": 0, "PI": 0, "PS": 0, "PA": 0, "CL": 0, "SM": 0, "CHOL": 0, "OTHER": 0}, "VAL-39-PROA": {"PC": [2.66696174115217e-09, -1.470829613806665e-05, 0.00886725742816946], "PE": 0, "PG": 0, "PI": 0, "PS": 0, "PA": 0, "CL": 0, "SM": 0, "CHOL": 0, "OTHER": 0}, "ILE-40-PROA": {"PC": [4.4014870746025154e-08, -8.052803002414647e-05, 0.025320283091294974], "PE": 0, "PG": 0, "PI": 0, "PS": 0, "PA": 0, "CL": 0, "SM": 0, "CHOL": 0, "OTHER": 0}, "TYR-51-PROB": {"PC": 0, "PE": 0, "PG": 0, "PI": 0, "PS": 0, "PA": 0, "CL": 0, "SM": 0, "CHOL": 0, "OTHER": 0}, "ILE-72-PROB": {"PC": 0, "PE": 0, "PG": 0, "PI": 0, "PS": 0, "PA": 0, "CL": 0, "SM": 0, "CHOL": 0, "OTHER": 0}, "ILE-73-PROB": {"PC": 0, "PE": 0, "PG": 0, "PI": 0, "PS": 0, "PA": 0, "CL": 0, "SM": 0, "CHOL": 0, "OTHER": 0}, "GLY-74-PROB": {"PC": 0, "PE": 0, "PG": 0, "PI": 0, "PS": 0, "PA": 0, "CL": 0, "SM": 0, "CHOL": 0, "OTHER": 0}, "LEU-75-PROB": {"PC": 0, "PE": 0, "PG": 0, "PI": 0, "PS": 0, "PA": 0, "CL": 0, "SM": 0, "CHOL": 0, "OTHER": 0}, "MET-76-PROB": {"PC": 0, "PE": 0, "PG": 0, "PI": 0, "PS": 0, "PA": 0, "CL": 0, "SM": 0, "CHOL": 0, "OTHER": 0}, "VAL-77-PROB": {"PC": 0, "PE": 0, "PG": 0, "PI": 0, "PS": 0, "PA": 0, "CL": 0, "SM": 0, "CHOL": 0, "OTHER": 0}, "GLY-78-PROB": {"PC": 0, "PE": 0, "PG": 0, "PI": 0, "PS": 0, "PA": 0, "CL": 0, "SM": 0, "CHOL": 0, "OTHER": 0}, "GLY-79-PROB": {"PC": 0, "PE": 0, "PG": 0, "PI": 0, "PS": 0, "PA": 0, "CL": 0, "SM": 0, "CHOL": 0, "OTHER": 0}, "VAL-80-PROB": {"PC": 0, "PE": 0, "PG": 0, "PI": 0, "PS": 0, "PA": 0, "CL": 0, "SM": 0, "CHOL": 0, "OTHER": 0}, "VAL-81-PROB": {"PC": 0, "PE": 0, "PG": 0, "PI": 0, "PS": 0, "PA": 0, "CL": 0, "SM": 0, "CHOL": 0, "OTHER": 0}, "ILE-82-PROB": {"PC": 0, "PE": 0, "PG": 0, "PI": 0, "PS": 0, "PA": 0, "CL": 0, "SM": 0, "CHOL": 0, "OTHER": 0}, "ALA-83-PROB": {"PC": 0, "PE": 0, "PG": 0, "PI": 0, "PS": 0, "PA": 0, "CL": 0, "SM": 0, "CHOL": 0, "OTHER": 0}, "ASP-84-PROC": {"PC": 0, "PE": 0, "PG": 0,