{"PHE-3-PROA": {"PC": [1.852813204598027e-06, -0.0010498230852626232, 0.09203623447615462], "PE": 0, "PG": 0, "PI": 0, "PS": 0, "PA": 0, "CL": 0, "SM": 0, "CHOL": 0}, "ARG-4-PROA": {"PC": [8.336946064462758e-08, -0.0001270861662265471, 0.02558495687214535], "PE": 0, "PG": 0, "PI": 0, "PS": 0, "PA": 0, "CL": 0, "SM": 0, "CHOL": 0}, "TYR-9-PROA": {"PC": [3.859861794131408e-06, -0.0013002356611356398, 0.07843242953765864], "PE": 0, "PG": 0, "PI": 0, "PS": 0, "PA": 0, "CL": 0, "SM": 0, "CHOL": 0}, "GLU-10-PROA": {"PC": [2.2074260810603824e-08, -6.17997112768962e-05, 0.016494876375646277], "PE": 0, "PG": 0, "PI": 0, "PS": 0, "PA": 0, "CL": 0, "SM": 0, "CHOL": [0.00015218046502267686, -0.018243341682533488, 0.32319463929666387]}, "VAL-11-PROA": {"PC": [7.550995586691073e-06, -0.0029639797289833106, 0.14967193220198702], "PE": 0, "PG": 0, "PI": 0, "PS": 0, "PA": 0, "CL": 0, "SM": 0, "CHOL": 0}, "HSD-12-PROA": {"PC": [8.670230922239641e-09, -3.4108809426956124e-05, 0.013812681032701755], "PE": 0, "PG": 0, "PI": 0, "PS": 0, "PA": 0, "CL": 0, "SM": 0, "CHOL": [6.864748687378533e-08, -0.00011095141961045607, 0.03557094055065873]}, "HSD-13-PROA": {"PC": [1.0986742639188998e-07, -0.00015277996779796145, 0.03536984288439663], "PE": 0, "PG": 0, "PI": 0, "PS": 0, "PA": 0, "CL": 0, "SM": 0, "CHOL": [1.036477799682031, 4.156275976724942, 16.66666666666702]}, "GLN-14-PROA": {"PC": [7.775307733589615e-08, -0.00011916456391425946, 0.02098633029944332], "PE": 0, "PG": 0, "PI": 0, "PS": 0, "PA": 0, "CL": 0, "SM": 0, "CHOL": [3.544820743885381e-08, -4.673654115969448e-05, 0.012942073599947897]}, "LYS-15-PROA": {"PC": [2.6973874063351546e-08, -6.60503005898526e-05, 0.021333849650175495], "PE": 0, "PG": 0, "PI": 0, "PS": 0, "PA": 0, "CL": 0, "SM": 0, "CHOL": [-3.54569013766441e-07, 6.386505103149363e-05, 0.029442043360097692]}, "LEU-16-PROA": {"PC": [4.313702857160268e-09, -2.5398582047460823e-05, 0.01013638797259663], "PE": 0, "PG": 0, "PI": 0, "PS": 0, "PA": 0, "CL": 0, "SM": 0, "CHOL": [8.014400081440348e-08, -0.00010902071245649656, 0.021238943425407584]}, "VAL-17-PROA": {"PC": [2.656487538017585e-08, -5.0061826919109956e-05, 0.013711743907317579], "PE": 0, "PG": 0, "PI": 0, "PS": 0, "PA": 0, "CL": 0, "SM": 0, "CHOL": [9.414041042441768e-07, -0.00046768895156385875, 0.03835880758963753]}, "PHE-18-PROA": {"PC": [2.1886446992173844e-08, -5.522448210499358e-05, 0.016234185127179338], "PE": 0, "PG": 0, "PI": 0, "PS": 0, "PA": 0, "CL": 0, "SM": 0, "CHOL": [3.894518888209368e-08, -7.710363595780555e-05, 0.021433500447427308]}, "PHE-19-PROA": {"PC": [1.0133708039969726e-08, -3.545084791490502e-05, 0.01520477836464389], "PE": 0, "PG": 0, "PI": 0, "PS": 0, "PA": 0, "CL": 0, "SM": 0, "CHOL": [4.562050576915047e-08, -6.637763688816305e-05, 0.015147110756743378]}, "ALA-20-PROA": {"PC": [1.1562883676524327e-07, -0.00012924853721811853, 0.02601030258055987], "PE": 0, "PG": 0, "PI": 0, "PS": 0, "PA": 0, "CL": 0, "SM": 0, "CHOL": [5.43735267685961e-09, -2.466881477952678e-05, 0.012872703443266987]}, "GLU-21-PROA": {"PC": [2.592659749200167e-07, -0.0001957810426783378, 0.026251096254851416], "PE": 0, "PG": 0, "PI": 0, "PS": 0, "PA": 0, "CL": 0, "SM": 0, "CHOL": [-1.397695160405717e-06, 0.0005426326344702841, 0.018865122877587386]}, "ASP-22-PROA": {"PC": [2.5542207982012035e-05, -0.00566260112810642, 0.1863731405726031], "PE": 0, "PG": 0, "PI": 0, "PS": 0, "PA": 0, "CL": 0, "SM": 0, "CHOL": [1.0348465641066562e-06, -0.00043957617777429974, 0.04677811514109476]}, "VAL-23-PROA": {"PC": [9.482575590745138e-07, -0.0006312265081201409, 0.06653009767319822], "PE": 0, "PG": 0, "PI": 0, "PS": 0, "PA": 0, "CL": 0, "SM": 0, "CHOL": [8.160111013289965e-05, -0.010542798900597472, 0.28314899300803087]}, "GLY-24-PROA": {"PC": [4.958588522407654e-09, -2.5070557443799876e-05, 0.011459984174619652], "PE": 0, "PG": 0, "PI": 0, "PS": 0, "PA": 0, "CL": 0, "SM": 0, "CHOL": [0.00857686582270849, -0.29033899360874793, 3.116357166536771]}, "ASN-26-PROA": {"PC": [1.6619241606288874e-07, -0.00017547925948319625, 0.027829695143599772], "PE": 0, "PG": 0, "PI": 0, "PS": 0, "PA": 0, "CL": 0, "SM": 0, "CHOL": 0}, "LYS-27-PROA": {"PC": [0.0001380767350757663, -0.014322703636897378, 0.2879154986249389], "PE": 0, "PG": 0, "PI": 0, "PS": 0, "PA": 0, "CL": 0, "SM": 0, "CHOL": [1.036477799682031, 4.156275976724942, 16.66666666666702]}, "GLY-28-PROA": {"PC": [2.6025842133310645e-05, -0.005050506380825581, 0.15434469879974352], "PE": 0, "PG": 0, "PI": 0, "PS": 0, "PA": 0, "CL": 0, "SM": 0, "CHOL": [3.489682765864854e-05, -0.005540334946070018, 0.21635473100079244]}, "ALA-29-PROA": {"PC": [-0.0018943488409645616, 0.1176984487050989, -0.9340818159619111], "PE": 0, "PG": 0, "PI": 0, "PS": 0, "PA": 0, "CL": 0, "SM": 0, "CHOL": [4.780906784346108, 4.646646568854995, -93.87116766177702]}, "ILE-30-PROA": {"PC": [1.036477799682031, 4.156275976724942, 16.66666666666702], "PE": 0, "PG": 0, "PI": 0, "PS": 0, "PA": 0, "CL": 0, "SM": 0, "CHOL": 0}, "ILE-31-PROA": {"PC": [1.161571397001717e-08, -3.445861514427941e-05, 0.010815046618853531], "PE": 0, "PG": 0, "PI": 0, "PS": 0, "PA": 0, "CL": 0, "SM": 0, "CHOL": [-1.7072706236430681e-09, 2.8779301264856326e-06, 0.007011545670643863]}, "GLY-32-PROA": {"PC": [1.0286761018294189e-08, -3.2464900878641386e-05, 0.016680757903491866], "PE": 0, "PG": 0, "PI": 0, "PS": 0, "PA": 0, "CL": 0, "SM": 0, "CHOL": [1.163290670933989e-05, -0.0020502534133534514, 0.10991029550889837]}, "LEU-33-PROA": {"PC": [4.2442627322330505e-09, -1.91157512642367e-05, 0.010258328816648343], "PE": 0, "PG": 0, "PI": 0, "PS": 0, "PA": 0, "CL": 0, "SM": 0, "CHOL": [-0.0001759974797619803, 0.004207004647579219, 0.19342845909876855]}, "MET-34-PROA": {"PC": [2.0521596364099346e-08, -4.620218844735656e-05, 0.014421433797991013], "PE": 0, "PG": 0, "PI": 0, "PS": 0, "PA": 0, "CL": 0, "SM": 0, "CHOL": [1.6121119653153556e-05, -0.004439351981245832, 0.2632429336400244]}, "VAL-35-PROA": {"PC": [1.4404089768492304e-09, -9.390845020709188e-06, 0.009016636894935237], "PE": 0, "PG": 0, "PI": 0, "PS": 0, "PA": 0, "CL": 0, "SM": 0, "CHOL": [8.88857178334787e-09, -2.504304341306601e-05, 0.01157344349405543]}, "GLY-36-PROA": {"PC": [2.252041599361411e-08, -7.074467162564709e-05, 0.014912885021276868], "PE": 0, "PG": 0, "PI": 0, "PS": 0, "PA": 0, "CL": 0, "SM": 0, "CHOL": [0.00010763278102048207, -0.015447330321730691, 0.46412518121188767]}, "GLY-37-PROA": {"PC": [5.239449543390376e-09, -1.975503628985242e-05, 0.01565065638851888], "PE": 0, "PG": 0, "PI": 0, "PS": 0, "PA": 0, "CL": 0, "SM": 0, "CHOL": [0.4186513574477579, -7.037472731326897, 29.100217816151474]}, "VAL-38-PROA": {"PC": [5.03469510211193e-08, -5.494503785961518e-05, 0.009133939153928215], "PE": 0, "PG": 0, "PI": 0, "PS": 0, "PA": 0, "CL": 0, "SM": 0, "CHOL": 0}, "VAL-39-PROA": {"PC": [6.818817180122066e-09, -2.54247025889379e-05, 0.014855769483091731], "PE": 0, "PG": 0, "PI": 0, "PS": 0, "PA": 0, "CL": 0, "SM": 0, "CHOL": 0}, "ILE-40-PROA": {"PC": [9.72764357129919e-07, -0.0006533768108178329, 0.06189624069913918], "PE": 0, "PG": 0, "PI": 0, "PS": 0, "PA": 0, "CL": 0, "SM": 0, "CHOL": 0}, "LYS-69-PROB": {"PC": 0, "PE": 0, "PG": 0, "PI": 0, "PS": 0, "PA": 0, "CL": 0, "SM": 0, "CHOL": 0}, "GLY-70-PROB": {"PC": 0, "PE": 0, "PG": 0, "PI": 0, "PS": 0, "PA": 0, "CL": 0, "SM": 0, "CHOL": 0}, "ALA-71-PROB": {"PC": 0, "PE": 0, "PG": 0, "PI": 0, "PS": 0, "PA": 0, "CL": 0, "SM": 0, "CHOL": 0}, "ILE-72-PROB": {"PC": 0, "PE": 0, "PG": 0, "PI": 0, "PS": 0, "PA": 0, "CL": 0, "SM": 0, "CHOL": 0}, "ILE-73-PROB": {"PC": 0, "PE": 0, "PG": 0, "PI": 0, "PS": 0, "PA": 0, "CL": 0, "SM": 0, "CHOL": 0}, "GLY-74-PROB": {"PC": 0, "PE": 0, "PG": 0, "PI": 0, "PS": 0, "PA": 0, "CL": 0, "SM": 0, "CHOL": 0}, "LEU-75-PROB": {"PC": 0, "PE": 0, "PG": 0, "PI": 0, "PS": 0, "PA": 0, "CL": 0, "SM": 0, "CHOL": 0}, "MET-76-PROB": {"PC": 0, "PE": 0, "PG": 0, "PI": 0, "PS": 0, "PA": 0, "CL": 0, "SM": 0, "CHOL": 0}, "VAL-77-PROB": {"PC": 0, "PE": 0, "PG": 0, "PI": 0, "PS": 0, "PA": 0, "CL": 0, "SM": 0, "CHOL": 0},