{"TYR-9-PROA": {"PC": [0.04464465288606415, -1.2736546142146061, 7.797880776777595], "PE": 0, "PG": 0, "PI": 0, "PS": 0, "PA": 0, "CL": 0, "SM": 0, "CHOL": 0}, "GLU-10-PROA": {"PC": [2.2963208769632275e-05, -0.0037910977810333107, 0.20020282500808687], "PE": 0, "PG": 0, "PI": 0, "PS": 0, "PA": 0, "CL": 0, "SM": 0, "CHOL": [-1.1880102120423913e-07, 0.0001608628836963346, -0.0009700929935389705]}, "VAL-11-PROA": {"PC": [1.1655242780452322e-07, -0.00016597978583005664, 0.04248851485752245], "PE": 0, "PG": 0, "PI": 0, "PS": 0, "PA": 0, "CL": 0, "SM": 0, "CHOL": 0}, "HSD-12-PROA": {"PC": [1.1009352654972054e-08, -3.6082616120724614e-05, 0.018056195629640583], "PE": 0, "PG": 0, "PI": 0, "PS": 0, "PA": 0, "CL": 0, "SM": 0, "CHOL": [1.0443300162238855e-08, -2.2368163140282428e-05, 0.008292849280405381]}, "HSD-13-PROA": {"PC": [3.533304546292771e-07, -0.00033152052370287883, 0.042445146626359676], "PE": 0, "PG": 0, "PI": 0, "PS": 0, "PA": 0, "CL": 0, "SM": 0, "CHOL": [-0.00104072741728645, 0.06671745836372195, -0.06150598247550035]}, "GLN-14-PROA": {"PC": [6.34480256587082e-08, -0.00010450874625564396, 0.02412463468144073], "PE": 0, "PG": 0, "PI": 0, "PS": 0, "PA": 0, "CL": 0, "SM": 0, "CHOL": [7.625696242617853e-07, -0.0005599146001943187, 0.06583256722724311]}, "LYS-15-PROA": {"PC": [2.464690535474772e-08, -5.621151505376525e-05, 0.020546218627256342], "PE": 0, "PG": 0, "PI": 0, "PS": 0, "PA": 0, "CL": 0, "SM": 0, "CHOL": [-9.90731916271471e-07, 0.0002145923485449077, 0.042087631734872545]}, "LEU-16-PROA": {"PC": [1.4955296836176055e-08, -4.762323586251879e-05, 0.013889499143203763], "PE": 0, "PG": 0, "PI": 0, "PS": 0, "PA": 0, "CL": 0, "SM": 0, "CHOL": [0.010676697175351345, -0.4301195361297154, 3.583116989782659]}, "VAL-17-PROA": {"PC": [1.2202544783305495e-09, -6.891539827499591e-06, 0.007335558326398607], "PE": 0, "PG": 0, "PI": 0, "PS": 0, "PA": 0, "CL": 0, "SM": 0, "CHOL": [1.0320065403132345e-06, -0.0006402450595998691, 0.056961969729182264]}, "PHE-18-PROA": {"PC": [1.9695298390481475e-08, -5.585031253615802e-05, 0.013261800354431037], "PE": 0, "PG": 0, "PI": 0, "PS": 0, "PA": 0, "CL": 0, "SM": 0, "CHOL": [5.655191459555883e-07, -0.00045550633303602416, 0.0634024600514907]}, "PHE-19-PROA": {"PC": [1.217077803528077e-07, -0.00013725925253589262, 0.02326767845435347], "PE": 0, "PG": 0, "PI": 0, "PS": 0, "PA": 0, "CL": 0, "SM": 0, "CHOL": [1.1804487613719494e-06, -0.0006901578048682986, 0.0653525915404302]}, "ALA-20-PROA": {"PC": [1.9256544504121104e-07, -0.00020404590235198353, 0.030026420656849923], "PE": 0, "PG": 0, "PI": 0, "PS": 0, "PA": 0, "CL": 0, "SM": 0, "CHOL": [6.48163151823984e-07, -0.0004998359852974063, 0.05319016838629677]}, "GLU-21-PROA": {"PC": [6.490995073646693e-07, -0.00046975613243882964, 0.03829123867530943], "PE": 0, "PG": 0, "PI": 0, "PS": 0, "PA": 0, "CL": 0, "SM": 0, "CHOL": [0.3026283016240196, -2.9669304109721795, 7.361791050082944]}, "ASP-22-PROA": {"PC": [4.42801825780484e-07, -0.00036282434091793265, 0.038456519366951526], "PE": 0, "PG": 0, "PI": 0, "PS": 0, "PA": 0, "CL": 0, "SM": 0, "CHOL": [0.03986837235638881, -0.9572693166758944, 5.713795881488541]}, "VAL-23-PROA": {"PC": [6.542480670513955e-07, -0.0004251484844269232, 0.05114834066313884], "PE": 0, "PG": 0, "PI": 0, "PS": 0, "PA": 0, "CL": 0, "SM": 0, "CHOL": 0}, "GLY-24-PROA": {"PC": [3.379728238650968e-08, -8.010305916072767e-05, 0.020670969670681417], "PE": 0, "PG": 0, "PI": 0, "PS": 0, "PA": 0, "CL": 0, "SM": 0, "CHOL": [-0.07073317824832344, 1.4764082743312934, -4.566533092408055]}, "SER-25-PROA": {"PC": [1.27204972682192e-07, -0.00018898799308428172, 0.03242387179854085], "PE": 0, "PG": 0, "PI": 0, "PS": 0, "PA": 0, "CL": 0, "SM": 0, "CHOL": 0}, "ASN-26-PROA": {"PC": [4.976596157900941e-06, -0.0016863786108050178, 0.12332509833058221], "PE": 0, "PG": 0, "PI": 0, "PS": 0, "PA": 0, "CL": 0, "SM": 0, "CHOL": 0}, "LYS-27-PROA": {"PC": [6.258904155379387e-05, -0.00581558875699717, 0.15493675550424207], "PE": 0, "PG": 0, "PI": 0, "PS": 0, "PA": 0, "CL": 0, "SM": 0, "CHOL": 0}, "GLY-28-PROA": {"PC": 0, "PE": 0, "PG": 0, "PI": 0, "PS": 0, "PA": 0, "CL": 0, "SM": 0, "CHOL": 0}, "ALA-29-PROA": {"PC": [0.00012889424940245477, -0.007314299496455151, 0.0801798900001647], "PE": 0, "PG": 0, "PI": 0, "PS": 0, "PA": 0, "CL": 0, "SM": 0, "CHOL": 0}, "ILE-30-PROA": {"PC": [9.77033878653108e-06, -0.0025442140961873345, 0.10941415785789453], "PE": 0, "PG": 0, "PI": 0, "PS": 0, "PA": 0, "CL": 0, "SM": 0, "CHOL": 0}, "ILE-31-PROA": {"PC": [5.675987259579443e-08, -0.00010093126000528643, 0.023151082661463804], "PE": 0, "PG": 0, "PI": 0, "PS": 0, "PA": 0, "CL": 0, "SM": 0, "CHOL": [2.582752868393245e-06, -0.0011457481329422577, 0.10362808268976229]}, "GLY-32-PROA": {"PC": [8.367454580441633e-08, -0.00013134247921626954, 0.02980870762255945], "PE": 0, "PG": 0, "PI": 0, "PS": 0, "PA": 0, "CL": 0, "SM": 0, "CHOL": [-6.407531807537818e-05, -0.0012837945721682021, 0.252380506063274]}, "LEU-33-PROA": {"PC": [1.320639243659708e-07, -0.0001865787215423323, 0.029087110168311586], "PE": 0, "PG": 0, "PI": 0, "PS": 0, "PA": 0, "CL": 0, "SM": 0, "CHOL": [0.25976684367179953, 2.080732417811113, 16.66666666666702]}, "MET-34-PROA": {"PC": [3.412828929350222e-08, -7.210565578741211e-05, 0.02098343583509259], "PE": 0, "PG": 0, "PI": 0, "PS": 0, "PA": 0, "CL": 0, "SM": 0, "CHOL": [4.089442122663826e-07, -0.00035927144964211075, 0.05383119217321867]}, "VAL-35-PROA": {"PC": [8.811856247841624e-09, -3.0167278051790645e-05, 0.015645405037672123], "PE": 0, "PG": 0, "PI": 0, "PS": 0, "PA": 0, "CL": 0, "SM": 0, "CHOL": [2.6863361042366645e-08, -5.908400757273935e-05, 0.02134966536700047]}, "GLY-36-PROA": {"PC": [1.4327959839510043e-08, -3.5909488706459427e-05, 0.014874208155033061], "PE": 0, "PG": 0, "PI": 0, "PS": 0, "PA": 0, "CL": 0, "SM": 0, "CHOL": [6.133194517856509e-08, -8.864465137303675e-05, 0.02123803323964337]}, "GLY-37-PROA": {"PC": [-8.375962958915982e-09, 1.9913816524518786e-06, 0.008828726829686804], "PE": 0, "PG": 0, "PI": 0, "PS": 0, "PA": 0, "CL": 0, "SM": 0, "CHOL": [9.160886920107677e-08, -0.00011619040131725643, 0.024298088831862043]}, "VAL-38-PROA": {"PC": [1.2667504977890931e-06, -0.0005990411450978152, 0.04957267816254169], "PE": 0, "PG": 0, "PI": 0, "PS": 0, "PA": 0, "CL": 0, "SM": 0, "CHOL": [6.815031677013947e-07, -0.0004386577318729335, 0.05686882881125499]}, "VAL-39-PROA": {"PC": [4.064422363256312e-05, -0.008085985929075301, 0.24149973342931103], "PE": 0, "PG": 0, "PI": 0, "PS": 0, "PA": 0, "CL": 0, "SM": 0, "CHOL": [2.2448230341256466e-08, -3.921728277623672e-05, 0.012513250679495252]}, "ILE-40-PROA": {"PC": [6.437606638219577e-08, -7.744011750144591e-05, 0.016187671090577196], "PE": 0, "PG": 0, "PI": 0, "PS": 0, "PA": 0, "CL": 0, "SM": 0, "CHOL": [8.467428698666994e-08, -8.473363805334717e-05, 0.02028072656253034]}, "SER-49-PROB": {"PC": 0, "PE": 0, "PG": 0, "PI": 0, "PS": 0, "PA": 0, "CL": 0, "SM": 0, "CHOL": 0}, "GLY-50-PROB": {"PC": 0, "PE": 0, "PG": 0, "PI": 0, "PS": 0, "PA": 0, "CL": 0, "SM": 0, "CHOL": 0}, "TYR-51-PROB": {"PC": 0, "PE": 0, "PG": 0, "PI": 0, "PS": 0, "PA": 0, "CL": 0, "SM": 0, "CHOL": 0}, "GLU-52-PROB": {"PC": 0, "PE": 0, "PG": 0, "PI": 0, "PS": 0, "PA": 0, "CL": 0, "SM": 0, "CHOL": 0}, "VAL-53-PROB": {"PC": 0, "PE": 0, "PG": 0, "PI": 0, "PS": 0, "PA": 0, "CL": 0, "SM": 0, "CHOL": 0}, "HSD-54-PROB": {"PC": 0, "PE": 0, "PG": 0, "PI": 0, "PS": 0, "PA": 0, "CL": 0, "SM": 0, "CHOL": 0}, "HSD-55-PROB": {"PC": 0, "PE": 0, "PG": 0, "PI": 0, "PS": 0, "PA": 0, "CL": 0, "SM": 0, "CHOL": 0}, "GLN-56-PROB": {"PC": 0, "PE": 0, "PG": 0, "PI": 0, "PS": 0, "PA": 0, "CL": 0, "SM": 0, "CHOL": 0}, "LYS-57-PROB": {"PC": 0, "PE": 0, "PG": 0, "PI": 0, "PS": 0, "PA": 0, "CL": 0, "SM": 0, "CHOL": 0}, "LEU-58-PROB": {"PC": 0, "PE": 0, "PG": 0, "PI": 0, "PS": 0, "PA": 0, "CL": 0, "SM": 0, "CHOL": 0}, "VAL-59-PROB": {"PC": 0, "PE": 0, "PG": 0, "PI": 0, "PS": 0, "PA": 0, "CL": 0, "SM": 0, "CHOL": 0}, "PHE-60-PROB": {"PC": 0, "PE": 0, "PG": 0, "PI": 0, "PS": 0, "PA": 0, "CL": 0,