{"ASP-0-PROA": {"PC": 0, "PE": 0, "PG": 0, "PI": 0, "PS": 0, "PA": 0, "CL": 0, "SM": 0, "CHOL": 0}, "ALA-1-PROA": {"PC": [1.7094149209865177e-06, -0.0007212349596360587, 0.05979423347638763], "PE": 0, "PG": 0, "PI": 0, "PS": 0, "PA": 0, "CL": 0, "SM": 0, "CHOL": [0.001933520638538965, -0.009097070658081498, -0.03322421414198761]}, "GLU-2-PROA": {"PC": [2.433235056296328e-06, -0.0009045640998159029, 0.06851655263187938], "PE": 0, "PG": 0, "PI": 0, "PS": 0, "PA": 0, "CL": 0, "SM": 0, "CHOL": [9.657406100456423e-06, -0.0030069719626734104, 0.12007156415050889]}, "PHE-3-PROA": {"PC": [3.300698385468134e-07, -0.0002992595677264073, 0.03247122831233348], "PE": 0, "PG": 0, "PI": 0, "PS": 0, "PA": 0, "CL": 0, "SM": 0, "CHOL": [5.216770929297987e-06, -0.0016167442073708907, 0.08809785064052507]}, "ARG-4-PROA": {"PC": [3.503735739342066e-08, -4.9901292582539416e-05, 0.015537740058469609], "PE": 0, "PG": 0, "PI": 0, "PS": 0, "PA": 0, "CL": 0, "SM": 0, "CHOL": [-7.044131908603756e-08, 1.0898378693199916e-05, 0.017909784243231582]}, "HSD-5-PROA": {"PC": [5.597315305657929e-08, -9.904621332346562e-05, 0.02184590075436366], "PE": 0, "PG": 0, "PI": 0, "PS": 0, "PA": 0, "CL": 0, "SM": 0, "CHOL": [5.852909988296262e-07, -0.00047171139122377287, 0.0561378927617641]}, "VAL-11-PROA": {"PC": [4.92624958977209e-07, -0.0004495498331497989, 0.04477546194873206], "PE": 0, "PG": 0, "PI": 0, "PS": 0, "PA": 0, "CL": 0, "SM": 0, "CHOL": [7.381068676872846e-05, -0.010183738312175982, 0.3923432735865297]}, "HSD-12-PROA": {"PC": [3.850574470224897e-08, -8.394290899564932e-05, 0.024842230941740286], "PE": 0, "PG": 0, "PI": 0, "PS": 0, "PA": 0, "CL": 0, "SM": 0, "CHOL": [2.5367679326829306e-06, -0.0011660835144252086, 0.09511307568013554]}, "HSD-13-PROA": {"PC": [9.63760085537555e-08, -0.0001429089713408559, 0.03326533226164293], "PE": 0, "PG": 0, "PI": 0, "PS": 0, "PA": 0, "CL": 0, "SM": 0, "CHOL": 0}, "GLN-14-PROA": {"PC": [1.5534788984370595e-07, -0.00019654253581706833, 0.03060535812874699], "PE": 0, "PG": 0, "PI": 0, "PS": 0, "PA": 0, "CL": 0, "SM": 0, "CHOL": [8.331792399605007e-08, -8.380479816935658e-05, 0.016213788259582827]}, "LYS-15-PROA": {"PC": [5.621822104183318e-08, -0.00010458511457481734, 0.020944487508624297], "PE": 0, "PG": 0, "PI": 0, "PS": 0, "PA": 0, "CL": 0, "SM": 0, "CHOL": [-0.8491678545725102, 11.81515204553421, -33.38973692897477]}, "LEU-16-PROA": {"PC": [1.7456910868954477e-07, -0.0002410264954987569, 0.031442717789949885], "PE": 0, "PG": 0, "PI": 0, "PS": 0, "PA": 0, "CL": 0, "SM": 0, "CHOL": [1.0213907806032375e-06, -0.0006701170546195604, 0.061956397696453856]}, "VAL-17-PROA": {"PC": [9.034596880958527e-08, -0.00012541172180193612, 0.021001991071296747], "PE": 0, "PG": 0, "PI": 0, "PS": 0, "PA": 0, "CL": 0, "SM": 0, "CHOL": [6.094422702989989e-06, -0.0017344895016791306, 0.08430468030164498]}, "PHE-18-PROA": {"PC": [1.8176061190538822e-07, -0.00020295551789450367, 0.030803723557003514], "PE": 0, "PG": 0, "PI": 0, "PS": 0, "PA": 0, "CL": 0, "SM": 0, "CHOL": [8.120951508493913e-07, -0.0005074178447130882, 0.05138358078552284]}, "PHE-19-PROA": {"PC": [5.827562239513106e-09, -2.1685464817800186e-05, 0.01196223458444327], "PE": 0, "PG": 0, "PI": 0, "PS": 0, "PA": 0, "CL": 0, "SM": 0, "CHOL": [5.362424308921748e-07, -0.0003558387123809121, 0.04805583435854033]}, "ALA-20-PROA": {"PC": [2.919337619711762e-08, -7.425971935524996e-05, 0.019564009609944606], "PE": 0, "PG": 0, "PI": 0, "PS": 0, "PA": 0, "CL": 0, "SM": 0, "CHOL": [2.003615602770948e-08, -3.684001372814682e-05, 0.01811035798384281]}, "GLU-21-PROA": {"PC": [1.3365102467113514e-07, -0.0001642294739581257, 0.025431239492770184], "PE": 0, "PG": 0, "PI": 0, "PS": 0, "PA": 0, "CL": 0, "SM": 0, "CHOL": [-6.61542107178307e-07, 0.00011373225478247778, 0.057511936060328846]}, "ASP-22-PROA": {"PC": [1.3221264911291597e-07, -0.00022521888825306605, 0.031706663611249984], "PE": 0, "PG": 0, "PI": 0, "PS": 0, "PA": 0, "CL": 0, "SM": 0, "CHOL": [1.6885405823720564e-05, -0.0036867009199319503, 0.1300211204305893]}, "VAL-23-PROA": {"PC": [8.234541181603764e-08, -0.0001313323804075856, 0.023136221318449144], "PE": 0, "PG": 0, "PI": 0, "PS": 0, "PA": 0, "CL": 0, "SM": 0, "CHOL": [-2.5829400091833293e-06, -0.0006807173514590319, 0.17633965148730388]}, "GLY-24-PROA": {"PC": [8.808057299233073e-09, -3.2043943820197254e-05, 0.01307220695939809], "PE": 0, "PG": 0, "PI": 0, "PS": 0, "PA": 0, "CL": 0, "SM": 0, "CHOL": [3.229756525393221e-08, -6.43367116791935e-05, 0.015412340160238803]}, "SER-25-PROA": {"PC": [4.8303900785273985e-06, -0.001709447448039742, 0.0859344614162245], "PE": 0, "PG": 0, "PI": 0, "PS": 0, "PA": 0, "CL": 0, "SM": 0, "CHOL": [7.571211349619321e-06, -0.0018388647910135894, 0.07874501701141386]}, "ASN-26-PROA": {"PC": [1.1895632322585168e-06, -0.0005733835856446078, 0.05532034483145194], "PE": 0, "PG": 0, "PI": 0, "PS": 0, "PA": 0, "CL": 0, "SM": 0, "CHOL": [1.8869773607142747e-05, -0.00431094016076939, 0.14147666251497748]}, "LYS-27-PROA": {"PC": [0.00015913372271847588, -0.01661241500741903, 0.2700779758780558], "PE": 0, "PG": 0, "PI": 0, "PS": 0, "PA": 0, "CL": 0, "SM": 0, "CHOL": 0}, "GLY-28-PROA": {"PC": [3.146854744983693e-05, -0.004253265519976911, 0.1474651896647283], "PE": 0, "PG": 0, "PI": 0, "PS": 0, "PA": 0, "CL": 0, "SM": 0, "CHOL": [5.0275543873164606e-05, -0.009001322447928435, 0.31069288099475706]}, "ALA-29-PROA": {"PC": [4.223296543296374e-05, -0.008527162226921566, 0.2643991728211355], "PE": 0, "PG": 0, "PI": 0, "PS": 0, "PA": 0, "CL": 0, "SM": 0, "CHOL": [1.0570565436617645, 2.0711579193913354, -25.297400293033476]}, "ILE-30-PROA": {"PC": [0.0006106956729946642, -0.04883302120516964, 0.633563057942291], "PE": 0, "PG": 0, "PI": 0, "PS": 0, "PA": 0, "CL": 0, "SM": 0, "CHOL": [-0.05031600645135203, 0.8607069544972793, -1.842901004350769]}, "ILE-31-PROA": {"PC": [8.336819055830459e-09, -3.7687300095898123e-05, 0.011709339621647491], "PE": 0, "PG": 0, "PI": 0, "PS": 0, "PA": 0, "CL": 0, "SM": 0, "CHOL": [-9.651166793562116e-06, 0.0026552254576190488, -0.02380835322365962]}, "GLY-32-PROA": {"PC": [1.4935696958493033e-07, -0.00020000815758759784, 0.028819284887742724], "PE": 0, "PG": 0, "PI": 0, "PS": 0, "PA": 0, "CL": 0, "SM": 0, "CHOL": [1.3895639722305696e-08, -3.0232802998003328e-05, 0.01351593619227271]}, "LEU-33-PROA": {"PC": [3.3281611248515746e-07, -0.00030316274622602677, 0.03343133230339349], "PE": 0, "PG": 0, "PI": 0, "PS": 0, "PA": 0, "CL": 0, "SM": 0, "CHOL": [-8.182336968325926e-07, 0.0005632369402979435, 0.009389890404336031]}, "MET-34-PROA": {"PC": [1.1986667235561447e-07, -0.00015531223115687522, 0.02556073204572404], "PE": 0, "PG": 0, "PI": 0, "PS": 0, "PA": 0, "CL": 0, "SM": 0, "CHOL": [5.1658019009972325e-08, -8.98106387855009e-05, 0.02325873100602129]}, "VAL-35-PROA": {"PC": [1.0918432936376023e-08, -3.286991958230048e-05, 0.01672199761129158], "PE": 0, "PG": 0, "PI": 0, "PS": 0, "PA": 0, "CL": 0, "SM": 0, "CHOL": [6.9723919325804295e-09, -1.9785555073420446e-05, 0.007616479994285606]}, "GLY-36-PROA": {"PC": [4.710292019078162e-09, -2.205492919991456e-05, 0.010359273964541582], "PE": 0, "PG": 0, "PI": 0, "PS": 0, "PA": 0, "CL": 0, "SM": 0, "CHOL": [1.8258400410472283e-06, -0.0011310346716871397, 0.09258251852724228]}, "GLY-37-PROA": {"PC": [7.572102476120678e-09, -1.798381854337833e-05, 0.007289861972501293], "PE": 0, "PG": 0, "PI": 0, "PS": 0, "PA": 0, "CL": 0, "SM": 0, "CHOL": 0}, "VAL-38-PROA": {"PC": [1.3082506612316637e-08, -2.636469585368421e-05, 0.010277397108892852], "PE": 0, "PG": 0, "PI": 0, "PS": 0, "PA": 0, "CL": 0, "SM": 0, "CHOL": 0}, "ILE-72-PROB": {"PC": 0, "PE": 0, "PG": 0, "PI": 0, "PS": 0, "PA": 0, "CL": 0, "SM": 0, "CHOL": 0}, "ILE-73-PROB": {"PC": 0, "PE": 0, "PG": 0, "PI": 0, "PS": 0, "PA": 0, "CL": 0, "SM": 0, "CHOL": 0}, "GLY-74-PROB": {"PC": 0, "PE": 0, "PG": 0, "PI": 0, "PS": 0, "PA": 0, "CL": 0, "SM": 0, "CHOL": 0}, "LEU-75-PROB": {"PC": 0, "PE": 0, "PG": 0, "PI": 0, "PS": 0, "PA": 0, "CL": 0, "SM": 0, "CHOL": 0}, "MET-76-PROB": {"PC": 0, "PE": 0,