{"ASP-0-PROA": {"PC": 0, "PE": 0, "PG": 0, "PI": 0, "PS": 0, "PA": 0, "CL": 0, "SM": 0, "CHOL": 0}, "ALA-1-PROA": {"PC": [1.6329833883216878e-06, -0.001139836400803012, 0.0726727696796215], "PE": 0, "PG": 0, "PI": 0, "PS": 0, "PA": 0, "CL": 0, "SM": 0, "CHOL": [-7.161282865315977e-05, 0.006752356103366088, -0.0004738498617143583]}, "GLU-2-PROA": {"PC": [6.339679182902197e-06, -0.0016454935909165508, 0.07074385277248393], "PE": 0, "PG": 0, "PI": 0, "PS": 0, "PA": 0, "CL": 0, "SM": 0, "CHOL": 0}, "PHE-3-PROA": {"PC": [1.9118485640745338e-07, -0.00022654840430879535, 0.0346330849382485], "PE": 0, "PG": 0, "PI": 0, "PS": 0, "PA": 0, "CL": 0, "SM": 0, "CHOL": [1.594322594982489e-07, -0.00016998334340418648, 0.03148634581646498]}, "ARG-4-PROA": {"PC": [1.8243715767530223e-07, -0.00021773074448236775, 0.039367347515736936], "PE": 0, "PG": 0, "PI": 0, "PS": 0, "PA": 0, "CL": 0, "SM": 0, "CHOL": [1.5344304014522164e-08, -4.701226108135343e-05, 0.01794446116183282]}, "HSD-5-PROA": {"PC": [2.6889799365718476e-08, -7.163090032718817e-05, 0.01805675123942794], "PE": 0, "PG": 0, "PI": 0, "PS": 0, "PA": 0, "CL": 0, "SM": 0, "CHOL": [2.755944103312801e-07, -0.0002088195438826857, 0.039843689863088394]}, "SER-7-PROA": {"PC": [-0.00034474941872451333, -0.01941575848672248, 0.722373177095302], "PE": 0, "PG": 0, "PI": 0, "PS": 0, "PA": 0, "CL": 0, "SM": 0, "CHOL": 0}, "GLY-8-PROA": {"PC": [-1.772368289191497e-05, 0.00210267418002121, 0.07681842375771483], "PE": 0, "PG": 0, "PI": 0, "PS": 0, "PA": 0, "CL": 0, "SM": 0, "CHOL": 0}, "TYR-9-PROA": {"PC": [0.006115899610282619, -0.3533733998537371, 5.1068764808055676], "PE": 0, "PG": 0, "PI": 0, "PS": 0, "PA": 0, "CL": 0, "SM": 0, "CHOL": [-0.008745442681553554, 0.19815659610144754, 0.28073726165910146]}, "GLU-10-PROA": {"PC": [1.9385671753344906e-08, -5.440695211197609e-05, 0.01886314779187727], "PE": 0, "PG": 0, "PI": 0, "PS": 0, "PA": 0, "CL": 0, "SM": 0, "CHOL": [1.2397660791405581e-08, -3.7989228668274953e-05, 0.0176950164021116]}, "VAL-11-PROA": {"PC": [3.6683460783480385e-07, -0.00037916381100195425, 0.04140516497386819], "PE": 0, "PG": 0, "PI": 0, "PS": 0, "PA": 0, "CL": 0, "SM": 0, "CHOL": [2.7518984632738156e-08, -5.169363719788899e-05, 0.015904564385053686]}, "HSD-12-PROA": {"PC": [1.3333618405652606e-07, -0.00010232331762425574, 0.021128816045648247], "PE": 0, "PG": 0, "PI": 0, "PS": 0, "PA": 0, "CL": 0, "SM": 0, "CHOL": [1.3262498412952204e-08, -3.090389497678256e-05, 0.011786149716952837]}, "HSD-13-PROA": {"PC": [3.7791510835711944e-07, -0.00038475267929555154, 0.040520680547394064], "PE": 0, "PG": 0, "PI": 0, "PS": 0, "PA": 0, "CL": 0, "SM": 0, "CHOL": [4.58164155900612e-06, -0.0020315732389976637, 0.10375881567149357]}, "GLN-14-PROA": {"PC": [3.748865021436415e-08, -8.577046540819434e-05, 0.016788007104481452], "PE": 0, "PG": 0, "PI": 0, "PS": 0, "PA": 0, "CL": 0, "SM": 0, "CHOL": [7.238631766812193e-08, -0.00011509276912949101, 0.025139397619155752]}, "LYS-15-PROA": {"PC": [3.614998969306457e-08, -8.138834943717347e-05, 0.020683694937053982], "PE": 0, "PG": 0, "PI": 0, "PS": 0, "PA": 0, "CL": 0, "SM": 0, "CHOL": [4.439382880976127e-05, -0.006196269795028826, 0.17794285463972112]}, "LEU-16-PROA": {"PC": [2.084838164728843e-08, -5.3682551892045436e-05, 0.01947513426860746], "PE": 0, "PG": 0, "PI": 0, "PS": 0, "PA": 0, "CL": 0, "SM": 0, "CHOL": [1.4278527461759872e-05, -0.0027612277886995724, 0.10620554926261008]}, "VAL-17-PROA": {"PC": [4.649045563044055e-08, -8.83093614938984e-05, 0.0208182333932763], "PE": 0, "PG": 0, "PI": 0, "PS": 0, "PA": 0, "CL": 0, "SM": 0, "CHOL": [-3.8912108753145975e-08, -8.418239642284837e-05, 0.02756035619259108]}, "PHE-18-PROA": {"PC": [5.449020010621824e-09, -2.069626261659897e-05, 0.014554305902236612], "PE": 0, "PG": 0, "PI": 0, "PS": 0, "PA": 0, "CL": 0, "SM": 0, "CHOL": [6.215117803204482e-05, -0.004724569574408072, 0.0949823760110733]}, "PHE-19-PROA": {"PC": [7.311484248188116e-08, -0.00014240509673686653, 0.024701391884982174], "PE": 0, "PG": 0, "PI": 0, "PS": 0, "PA": 0, "CL": 0, "SM": 0, "CHOL": [2.950607440119322e-07, -0.000269782280169942, 0.0315940884823236]}, "ALA-20-PROA": {"PC": [2.8894392376486385e-07, -0.00033394193073080626, 0.03162913769704238], "PE": 0, "PG": 0, "PI": 0, "PS": 0, "PA": 0, "CL": 0, "SM": 0, "CHOL": [6.111573768606256e-05, -0.006057574271800802, 0.1437960674740619]}, "GLU-21-PROA": {"PC": [1.2449043389284184e-06, -0.0006643384507797958, 0.0490637840062753], "PE": 0, "PG": 0, "PI": 0, "PS": 0, "PA": 0, "CL": 0, "SM": 0, "CHOL": [-2.5495699113495514e-05, 0.00511109968616813, -0.08641319321253318]}, "LYS-27-PROA": {"PC": [0.00038324268300749784, -0.018143015292300023, 0.19225911658144706], "PE": 0, "PG": 0, "PI": 0, "PS": 0, "PA": 0, "CL": 0, "SM": 0, "CHOL": 0}, "GLY-28-PROA": {"PC": [0.00019925928339841766, -0.018201594230635717, 0.3646394940842149], "PE": 0, "PG": 0, "PI": 0, "PS": 0, "PA": 0, "CL": 0, "SM": 0, "CHOL": [0.4614236025555584, 2.773155851358906, 16.666666666667027]}, "ALA-29-PROA": {"PC": [-0.04729783467865714, 1.1192442698935685, -4.7893445644662345], "PE": 0, "PG": 0, "PI": 0, "PS": 0, "PA": 0, "CL": 0, "SM": 0, "CHOL": [0.0072307831561440284, 0.34714989932647483, 16.66666666666406]}, "ILE-30-PROA": {"PC": [2.923620134391199e-07, -0.0002839291808315426, 0.0412122172766939], "PE": 0, "PG": 0, "PI": 0, "PS": 0, "PA": 0, "CL": 0, "SM": 0, "CHOL": [0.007873073087011672, 0.36224009273340696, 16.66666666666406]}, "ILE-31-PROA": {"PC": [6.046659184530838e-10, -4.519632906748411e-06, 0.0071378783495406484], "PE": 0, "PG": 0, "PI": 0, "PS": 0, "PA": 0, "CL": 0, "SM": 0, "CHOL": 0}, "GLY-32-PROA": {"PC": [5.270713568517532e-08, -9.443398185879966e-05, 0.017792240202851636], "PE": 0, "PG": 0, "PI": 0, "PS": 0, "PA": 0, "CL": 0, "SM": 0, "CHOL": [2.396336189662912e-06, -0.0011648756265585937, 0.09386796327239358]}, "LEU-33-PROA": {"PC": [8.660479776007009e-10, -6.149556045793328e-06, 0.00825432055862276], "PE": 0, "PG": 0, "PI": 0, "PS": 0, "PA": 0, "CL": 0, "SM": 0, "CHOL": [-6.755039687575648e-06, -0.020577122214403124, 1.0103021432938022]}, "MET-34-PROA": {"PC": [2.7285932759312602e-08, -6.208611632296435e-05, 0.01924179079052175], "PE": 0, "PG": 0, "PI": 0, "PS": 0, "PA": 0, "CL": 0, "SM": 0, "CHOL": [1.0600907961397309e-06, -0.0004957305112803153, 0.04654990447026065]}, "VAL-35-PROA": {"PC": [2.1914809925465723e-09, -1.2574123830248646e-05, 0.008470331377320568], "PE": 0, "PG": 0, "PI": 0, "PS": 0, "PA": 0, "CL": 0, "SM": 0, "CHOL": [9.777154391277408e-05, -0.014810659042876775, 0.4300983156927938]}, "GLY-36-PROA": {"PC": [2.599027983793522e-08, -6.132798825152565e-05, 0.014246731741380546], "PE": 0, "PG": 0, "PI": 0, "PS": 0, "PA": 0, "CL": 0, "SM": 0, "CHOL": [1.1888549458196993e-05, -0.0031563929609809706, 0.16103115772352605]}, "GLY-37-PROA": {"PC": [1.8851765181498651e-07, -0.00013905703819906774, 0.02244459159922721], "PE": 0, "PG": 0, "PI": 0, "PS": 0, "PA": 0, "CL": 0, "SM": 0, "CHOL": [1.3351648289318395e-05, -0.003736594898341295, 0.19369875272756246]}, "VAL-38-PROA": {"PC": [3.891641497265749e-07, -0.00034257030457165565, 0.04870352383352611], "PE": 0, "PG": 0, "PI": 0, "PS": 0, "PA": 0, "CL": 0, "SM": 0, "CHOL": [1.9302155716660982e-06, -0.0009409442921703354, 0.09898442863699425]}, "VAL-39-PROA": {"PC": [1.98126641991789e-08, -5.4689686869586996e-05, 0.019885191160399315], "PE": 0, "PG": 0, "PI": 0, "PS": 0, "PA": 0, "CL": 0, "SM": 0, "CHOL": [9.350777794569671e-08, -0.00010399356749663822, 0.0253231794228082]}, "ILE-40-PROA": {"PC": [1.6303548710351042e-06, -0.0009954812246596857, 0.07315431913434697], "PE": 0, "PG": 0, "PI": 0, "PS": 0, "PA": 0, "CL": 0, "SM": 0, "CHOL": 0}, "ALA-41-PROA": {"PC": [2.8858211472696263e-09, -1.3281823885420572e-05, 0.013600469145788194], "PE": 0, "PG": 0, "PI": 0, "PS": 0, "PA": 0, "CL": 0, "SM": 0, "CHOL": [2.014677203121509e-06, -0.0008395884919035908, 0.06350463272078469]}, "GLY-70-PROB": {"PC": 0, "PE": 0, "PG": 0, "PI": 0, "PS": 0, "PA": 0, "CL": 0, "SM": 0, "CHOL": 0},