{"SER-7-PROA": {"PC": [1.050664214492824e-06, -0.0005570200874813879, 0.04513534802249176], "PE": 0, "PG": 0, "PI": 0, "PS": 0, "PA": 0, "CL": 0, "SM": 0, "CHOL": 0}, "GLY-8-PROA": {"PC": [8.181884386612143e-08, -0.00015092495620052336, 0.025124832815698894], "PE": 0, "PG": 0, "PI": 0, "PS": 0, "PA": 0, "CL": 0, "SM": 0, "CHOL": [1.0583743233308877e-05, -0.0023430620487571124, 0.165615603456599]}, "TYR-9-PROA": {"PC": [1.325894560396281e-08, -6.627888603865482e-05, 0.013319282497971997], "PE": 0, "PG": 0, "PI": 0, "PS": 0, "PA": 0, "CL": 0, "SM": 0, "CHOL": [1.381102982429338e-07, -0.000157516975221852, 0.02924427234530229]}, "GLU-10-PROA": {"PC": [4.5780613659188165e-09, -2.102309937899805e-05, 0.012073212190140075], "PE": 0, "PG": 0, "PI": 0, "PS": 0, "PA": 0, "CL": 0, "SM": 0, "CHOL": [2.0634138999492947e-09, -1.3387608765312724e-05, 0.007892602200366593]}, "VAL-11-PROA": {"PC": [1.5742847308266653e-05, -0.0033394406871372025, 0.12335169361056418], "PE": 0, "PG": 0, "PI": 0, "PS": 0, "PA": 0, "CL": 0, "SM": 0, "CHOL": [0.0001291909822583574, -0.004437324355766015, 0.029395883614890036]}, "HSD-12-PROA": {"PC": [0.0001224028461010067, -0.01474659974156491, 0.31468945188955255], "PE": 0, "PG": 0, "PI": 0, "PS": 0, "PA": 0, "CL": 0, "SM": 0, "CHOL": [4.3314626481284026e-10, -2.328345101853612e-06, 0.0024779414218203673]}, "HSD-13-PROA": {"PC": [4.035829558350181e-06, -0.001299903424788629, 0.06408990506012126], "PE": 0, "PG": 0, "PI": 0, "PS": 0, "PA": 0, "CL": 0, "SM": 0, "CHOL": [1.2194880417378094e-06, -0.000741986196252569, 0.06213006322774817]}, "GLN-14-PROA": {"PC": [9.60472753868307e-08, -0.00016366725293069474, 0.029540159878397], "PE": 0, "PG": 0, "PI": 0, "PS": 0, "PA": 0, "CL": 0, "SM": 0, "CHOL": [2.2417815518168217e-09, -1.4098796138066337e-05, 0.009684371989518716]}, "LYS-15-PROA": {"PC": [3.136068238551326e-08, -6.798792999627817e-05, 0.021062495819589286], "PE": 0, "PG": 0, "PI": 0, "PS": 0, "PA": 0, "CL": 0, "SM": 0, "CHOL": [0.000205272575740672, -0.026762629613818808, 0.7341187935099543]}, "LEU-16-PROA": {"PC": [6.810199220778761e-09, -2.561697477720849e-05, 0.01191447290915454], "PE": 0, "PG": 0, "PI": 0, "PS": 0, "PA": 0, "CL": 0, "SM": 0, "CHOL": [4.294253773413443e-07, -0.00025570237775110596, 0.03438898982802843]}, "VAL-17-PROA": {"PC": [2.791849112078722e-09, -1.672966908983771e-05, 0.008532261514161267], "PE": 0, "PG": 0, "PI": 0, "PS": 0, "PA": 0, "CL": 0, "SM": 0, "CHOL": [8.022351298831202e-07, -0.0006638627176317454, 0.0641415841280009]}, "PHE-18-PROA": {"PC": [7.346312396179279e-08, -0.00011270820068827423, 0.020630833320390028], "PE": 0, "PG": 0, "PI": 0, "PS": 0, "PA": 0, "CL": 0, "SM": 0, "CHOL": [5.584397802493084e-07, -0.0003830655881013766, 0.04408304213198893]}, "PHE-19-PROA": {"PC": [5.658442950412896e-08, -0.00010036736097843288, 0.02061373980618603], "PE": 0, "PG": 0, "PI": 0, "PS": 0, "PA": 0, "CL": 0, "SM": 0, "CHOL": [2.8886104802264505e-08, -5.950887488481486e-05, 0.017723114476365917]}, "ALA-20-PROA": {"PC": [1.325021559719254e-08, -3.863096268997359e-05, 0.01183355220611404], "PE": 0, "PG": 0, "PI": 0, "PS": 0, "PA": 0, "CL": 0, "SM": 0, "CHOL": [3.835379931093681e-07, -0.0003021907994650483, 0.04750020657605861]}, "GLU-21-PROA": {"PC": [4.7448290263557016e-07, -0.00039134109002142214, 0.04966902441269629], "PE": 0, "PG": 0, "PI": 0, "PS": 0, "PA": 0, "CL": 0, "SM": 0, "CHOL": [1.0545310498968483e-07, -0.0001065320924198721, 0.02147239763941263]}, "ASP-22-PROA": {"PC": [4.779017411502706e-07, -0.0004123713099383703, 0.0405489810237086], "PE": 0, "PG": 0, "PI": 0, "PS": 0, "PA": 0, "CL": 0, "SM": 0, "CHOL": [7.30528297452936e-07, -0.0004901144573330171, 0.06939673794520544]}, "VAL-23-PROA": {"PC": [8.597255257061071e-08, -0.00014872020652728475, 0.030297359825226383], "PE": 0, "PG": 0, "PI": 0, "PS": 0, "PA": 0, "CL": 0, "SM": 0, "CHOL": [1.5456474025359248e-06, -0.0007025123967175431, 0.0560703956556533]}, "GLY-24-PROA": {"PC": [7.092217573525233e-09, -2.622291812329041e-05, 0.012969920460735418], "PE": 0, "PG": 0, "PI": 0, "PS": 0, "PA": 0, "CL": 0, "SM": 0, "CHOL": [9.116799351574358e-08, -0.00011390095258918889, 0.02712670060024704]}, "SER-25-PROA": {"PC": [1.821170109469473e-05, -0.003714769429172087, 0.14904881290390223], "PE": 0, "PG": 0, "PI": 0, "PS": 0, "PA": 0, "CL": 0, "SM": 0, "CHOL": 0}, "ASN-26-PROA": {"PC": [1.002013270883586e-05, -0.0022346835684501306, 0.09270498598067232], "PE": 0, "PG": 0, "PI": 0, "PS": 0, "PA": 0, "CL": 0, "SM": 0, "CHOL": 0}, "LYS-27-PROA": {"PC": [3.4399668057618243e-06, -0.0013008296502958607, 0.07286991188449958], "PE": 0, "PG": 0, "PI": 0, "PS": 0, "PA": 0, "CL": 0, "SM": 0, "CHOL": [0.0002718948523681686, -0.01743153958354817, 0.3142387639407838]}, "GLY-28-PROA": {"PC": [4.814280852499013e-09, -2.2856681248080354e-05, 0.011870023347644277], "PE": 0, "PG": 0, "PI": 0, "PS": 0, "PA": 0, "CL": 0, "SM": 0, "CHOL": [2.6277002572509626e-06, -0.0009568059285621615, 0.0679138016025208]}, "ALA-29-PROA": {"PC": [1.5085192112804583e-08, -4.049856082560271e-05, 0.017357112200698892], "PE": 0, "PG": 0, "PI": 0, "PS": 0, "PA": 0, "CL": 0, "SM": 0, "CHOL": 0}, "ILE-30-PROA": {"PC": [1.751184404076409e-07, -0.00018564278037294115, 0.036422546339458184], "PE": 0, "PG": 0, "PI": 0, "PS": 0, "PA": 0, "CL": 0, "SM": 0, "CHOL": 0}, "ILE-31-PROA": {"PC": [9.350915993146835e-09, -3.2937112066210044e-05, 0.01017961174508576], "PE": 0, "PG": 0, "PI": 0, "PS": 0, "PA": 0, "CL": 0, "SM": 0, "CHOL": [1.1040906540841475e-07, -0.00010875732352314511, 0.01795317344504657]}, "GLY-32-PROA": {"PC": [8.75483628918795e-09, -2.6178247265410708e-05, 0.01325417158005118], "PE": 0, "PG": 0, "PI": 0, "PS": 0, "PA": 0, "CL": 0, "SM": 0, "CHOL": [3.308632432886501e-05, -0.005852379101797931, 0.17980111487409756]}, "LEU-33-PROA": {"PC": [2.8717882844250197e-07, -0.00028789153247487997, 0.032105867313397936], "PE": 0, "PG": 0, "PI": 0, "PS": 0, "PA": 0, "CL": 0, "SM": 0, "CHOL": [1.0393695511777454e-07, -8.005354723056224e-05, 0.019529451006499107]}, "MET-34-PROA": {"PC": [1.0457407536008882e-07, -0.00015508005877117422, 0.027149093121956923], "PE": 0, "PG": 0, "PI": 0, "PS": 0, "PA": 0, "CL": 0, "SM": 0, "CHOL": [0.0007124588607803897, -0.058464444446320867, 0.8912656741416435]}, "VAL-35-PROA": {"PC": [3.2678159185118032e-09, -1.5187069470870007e-05, 0.013162500087950967], "PE": 0, "PG": 0, "PI": 0, "PS": 0, "PA": 0, "CL": 0, "SM": 0, "CHOL": [2.0872177242694633e-09, -1.1424230787479813e-05, 0.008034969616039703]}, "GLY-36-PROA": {"PC": [5.55961722447745e-08, -9.029169426544848e-05, 0.021979183800959104], "PE": 0, "PG": 0, "PI": 0, "PS": 0, "PA": 0, "CL": 0, "SM": 0, "CHOL": [2.0590844449243843e-09, -1.2733693638106918e-05, 0.006615042819063162]}, "GLY-37-PROA": {"PC": [0.005756431307212336, -0.19094531671457612, 1.5427589512621493], "PE": 0, "PG": 0, "PI": 0, "PS": 0, "PA": 0, "CL": 0, "SM": 0, "CHOL": [6.145494177671526e-10, -4.233599437983438e-06, 0.0052546257450313]}, "VAL-38-PROA": {"PC": [0.3391663156295373, 2.377555872563055, 16.66666666666702], "PE": 0, "PG": 0, "PI": 0, "PS": 0, "PA": 0, "CL": 0, "SM": 0, "CHOL": [5.155977354376508e-06, -0.0016179909351377775, 0.07461084995684637]}, "VAL-39-PROA": {"PC": [2.302851926975028e-16, -3.923936522874812e-15, 8.333333333333343], "PE": 0, "PG": 0, "PI": 0, "PS": 0, "PA": 0, "CL": 0, "SM": 0, "CHOL": [7.252421998254576e-09, -2.438457030231002e-05, 0.013600936209496603]}, "ILE-40-PROA": {"PC": [-0.01258322051769046, 0.39285656052226187, -1.8771181396313197], "PE": 0, "PG": 0, "PI": 0, "PS": 0, "PA": 0, "CL": 0, "SM": 0, "CHOL": 0}, "LEU-58-PROB": {"PC": 0, "PE": 0, "PG": 0, "PI": 0, "PS": 0, "PA": 0, "CL": 0, "SM": 0, "CHOL": 0}, "VAL-59-PROB": {"PC": 0, "PE": 0, "PG": 0, "PI": 0, "PS": 0, "PA": 0, "CL": 0, "SM": 0, "CHOL": 0}, "PHE-60-PROB": {"PC": 0, "PE": 0, "PG": 0, "PI": 0, "PS": 0, "PA": 0, "CL": 0, "SM": 0, "CHOL": 0}, "PHE-61-PROB": {"PC": 0, "PE": 0, "PG": 0, "PI": 0, "PS": 0, "PA": 0, "CL": 0, "SM": 0, "CHOL": 0}, "ALA-62-PROB": {"PC": 0,