{"ALA-1-PROA": {"PC": [1.750580768591979e-06, -0.0008211187368742445, 0.06163090108119471], "PE": 0, "PG": 0, "PI": 0, "PS": 0, "PA": 0, "CL": 0, "SM": 0, "CHOL": [1.9189722943607467e-05, -0.0025240545704613626, 0.10074401583020397]}, "GLU-2-PROA": {"PC": [6.636917488051788e-07, -0.0005534952396024871, 0.04549165666464252], "PE": 0, "PG": 0, "PI": 0, "PS": 0, "PA": 0, "CL": 0, "SM": 0, "CHOL": [2.9289847663235845e-05, -0.0056362507518648184, 0.18164495801185623]}, "PHE-3-PROA": {"PC": [4.288945766152617e-06, -0.0014188567833808704, 0.07973656496163112], "PE": 0, "PG": 0, "PI": 0, "PS": 0, "PA": 0, "CL": 0, "SM": 0, "CHOL": [-0.020679173578929004, 0.5326216271357331, -1.461515093184542]}, "ARG-4-PROA": {"PC": [6.100426434999264e-08, -0.00010027040289472432, 0.026397305928040193], "PE": 0, "PG": 0, "PI": 0, "PS": 0, "PA": 0, "CL": 0, "SM": 0, "CHOL": [1.5047181329990505e-07, -0.00013398102062969492, 0.020281081066447416]}, "SER-7-PROA": {"PC": [5.3727550997545e-07, -0.0002944809827275064, 0.042059729927167784], "PE": 0, "PG": 0, "PI": 0, "PS": 0, "PA": 0, "CL": 0, "SM": 0, "CHOL": 0}, "GLY-8-PROA": {"PC": [5.047194722976563e-08, -7.900300259605127e-05, 0.01855216038706074], "PE": 0, "PG": 0, "PI": 0, "PS": 0, "PA": 0, "CL": 0, "SM": 0, "CHOL": [-0.0025058747692762425, 0.11873346444776477, -0.35938411714088053]}, "TYR-9-PROA": {"PC": [2.5303721696247126e-08, -3.8711383422407555e-05, 0.01275123535296941], "PE": 0, "PG": 0, "PI": 0, "PS": 0, "PA": 0, "CL": 0, "SM": 0, "CHOL": 0}, "GLU-10-PROA": {"PC": [6.610898767110822e-08, -9.30283861802089e-05, 0.02316416966076077], "PE": 0, "PG": 0, "PI": 0, "PS": 0, "PA": 0, "CL": 0, "SM": 0, "CHOL": 0}, "VAL-11-PROA": {"PC": [1.1941644906059772e-07, -0.00016080809866743864, 0.030254310265297037], "PE": 0, "PG": 0, "PI": 0, "PS": 0, "PA": 0, "CL": 0, "SM": 0, "CHOL": 0}, "HSD-12-PROA": {"PC": [4.566146605844816e-09, -2.2247249812676224e-05, 0.012294722239542592], "PE": 0, "PG": 0, "PI": 0, "PS": 0, "PA": 0, "CL": 0, "SM": 0, "CHOL": 0}, "HSD-13-PROA": {"PC": [5.944089052988993e-08, -8.300436220013931e-05, 0.019776753790792377], "PE": 0, "PG": 0, "PI": 0, "PS": 0, "PA": 0, "CL": 0, "SM": 0, "CHOL": 0}, "GLN-14-PROA": {"PC": [1.533011400512263e-07, -0.0001456076818111947, 0.023566539294866042], "PE": 0, "PG": 0, "PI": 0, "PS": 0, "PA": 0, "CL": 0, "SM": 0, "CHOL": [-0.01608450057458223, 0.15907522198050564, 1.600071495147243]}, "LYS-15-PROA": {"PC": [9.426020178393674e-09, -2.847219480379524e-05, 0.01456286246518107], "PE": 0, "PG": 0, "PI": 0, "PS": 0, "PA": 0, "CL": 0, "SM": 0, "CHOL": 0}, "LEU-16-PROA": {"PC": [2.1683673034094699e-07, -0.0002772791102912442, 0.03415744148142976], "PE": 0, "PG": 0, "PI": 0, "PS": 0, "PA": 0, "CL": 0, "SM": 0, "CHOL": [6.459349851593157e-09, -2.976369464399312e-05, 0.011947438308640536]}, "VAL-17-PROA": {"PC": [6.882915871195969e-08, -0.00012148466487225719, 0.02409108014697565], "PE": 0, "PG": 0, "PI": 0, "PS": 0, "PA": 0, "CL": 0, "SM": 0, "CHOL": [3.3682248270821695e-08, -6.171319492008449e-05, 0.017233361985351085]}, "PHE-18-PROA": {"PC": [1.3895734409131354e-07, -0.00019466114387280343, 0.03382957939982206], "PE": 0, "PG": 0, "PI": 0, "PS": 0, "PA": 0, "CL": 0, "SM": 0, "CHOL": [3.1884348246864676e-10, -5.247907341286606e-06, 0.009850947548733918]}, "PHE-19-PROA": {"PC": [4.108361710830102e-08, -7.304646216737367e-05, 0.015532537553542895], "PE": 0, "PG": 0, "PI": 0, "PS": 0, "PA": 0, "CL": 0, "SM": 0, "CHOL": [1.4708445017900129e-08, -4.3225984270211905e-05, 0.02050520527985536]}, "ALA-20-PROA": {"PC": [3.4878790669916045e-08, -7.715981670452748e-05, 0.019490014903045434], "PE": 0, "PG": 0, "PI": 0, "PS": 0, "PA": 0, "CL": 0, "SM": 0, "CHOL": [6.312578562149988e-09, -2.3328022586215146e-05, 0.008904936531344233]}, "GLU-21-PROA": {"PC": [6.660674201060517e-08, -0.0001180545613245343, 0.027646613542401367], "PE": 0, "PG": 0, "PI": 0, "PS": 0, "PA": 0, "CL": 0, "SM": 0, "CHOL": [1.668644069466459e-05, -0.00506457981742355, 0.15123158652987848]}, "ASP-22-PROA": {"PC": [6.1005858684596254e-09, -2.364374626477712e-05, 0.015930564976915296], "PE": 0, "PG": 0, "PI": 0, "PS": 0, "PA": 0, "CL": 0, "SM": 0, "CHOL": [4.2291750056896155e-08, -7.093151889902913e-05, 0.01676048166088443]}, "VAL-23-PROA": {"PC": [4.593206322075085e-09, -2.0176311442450732e-05, 0.014270347959171524], "PE": 0, "PG": 0, "PI": 0, "PS": 0, "PA": 0, "CL": 0, "SM": 0, "CHOL": [5.280962120409734e-06, -0.0009222455775323871, 0.10601400240478083]}, "GLY-24-PROA": {"PC": [4.535811206321643e-07, -0.00036389339862924843, 0.04333381814530339], "PE": 0, "PG": 0, "PI": 0, "PS": 0, "PA": 0, "CL": 0, "SM": 0, "CHOL": [2.781597071687163e-07, -0.0002838080884195531, 0.0391772915156385]}, "SER-25-PROA": {"PC": [6.23768377473296e-05, -0.007391410774980336, 0.1729375951984302], "PE": 0, "PG": 0, "PI": 0, "PS": 0, "PA": 0, "CL": 0, "SM": 0, "CHOL": [1.5694022713818304e-06, -0.0008938595886537146, 0.05998747637629773]}, "ASN-26-PROA": {"PC": [2.8914460421814005e-05, -0.004314730994423986, 0.12678054866384253], "PE": 0, "PG": 0, "PI": 0, "PS": 0, "PA": 0, "CL": 0, "SM": 0, "CHOL": [-0.0010976331910484106, 0.035191553837197076, 0.2979921108298801]}, "LYS-27-PROA": {"PC": [2.9662559628856177e-05, -0.004705227367653965, 0.14195579287008156], "PE": 0, "PG": 0, "PI": 0, "PS": 0, "PA": 0, "CL": 0, "SM": 0, "CHOL": 0}, "GLY-28-PROA": {"PC": [-3.555992022547173e-05, 0.002999778382897091, 0.05481281943445019], "PE": 0, "PG": 0, "PI": 0, "PS": 0, "PA": 0, "CL": 0, "SM": 0, "CHOL": 0}, "ALA-29-PROA": {"PC": [3.5525697896392067e-06, -0.001148121062209817, 0.0962337357138723], "PE": 0, "PG": 0, "PI": 0, "PS": 0, "PA": 0, "CL": 0, "SM": 0, "CHOL": 0}, "ILE-30-PROA": {"PC": [3.948083617202437e-05, -0.004037960128682827, 0.16937051283041332], "PE": 0, "PG": 0, "PI": 0, "PS": 0, "PA": 0, "CL": 0, "SM": 0, "CHOL": 0}, "ILE-31-PROA": {"PC": [4.272224321398136e-08, -6.928827490959431e-05, 0.01640477393065288], "PE": 0, "PG": 0, "PI": 0, "PS": 0, "PA": 0, "CL": 0, "SM": 0, "CHOL": [8.587779258237042e-06, -0.0030286385722151847, 0.16899343708972928]}, "GLY-32-PROA": {"PC": [1.908759635554344e-08, -4.607267621604212e-05, 0.013227524264903793], "PE": 0, "PG": 0, "PI": 0, "PS": 0, "PA": 0, "CL": 0, "SM": 0, "CHOL": [1.5711536827158802e-05, -0.004521988146884615, 0.21446397002299275]}, "LEU-33-PROA": {"PC": [8.314400491974258e-07, -0.0005637582553819624, 0.06704010513525023], "PE": 0, "PG": 0, "PI": 0, "PS": 0, "PA": 0, "CL": 0, "SM": 0, "CHOL": [1.1936721459013878e-09, -3.8053194345009677e-06, 0.002742257721739292]}, "MET-34-PROA": {"PC": [1.1424615744203619e-07, -0.00010966518881521862, 0.019996304490504813], "PE": 0, "PG": 0, "PI": 0, "PS": 0, "PA": 0, "CL": 0, "SM": 0, "CHOL": [2.961119277883341e-09, -1.1901364897235612e-05, 0.006957595721007138]}, "VAL-35-PROA": {"PC": [6.1073365859952585e-09, -2.7729623325498762e-05, 0.011962450941186038], "PE": 0, "PG": 0, "PI": 0, "PS": 0, "PA": 0, "CL": 0, "SM": 0, "CHOL": [7.962379087901726e-09, -3.7524288101858697e-05, 0.012663609774411697]}, "GLY-36-PROA": {"PC": [2.9203424135809782e-09, -1.2576803850037044e-05, 0.007578624811932161], "PE": 0, "PG": 0, "PI": 0, "PS": 0, "PA": 0, "CL": 0, "SM": 0, "CHOL": [0.0001418175109374858, -0.015836441314777135, 0.36590467508991303]}, "GLY-37-PROA": {"PC": [2.7460732333168463e-08, -3.6682646017311035e-05, 0.009017521250884897], "PE": 0, "PG": 0, "PI": 0, "PS": 0, "PA": 0, "CL": 0, "SM": 0, "CHOL": 0}, "VAL-38-PROA": {"PC": [5.8961617239919014e-08, -8.384014313457176e-05, 0.0226243944818482], "PE": 0, "PG": 0, "PI": 0, "PS": 0, "PA": 0, "CL": 0, "SM": 0, "CHOL": 0}, "VAL-39-PROA": {"PC": [5.411786084820657e-09, -2.174968787854979e-05, 0.013377223331455865], "PE": 0, "PG": 0, "PI": 0, "PS": 0, "PA": 0, "CL": 0, "SM": 0, "CHOL": [1.0364777996820311, 4.1562759767249435, 16.666666666667027]}, "ILE-40-PROA": {"PC": [3.800207613777127e-06, -0.001423186129595086, 0.08777308387852469], "PE": 0, "PG": 0, "PI": 0, "PS": 0, "PA": 0, "CL": 0, "SM": 0, "CHOL": 0}, "ALA-43-PROB": {"PC": 0,