{"PHE-3-PROA": {"PC": [6.268644153507648e-07, -0.0005054116690531593, 0.04742159848419514], "PE": 0, "PG": 0, "PI": 0, "PS": 0, "PA": 0, "CL": 0, "SM": 0, "CHOL": 0}, "ARG-4-PROA": {"PC": [7.984638257480801e-08, -0.00013259775674549174, 0.025934425605352238], "PE": 0, "PG": 0, "PI": 0, "PS": 0, "PA": 0, "CL": 0, "SM": 0, "CHOL": [2.429204653610776e-07, -0.0002361325716526151, 0.05382545607930441]}, "SER-7-PROA": {"PC": [2.8101815309676864e-06, -0.0015005797908670634, 0.07670468503003687], "PE": 0, "PG": 0, "PI": 0, "PS": 0, "PA": 0, "CL": 0, "SM": 0, "CHOL": [-0.001005777659110346, 0.046189731945473, 0.03800215394100542]}, "GLY-8-PROA": {"PC": [6.149174928425727e-07, -0.00040490021209370515, 0.041483128223524006], "PE": 0, "PG": 0, "PI": 0, "PS": 0, "PA": 0, "CL": 0, "SM": 0, "CHOL": [1.2431924166002285e-06, -0.0009023758474746789, 0.07969209992491819]}, "TYR-9-PROA": {"PC": [3.273330540601429e-06, -0.0015825331311877689, 0.09553400335665495], "PE": 0, "PG": 0, "PI": 0, "PS": 0, "PA": 0, "CL": 0, "SM": 0, "CHOL": [8.144164510979866e-06, -0.002394263260213692, 0.18691449941796703]}, "GLU-10-PROA": {"PC": [1.267957945025092e-08, -3.911569563908721e-05, 0.015915671564999245], "PE": 0, "PG": 0, "PI": 0, "PS": 0, "PA": 0, "CL": 0, "SM": 0, "CHOL": [2.1678897901180377e-07, -0.00015980747595253133, 0.026297671707390557]}, "VAL-11-PROA": {"PC": [7.475974862126372e-06, -0.0022583675047244756, 0.09292891148389507], "PE": 0, "PG": 0, "PI": 0, "PS": 0, "PA": 0, "CL": 0, "SM": 0, "CHOL": [3.35655622092134e-05, -0.006924212805332077, 0.19537486614178298]}, "HSD-12-PROA": {"PC": [2.186032087207707e-08, -5.1405326907024176e-05, 0.016381746224282512], "PE": 0, "PG": 0, "PI": 0, "PS": 0, "PA": 0, "CL": 0, "SM": 0, "CHOL": [2.0232465726459446e-08, -5.1757625570656114e-05, 0.023769267595991142]}, "HSD-13-PROA": {"PC": [5.99237440725708e-07, -0.000562206899077893, 0.05229521772280817], "PE": 0, "PG": 0, "PI": 0, "PS": 0, "PA": 0, "CL": 0, "SM": 0, "CHOL": [1.2353654785675985e-07, -0.00017038739557063095, 0.033022470440012115]}, "GLN-14-PROA": {"PC": [6.776775823957589e-07, -0.0003756581271679389, 0.04164303682050656], "PE": 0, "PG": 0, "PI": 0, "PS": 0, "PA": 0, "CL": 0, "SM": 0, "CHOL": [8.327692674120614e-09, -2.9578121043713207e-05, 0.010786771160330342]}, "LYS-15-PROA": {"PC": [2.9920265218524655e-08, -8.496597321189933e-05, 0.016046637047063467], "PE": 0, "PG": 0, "PI": 0, "PS": 0, "PA": 0, "CL": 0, "SM": 0, "CHOL": [1.5810691599945604e-08, -4.835274796662421e-05, 0.015118930136711822]}, "LEU-16-PROA": {"PC": [2.3678475139016795e-07, -0.00024208203299861184, 0.03583403889030829], "PE": 0, "PG": 0, "PI": 0, "PS": 0, "PA": 0, "CL": 0, "SM": 0, "CHOL": [1.8248716454395985e-06, -0.0010362753308387534, 0.08181724521803617]}, "VAL-17-PROA": {"PC": [2.7604653276651014e-07, -0.0002674295503624606, 0.044136366683608], "PE": 0, "PG": 0, "PI": 0, "PS": 0, "PA": 0, "CL": 0, "SM": 0, "CHOL": [-1.1932681383117212e-09, 1.8425541574375236e-06, 0.0068960183178389265]}, "PHE-18-PROA": {"PC": [5.6360642925496987e-08, -8.715153428879283e-05, 0.018799209955481067], "PE": 0, "PG": 0, "PI": 0, "PS": 0, "PA": 0, "CL": 0, "SM": 0, "CHOL": [7.566453467701759e-06, -0.0022348213552274405, 0.09482077896178549]}, "PHE-19-PROA": {"PC": [2.805031909223357e-07, -0.00029446539378106217, 0.034378053416477004], "PE": 0, "PG": 0, "PI": 0, "PS": 0, "PA": 0, "CL": 0, "SM": 0, "CHOL": [1.034336824414093e-08, -2.7653900752106025e-05, 0.014922973499453209]}, "ALA-20-PROA": {"PC": [2.4878696156634266e-06, -0.0011184326629201213, 0.06860618715112012], "PE": 0, "PG": 0, "PI": 0, "PS": 0, "PA": 0, "CL": 0, "SM": 0, "CHOL": [0.0004566097851126759, -0.020530287241247815, 0.26867169605047303]}, "VAL-23-PROA": {"PC": [8.026012092079078e-06, -0.0020235679944214905, 0.0984410914161406], "PE": 0, "PG": 0, "PI": 0, "PS": 0, "PA": 0, "CL": 0, "SM": 0, "CHOL": [0.010025017119542347, -0.27243827966737966, 1.2975665607917573]}, "GLY-28-PROA": {"PC": [2.8213121982921064e-05, -0.002284800316695606, 0.13492382948196302], "PE": 0, "PG": 0, "PI": 0, "PS": 0, "PA": 0, "CL": 0, "SM": 0, "CHOL": 0}, "ALA-29-PROA": {"PC": [0.00013135631401726405, -0.01932871834842865, 0.41684360059917464], "PE": 0, "PG": 0, "PI": 0, "PS": 0, "PA": 0, "CL": 0, "SM": 0, "CHOL": [3.188938527316512, 3.18730835619291, -54.68455692143567]}, "ILE-30-PROA": {"PC": [2.715657310114702e-07, -0.0002773063593647649, 0.03233007836086373], "PE": 0, "PG": 0, "PI": 0, "PS": 0, "PA": 0, "CL": 0, "SM": 0, "CHOL": [3.0158334192333022e-05, -0.005523475268311939, 0.15259060246415704]}, "ILE-31-PROA": {"PC": [3.9800679138932415e-10, -3.7540200538186563e-06, 0.008713614976100802], "PE": 0, "PG": 0, "PI": 0, "PS": 0, "PA": 0, "CL": 0, "SM": 0, "CHOL": [0.0012642333674652442, -0.07690961507609158, 0.8827407728910315]}, "GLY-32-PROA": {"PC": [3.0453649631666307e-09, -1.6177421201021792e-05, 0.010781102192385037], "PE": 0, "PG": 0, "PI": 0, "PS": 0, "PA": 0, "CL": 0, "SM": 0, "CHOL": [8.139616737765061e-06, -0.002793587289672706, 0.11814432135940912]}, "LEU-33-PROA": {"PC": [3.3611079109842405e-09, -1.8708170891576536e-05, 0.008546685969575035], "PE": 0, "PG": 0, "PI": 0, "PS": 0, "PA": 0, "CL": 0, "SM": 0, "CHOL": 0}, "MET-34-PROA": {"PC": [8.013086277564901e-08, -0.00012613813948583323, 0.023863083877783717], "PE": 0, "PG": 0, "PI": 0, "PS": 0, "PA": 0, "CL": 0, "SM": 0, "CHOL": [8.427699682416838e-08, -9.789848042924766e-05, 0.022467113509538773]}, "VAL-35-PROA": {"PC": [2.3844019136747e-09, -1.1681652423244231e-05, 0.009548439266904426], "PE": 0, "PG": 0, "PI": 0, "PS": 0, "PA": 0, "CL": 0, "SM": 0, "CHOL": [1.258221157364446e-07, -0.00019041325863982717, 0.03180009564343803]}, "GLY-36-PROA": {"PC": [9.461389314608125e-08, -0.00017890442540610907, 0.02696427661505137], "PE": 0, "PG": 0, "PI": 0, "PS": 0, "PA": 0, "CL": 0, "SM": 0, "CHOL": [3.950304269051168e-09, -2.0516563413947303e-05, 0.010165758162011172]}, "GLY-37-PROA": {"PC": [2.429779059272534e-07, -0.0001893894883385163, 0.024850399105327967], "PE": 0, "PG": 0, "PI": 0, "PS": 0, "PA": 0, "CL": 0, "SM": 0, "CHOL": [2.7689178261809354e-07, -0.0002573544931869086, 0.0416217754557529]}, "VAL-38-PROA": {"PC": [2.4148292763673896e-06, -0.0008445038752391269, 0.054357663929894606], "PE": 0, "PG": 0, "PI": 0, "PS": 0, "PA": 0, "CL": 0, "SM": 0, "CHOL": [1.4644903591482813e-07, -0.0001300599354162035, 0.026953793041658087]}, "VAL-39-PROA": {"PC": [3.736862055848563e-08, -6.792972496917813e-05, 0.015378901848711898], "PE": 0, "PG": 0, "PI": 0, "PS": 0, "PA": 0, "CL": 0, "SM": 0, "CHOL": [2.936740938784109e-06, -0.001397975266727399, 0.074362411886848]}, "ILE-40-PROA": {"PC": [8.456722093252925e-05, -0.008643512934293662, 0.20187862653127356], "PE": 0, "PG": 0, "PI": 0, "PS": 0, "PA": 0, "CL": 0, "SM": 0, "CHOL": [1.2622339463099877e-06, -0.0006894202190968315, 0.07447656676565038]}, "ALA-41-PROA": {"PC": [1.0404915758897416e-07, -0.00010889888270052915, 0.0197145395993829], "PE": 0, "PG": 0, "PI": 0, "PS": 0, "PA": 0, "CL": 0, "SM": 0, "CHOL": [1.9396260998021163e-07, -0.00020288147556970268, 0.03304774018859119]}, "TYR-51-PROB": {"PC": 0, "PE": 0, "PG": 0, "PI": 0, "PS": 0, "PA": 0, "CL": 0, "SM": 0, "CHOL": 0}, "VAL-53-PROB": {"PC": 0, "PE": 0, "PG": 0, "PI": 0, "PS": 0, "PA": 0, "CL": 0, "SM": 0, "CHOL": 0}, "ALA-71-PROB": {"PC": 0, "PE": 0, "PG": 0, "PI": 0, "PS": 0, "PA": 0, "CL": 0, "SM": 0, "CHOL": 0}, "ILE-72-PROB": {"PC": 0, "PE": 0, "PG": 0, "PI": 0, "PS": 0, "PA": 0, "CL": 0, "SM": 0, "CHOL": 0}, "ILE-73-PROB": {"PC": 0, "PE": 0, "PG": 0, "PI": 0, "PS": 0, "PA": 0, "CL": 0, "SM": 0, "CHOL": 0}, "GLY-74-PROB": {"PC": 0, "PE": 0, "PG": 0, "PI": 0, "PS": 0, "PA": 0, "CL": 0, "SM": 0, "CHOL": 0}, "LEU-75-PROB": {"PC": 0, "PE": 0, "PG": 0, "PI": 0, "PS": 0, "PA": 0, "CL": 0, "SM": 0, "CHOL": 0}, "MET-76-PROB": {"PC": 0, "PE": 0, "PG": 0, "PI": 0, "PS": 0, "PA": 0, "CL": 0, "SM": 0, "CHOL": 0}, "VAL-77-PROB": {"PC": 0, "PE": 0, "PG": 0, "PI": 0, "PS": 0, "PA": 0, "CL": 0, "SM": 0, "CHOL": 0}, "GLY-78-PROB": {"PC": 0,