{"ASP-0-PROA": {"PC": 0, "PE": 0, "PG": 0, "PI": 0, "PS": 0, "PA": 0, "CL": 0, "SM": 0, "CHOL": 0}, "ALA-1-PROA": {"PC": [8.609838345805225e-06, -0.002347590347331053, 0.09993638819456048], "PE": 0, "PG": 0, "PI": 0, "PS": 0, "PA": 0, "CL": 0, "SM": 0, "CHOL": [-8.129126709592366e-05, 0.003995111924810165, 0.08345033008802272]}, "GLU-2-PROA": {"PC": [1.0677088008684958e-06, -0.0005357055831472585, 0.050343624606766446], "PE": 0, "PG": 0, "PI": 0, "PS": 0, "PA": 0, "CL": 0, "SM": 0, "CHOL": [1.1623055378822966e-06, -0.0005550806606826885, 0.043272002365192366]}, "PHE-3-PROA": {"PC": [7.884044608537353e-07, -0.0006994366594522921, 0.06206658261152148], "PE": 0, "PG": 0, "PI": 0, "PS": 0, "PA": 0, "CL": 0, "SM": 0, "CHOL": [9.402731863381897e-07, -0.0006092566698152026, 0.062520339133693]}, "ARG-4-PROA": {"PC": [1.0004421397227338e-07, -0.00013763880188836543, 0.0265357567299412], "PE": 0, "PG": 0, "PI": 0, "PS": 0, "PA": 0, "CL": 0, "SM": 0, "CHOL": [1.4937644427298252e-07, -0.0001762481582000481, 0.03107083324299335]}, "GLY-8-PROA": {"PC": [6.632022197906735e-07, -0.00048585405791065406, 0.0509566663827822], "PE": 0, "PG": 0, "PI": 0, "PS": 0, "PA": 0, "CL": 0, "SM": 0, "CHOL": [3.1458374590586465e-06, -0.0005504908812905805, 0.021270321441951585]}, "TYR-9-PROA": {"PC": [1.5219848475657807e-07, -0.00017126074832144776, 0.028084558088828853], "PE": 0, "PG": 0, "PI": 0, "PS": 0, "PA": 0, "CL": 0, "SM": 0, "CHOL": [-0.0001055676190064475, -0.0026330539352672883, 0.6516793527826431]}, "GLU-10-PROA": {"PC": [2.753545234059585e-07, -0.00024729014743076725, 0.03245587348343774], "PE": 0, "PG": 0, "PI": 0, "PS": 0, "PA": 0, "CL": 0, "SM": 0, "CHOL": [6.231460537483427e-05, -0.004600430882539165, 0.11254064503187468]}, "VAL-11-PROA": {"PC": [2.314434741063635e-07, -0.00026688792430194205, 0.04330156828220484], "PE": 0, "PG": 0, "PI": 0, "PS": 0, "PA": 0, "CL": 0, "SM": 0, "CHOL": 0}, "HSD-12-PROA": {"PC": [1.3028661697381138e-07, -0.00017502123945402847, 0.03201540376095635], "PE": 0, "PG": 0, "PI": 0, "PS": 0, "PA": 0, "CL": 0, "SM": 0, "CHOL": 0}, "HSD-13-PROA": {"PC": [2.3063846435568014e-07, -0.00025214682290764716, 0.046234025511936706], "PE": 0, "PG": 0, "PI": 0, "PS": 0, "PA": 0, "CL": 0, "SM": 0, "CHOL": 0}, "GLN-14-PROA": {"PC": [5.966140188137102e-07, -0.00046785434450976655, 0.054700201258292946], "PE": 0, "PG": 0, "PI": 0, "PS": 0, "PA": 0, "CL": 0, "SM": 0, "CHOL": [8.853464742405964e-05, -0.009626866821362283, 0.2636156549585504]}, "LYS-15-PROA": {"PC": [8.283888154793331e-09, -2.7891142841218093e-05, 0.012602255283187157], "PE": 0, "PG": 0, "PI": 0, "PS": 0, "PA": 0, "CL": 0, "SM": 0, "CHOL": [0.04000466516412948, -1.1768189805273574, 6.786776490481024]}, "LEU-16-PROA": {"PC": [1.6148396679409315e-07, -0.0001582128004324757, 0.027620250464556798], "PE": 0, "PG": 0, "PI": 0, "PS": 0, "PA": 0, "CL": 0, "SM": 0, "CHOL": [1.2650768491356315e-07, -0.0001497684808094188, 0.03933943283588821]}, "VAL-17-PROA": {"PC": [2.2800491022688975e-08, -6.119677838970373e-05, 0.015744676365168197], "PE": 0, "PG": 0, "PI": 0, "PS": 0, "PA": 0, "CL": 0, "SM": 0, "CHOL": [6.420340970402442e-07, -0.0004810766295810721, 0.05122643557697374]}, "PHE-18-PROA": {"PC": [1.1482303735063593e-06, -0.00046803669081939243, 0.0375369668711436], "PE": 0, "PG": 0, "PI": 0, "PS": 0, "PA": 0, "CL": 0, "SM": 0, "CHOL": [8.647481945062726e-09, -2.4887870905108783e-05, 0.010071058905911413]}, "PHE-19-PROA": {"PC": [2.1750862589981462e-07, -0.00017989111885086662, 0.030911457895270424], "PE": 0, "PG": 0, "PI": 0, "PS": 0, "PA": 0, "CL": 0, "SM": 0, "CHOL": [5.803248415457063e-08, -8.984653680403352e-05, 0.022242301861825114]}, "ALA-20-PROA": {"PC": [3.7098205214616726e-06, -0.001496332766952795, 0.09090150942559475], "PE": 0, "PG": 0, "PI": 0, "PS": 0, "PA": 0, "CL": 0, "SM": 0, "CHOL": [5.5580294734472595e-09, -1.9908285037179125e-05, 0.011329000099953]}, "GLU-21-PROA": {"PC": [0.0001303231888906408, -0.01623607623751626, 0.30584739899763774], "PE": 0, "PG": 0, "PI": 0, "PS": 0, "PA": 0, "CL": 0, "SM": 0, "CHOL": [1.1452734479391994e-06, -0.0005932714582565915, 0.04572061335221828]}, "ASP-22-PROA": {"PC": [-2.6633832250324704e-05, 0.0011249533026413156, 0.09756616992360838], "PE": 0, "PG": 0, "PI": 0, "PS": 0, "PA": 0, "CL": 0, "SM": 0, "CHOL": [0.00011832169849257478, -0.014411603907951669, 0.26064696692924405]}, "VAL-23-PROA": {"PC": [6.988634284347108e-06, -0.002117166898929041, 0.08681812395818965], "PE": 0, "PG": 0, "PI": 0, "PS": 0, "PA": 0, "CL": 0, "SM": 0, "CHOL": [-6.478963443326903e-07, 0.0002793135618632881, 0.02601895028738568]}, "GLY-24-PROA": {"PC": [7.034994425093816e-09, -2.524677984580581e-05, 0.014911782068477783], "PE": 0, "PG": 0, "PI": 0, "PS": 0, "PA": 0, "CL": 0, "SM": 0, "CHOL": [3.28154989670903e-07, -0.00028814330434435515, 0.035187345536403264]}, "SER-25-PROA": {"PC": [7.946605068219452e-07, -0.0004695627157346984, 0.05258589025241003], "PE": 0, "PG": 0, "PI": 0, "PS": 0, "PA": 0, "CL": 0, "SM": 0, "CHOL": [0.01358839885199696, -0.2701582015508386, 1.0345212533235983]}, "ASN-26-PROA": {"PC": [2.215074498381091e-06, -0.0008229903988545838, 0.04556997724660983], "PE": 0, "PG": 0, "PI": 0, "PS": 0, "PA": 0, "CL": 0, "SM": 0, "CHOL": [-0.0001868707401793992, 0.015363814401582632, 0.23718447972893525]}, "LYS-27-PROA": {"PC": [0.00019668446327542201, -0.015885163256584588, 0.31767251667111757], "PE": 0, "PG": 0, "PI": 0, "PS": 0, "PA": 0, "CL": 0, "SM": 0, "CHOL": 0}, "GLY-28-PROA": {"PC": [0.00015230934868808141, -0.01899787364467182, 0.350049874220497], "PE": 0, "PG": 0, "PI": 0, "PS": 0, "PA": 0, "CL": 0, "SM": 0, "CHOL": 0}, "ALA-29-PROA": {"PC": [-0.07778412353292882, 1.4095049277426437, -3.703034681738181], "PE": 0, "PG": 0, "PI": 0, "PS": 0, "PA": 0, "CL": 0, "SM": 0, "CHOL": [-0.0003340417207749875, 0.0072804967542665034, 0.17151527540542577]}, "ILE-30-PROA": {"PC": [-0.00021852368374808726, -0.0010644198314471193, 0.2509167162287617], "PE": 0, "PG": 0, "PI": 0, "PS": 0, "PA": 0, "CL": 0, "SM": 0, "CHOL": [0.0033272838231307193, -0.13620521770194252, 1.0377650239129446]}, "ILE-31-PROA": {"PC": [9.023464073722685e-07, -0.0005666750112503009, 0.049670103707223315], "PE": 0, "PG": 0, "PI": 0, "PS": 0, "PA": 0, "CL": 0, "SM": 0, "CHOL": [2.0762919377778964e-09, -1.1450877592008269e-05, 0.007904559858760627]}, "GLY-32-PROA": {"PC": [2.9624067826072187e-09, -1.4152723208086966e-05, 0.009535260243747607], "PE": 0, "PG": 0, "PI": 0, "PS": 0, "PA": 0, "CL": 0, "SM": 0, "CHOL": [1.4254702253431962e-07, -0.00012831170725168713, 0.02100499725990234]}, "LEU-33-PROA": {"PC": [2.2563894826772285e-08, -5.7518505414477137e-05, 0.019303518654758687], "PE": 0, "PG": 0, "PI": 0, "PS": 0, "PA": 0, "CL": 0, "SM": 0, "CHOL": [1.5622794862874553e-05, -0.004095607677025476, 0.16476277417969956]}, "MET-34-PROA": {"PC": [9.21333906293312e-08, -0.00012680525429954452, 0.021503996938754953], "PE": 0, "PG": 0, "PI": 0, "PS": 0, "PA": 0, "CL": 0, "SM": 0, "CHOL": [9.072340376201875e-07, -0.0007313388112506246, 0.06296625013526755]}, "VAL-35-PROA": {"PC": [2.273986721664153e-09, -1.2635180520898602e-05, 0.010087732463170965], "PE": 0, "PG": 0, "PI": 0, "PS": 0, "PA": 0, "CL": 0, "SM": 0, "CHOL": [6.711925679649679e-06, -0.0023892554309723276, 0.10722307942950725]}, "GLY-36-PROA": {"PC": [1.3154753332173769e-08, -4.223035491733711e-05, 0.01553495237336257], "PE": 0, "PG": 0, "PI": 0, "PS": 0, "PA": 0, "CL": 0, "SM": 0, "CHOL": [1.0060438920617687, -8.981083005168308, 19.954172375460114]}, "GLY-37-PROA": {"PC": [4.366801116723326e-08, -7.683080481954198e-05, 0.01777378985043151], "PE": 0, "PG": 0, "PI": 0, "PS": 0, "PA": 0, "CL": 0, "SM": 0, "CHOL": 0}, "VAL-38-PROA": {"PC": [7.255061911249967e-09, -2.006159238613181e-05, 0.009447241728308712], "PE": 0, "PG": 0, "PI": 0, "PS": 0, "PA": 0, "CL": 0, "SM": 0, "CHOL": 0}, "VAL-39-PROA": {"PC": [9.026947851511691e-07, -0.0005915136474238434, 0.0548122272856618], "PE": 0, "PG": 0, "PI": 0, "PS": 0, "PA": 0, "CL": 0, "SM": 0, "CHOL": 0},