{"PHE-3-PROA": {"PC": [7.931012825593474e-08, -0.00010228939944073348, 0.017894925690866998], "PE": 0, "PG": 0, "PI": 0, "PS": 0, "PA": 0, "CL": 0, "SM": 0, "CHOL": [-1.3500816376341655e-06, 0.00036136340510274396, 0.019127656991624515]}, "ARG-4-PROA": {"PC": [3.8798584550991996e-08, -6.858056115504846e-05, 0.018052710575587314], "PE": 0, "PG": 0, "PI": 0, "PS": 0, "PA": 0, "CL": 0, "SM": 0, "CHOL": [4.786536601175781e-08, -6.526129751484845e-05, 0.016014641484966483]}, "GLY-8-PROA": {"PC": [1.3433749432331598e-06, -0.0006648337226928833, 0.05233192635238289], "PE": 0, "PG": 0, "PI": 0, "PS": 0, "PA": 0, "CL": 0, "SM": 0, "CHOL": 0}, "TYR-9-PROA": {"PC": [1.5224801896131692e-07, -0.0001833659445915475, 0.034040727312780406], "PE": 0, "PG": 0, "PI": 0, "PS": 0, "PA": 0, "CL": 0, "SM": 0, "CHOL": 0}, "GLU-10-PROA": {"PC": [1.0585319534453259e-07, -0.00015822363870267997, 0.03333102974500876], "PE": 0, "PG": 0, "PI": 0, "PS": 0, "PA": 0, "CL": 0, "SM": 0, "CHOL": 0}, "VAL-11-PROA": {"PC": [4.0149484862392404e-06, -0.0012962087151728093, 0.06967132209295296], "PE": 0, "PG": 0, "PI": 0, "PS": 0, "PA": 0, "CL": 0, "SM": 0, "CHOL": 0}, "HSD-12-PROA": {"PC": [2.683634930692817e-09, -1.4624188070410215e-05, 0.008394389608261006], "PE": 0, "PG": 0, "PI": 0, "PS": 0, "PA": 0, "CL": 0, "SM": 0, "CHOL": 0}, "HSD-13-PROA": {"PC": [3.0269021762679313e-05, -0.005416098875745275, 0.15492366176416006], "PE": 0, "PG": 0, "PI": 0, "PS": 0, "PA": 0, "CL": 0, "SM": 0, "CHOL": [2.672161254081201e-09, -1.1119767349378248e-05, 0.008578109857853865]}, "GLN-14-PROA": {"PC": [1.0607998241348125e-07, -0.00012750570727131056, 0.02326778192493598], "PE": 0, "PG": 0, "PI": 0, "PS": 0, "PA": 0, "CL": 0, "SM": 0, "CHOL": [4.802674505157324e-06, -0.0015206612812505573, 0.07168968136296168]}, "LYS-15-PROA": {"PC": [1.9066681651799174e-08, -4.944704918467813e-05, 0.012798084443447818], "PE": 0, "PG": 0, "PI": 0, "PS": 0, "PA": 0, "CL": 0, "SM": 0, "CHOL": [1.475674603914226e-08, -3.849686348953248e-05, 0.01705004377554064]}, "LEU-16-PROA": {"PC": [2.9662910016701513e-09, -1.599394629944268e-05, 0.009302791835476342], "PE": 0, "PG": 0, "PI": 0, "PS": 0, "PA": 0, "CL": 0, "SM": 0, "CHOL": [-0.0001999461926475279, 0.018481110202897118, -0.01456374935864116]}, "VAL-17-PROA": {"PC": [6.208432852203062e-09, -3.200238444174992e-05, 0.010136566978643947], "PE": 0, "PG": 0, "PI": 0, "PS": 0, "PA": 0, "CL": 0, "SM": 0, "CHOL": [-1.4796246239113708e-08, 1.3301231071526727e-05, 0.0067923592180940545]}, "PHE-18-PROA": {"PC": [4.695457959857983e-09, -2.151817003480958e-05, 0.010119395327494288], "PE": 0, "PG": 0, "PI": 0, "PS": 0, "PA": 0, "CL": 0, "SM": 0, "CHOL": [3.5224542352460754e-07, -0.00031321830226692463, 0.04210035013393269]}, "PHE-19-PROA": {"PC": [1.0982595671386047e-08, -3.777543712458911e-05, 0.01441437699715196], "PE": 0, "PG": 0, "PI": 0, "PS": 0, "PA": 0, "CL": 0, "SM": 0, "CHOL": [1.99641889958335e-07, -0.00024018702642556182, 0.03806452772107957]}, "ALA-20-PROA": {"PC": [2.1837665584123667e-08, -5.418159179302698e-05, 0.021747022542007815], "PE": 0, "PG": 0, "PI": 0, "PS": 0, "PA": 0, "CL": 0, "SM": 0, "CHOL": [2.5125657993380704e-07, -0.0001873789195729834, 0.025088723950015553]}, "GLU-21-PROA": {"PC": [2.2158028163730292e-08, -5.203831154770587e-05, 0.019273224562949807], "PE": 0, "PG": 0, "PI": 0, "PS": 0, "PA": 0, "CL": 0, "SM": 0, "CHOL": [2.016148250251147e-05, -0.004752011466954231, 0.16975936634178895]}, "ASP-22-PROA": {"PC": [4.890626702830819e-08, -0.00010664025432174714, 0.02400863949225817], "PE": 0, "PG": 0, "PI": 0, "PS": 0, "PA": 0, "CL": 0, "SM": 0, "CHOL": [1.1037237943670563e-05, -0.0034423772101567804, 0.129783376687874]}, "VAL-23-PROA": {"PC": [1.8009861109248392e-07, -0.00022338346975067, 0.041453441953681024], "PE": 0, "PG": 0, "PI": 0, "PS": 0, "PA": 0, "CL": 0, "SM": 0, "CHOL": [8.1763203540683e-08, -9.380366079384385e-05, 0.021092748781834175]}, "GLY-24-PROA": {"PC": [4.8254812648426135e-09, -2.014008340807836e-05, 0.0132112412225699], "PE": 0, "PG": 0, "PI": 0, "PS": 0, "PA": 0, "CL": 0, "SM": 0, "CHOL": [3.818039567957642e-07, -0.00022574642160004348, 0.02671263004623503]}, "SER-25-PROA": {"PC": [2.6350932472637904e-06, -0.0013569814187677357, 0.07005633295648697], "PE": 0, "PG": 0, "PI": 0, "PS": 0, "PA": 0, "CL": 0, "SM": 0, "CHOL": [2.823314817298128e-07, -0.00022178317329688975, 0.029766502266008667]}, "LYS-27-PROA": {"PC": [-6.892900386980785e-05, 0.004624814185803125, 0.04456529787121947], "PE": 0, "PG": 0, "PI": 0, "PS": 0, "PA": 0, "CL": 0, "SM": 0, "CHOL": [0.6640079787198865, 3.3266799733866295, 16.66666666666702]}, "GLY-28-PROA": {"PC": [2.3240429993510786e-05, -0.0038931347673913587, 0.11757430750434042], "PE": 0, "PG": 0, "PI": 0, "PS": 0, "PA": 0, "CL": 0, "SM": 0, "CHOL": 0}, "ALA-29-PROA": {"PC": [2.4609776588090396e-06, -0.0013359620838659313, 0.1003690685688583], "PE": 0, "PG": 0, "PI": 0, "PS": 0, "PA": 0, "CL": 0, "SM": 0, "CHOL": 0}, "ILE-30-PROA": {"PC": [2.36059396255499e-06, -0.0011330106145874036, 0.09171064218021835], "PE": 0, "PG": 0, "PI": 0, "PS": 0, "PA": 0, "CL": 0, "SM": 0, "CHOL": 0}, "ILE-31-PROA": {"PC": [9.761552368951203e-08, -0.000143536552550457, 0.020327792720155172], "PE": 0, "PG": 0, "PI": 0, "PS": 0, "PA": 0, "CL": 0, "SM": 0, "CHOL": [-5.73301820447209e-07, 0.00012803847439277866, 0.020871181004271246]}, "GLY-32-PROA": {"PC": [3.053687330439048e-08, -6.255470597413459e-05, 0.015925589492270752], "PE": 0, "PG": 0, "PI": 0, "PS": 0, "PA": 0, "CL": 0, "SM": 0, "CHOL": [1.2649866822961329e-08, -3.8371558450367224e-05, 0.01944004816805808]}, "LEU-33-PROA": {"PC": [2.2461792544642264e-08, -4.8468185207435696e-05, 0.013687195543148269], "PE": 0, "PG": 0, "PI": 0, "PS": 0, "PA": 0, "CL": 0, "SM": 0, "CHOL": [7.18501605647417e-07, -0.0004110668815802576, 0.046229813825974304]}, "MET-34-PROA": {"PC": [9.941100251977879e-09, -3.4884430675772545e-05, 0.011059684507606585], "PE": 0, "PG": 0, "PI": 0, "PS": 0, "PA": 0, "CL": 0, "SM": 0, "CHOL": [3.6929406998821526e-08, -7.129423856071948e-05, 0.021775090210040336]}, "VAL-35-PROA": {"PC": [5.8807161369027485e-09, -2.2155504538806642e-05, 0.013049130699173208], "PE": 0, "PG": 0, "PI": 0, "PS": 0, "PA": 0, "CL": 0, "SM": 0, "CHOL": [0.013511744333562689, -0.36767371021440354, 2.3823358060114592]}, "GLY-36-PROA": {"PC": [7.557546594863872e-08, -0.00011998930247943834, 0.023961712837895333], "PE": 0, "PG": 0, "PI": 0, "PS": 0, "PA": 0, "CL": 0, "SM": 0, "CHOL": [1.3490176660006985e-09, -7.360601245404829e-06, 0.005323215733398403]}, "GLY-37-PROA": {"PC": [3.3092814664888417e-09, -1.4773920303843099e-05, 0.012526554673934277], "PE": 0, "PG": 0, "PI": 0, "PS": 0, "PA": 0, "CL": 0, "SM": 0, "CHOL": [9.066587548864539e-11, -4.331444957883941e-07, 0.0007957852752808767]}, "VAL-38-PROA": {"PC": [1.1353388891406487e-08, -2.2148496706185472e-05, 0.008715682028138369], "PE": 0, "PG": 0, "PI": 0, "PS": 0, "PA": 0, "CL": 0, "SM": 0, "CHOL": [8.7528641071394e-08, -0.00010008419972214994, 0.018481544529749087]}, "VAL-39-PROA": {"PC": [1.1071074857571908e-09, -7.268710259516718e-06, 0.009506323507937793], "PE": 0, "PG": 0, "PI": 0, "PS": 0, "PA": 0, "CL": 0, "SM": 0, "CHOL": [1.036477799682031, 4.156275976724942, 16.66666666666702]}, "ILE-40-PROA": {"PC": 0, "PE": 0, "PG": 0, "PI": 0, "PS": 0, "PA": 0, "CL": 0, "SM": 0, "CHOL": 0}, "ARG-46-PROB": {"PC": 0, "PE": 0, "PG": 0, "PI": 0, "PS": 0, "PA": 0, "CL": 0, "SM": 0, "CHOL": 0}, "TYR-51-PROB": {"PC": 0, "PE": 0, "PG": 0, "PI": 0, "PS": 0, "PA": 0, "CL": 0, "SM": 0, "CHOL": 0}, "GLU-52-PROB": {"PC": 0, "PE": 0, "PG": 0, "PI": 0, "PS": 0, "PA": 0, "CL": 0, "SM": 0, "CHOL": 0}, "VAL-53-PROB": {"PC": 0, "PE": 0, "PG": 0, "PI": 0, "PS": 0, "PA": 0, "CL": 0, "SM": 0, "CHOL": 0}, "HSD-54-PROB": {"PC": 0, "PE": 0, "PG": 0, "PI": 0, "PS": 0, "PA": 0, "CL": 0, "SM": 0, "CHOL": 0}, "HSD-55-PROB": {"PC": 0, "PE": 0, "PG": 0, "PI": 0, "PS": 0, "PA": 0, "CL": 0, "SM": 0, "CHOL": 0}, "GLN-56-PROB": {"PC": 0, "PE": 0, "PG": 0, "PI": 0, "PS": 0, "PA": 0,