{"SER-7-PROA": {"PC": [2.601319096733128e-06, -0.0010328569103885145, 0.06832387936737302], "PE": 0, "PG": 0, "PI": 0, "PS": 0, "PA": 0, "CL": 0, "SM": 0, "CHOL": [6.217031016625784e-07, -0.00035961263245907837, 0.04111066253020509]}, "TYR-9-PROA": {"PC": [8.320994324825666e-08, -0.00011072712778035991, 0.02244232962071587], "PE": 0, "PG": 0, "PI": 0, "PS": 0, "PA": 0, "CL": 0, "SM": 0, "CHOL": [0.0003366207983428525, -0.029106833289678505, 0.40233500234220443]}, "GLU-10-PROA": {"PC": [5.8276591394593076e-08, -0.00012781927790837268, 0.024080866693227097], "PE": 0, "PG": 0, "PI": 0, "PS": 0, "PA": 0, "CL": 0, "SM": 0, "CHOL": [1.0396044842071738e-07, -0.0001569124526110302, 0.02740434989233122]}, "VAL-11-PROA": {"PC": [9.927724580683834e-06, -0.0027267007758599946, 0.1344917726249528], "PE": 0, "PG": 0, "PI": 0, "PS": 0, "PA": 0, "CL": 0, "SM": 0, "CHOL": [7.204628387655519e-16, -8.866400510844621e-15, 8.333333333333359]}, "HSD-12-PROA": {"PC": [2.0560235314208856e-08, -5.862571754409441e-05, 0.016320630558526405], "PE": 0, "PG": 0, "PI": 0, "PS": 0, "PA": 0, "CL": 0, "SM": 0, "CHOL": [6.566660889882403e-07, -0.0005231975097737021, 0.05989381781925408]}, "HSD-13-PROA": {"PC": [8.423679633586484e-07, -0.0007070737837171347, 0.05615692623872831], "PE": 0, "PG": 0, "PI": 0, "PS": 0, "PA": 0, "CL": 0, "SM": 0, "CHOL": [1.6816858042840956e-08, -4.0847777361160465e-05, 0.019643699918439915]}, "GLN-14-PROA": {"PC": [9.273196908642058e-09, -3.623733410255283e-05, 0.015409511529415146], "PE": 0, "PG": 0, "PI": 0, "PS": 0, "PA": 0, "CL": 0, "SM": 0, "CHOL": [4.3592115911243356e-08, -7.545506320823272e-05, 0.02225826468980628]}, "LYS-15-PROA": {"PC": [6.550241332537991e-06, -0.0014585135944608048, 0.06540199120645018], "PE": 0, "PG": 0, "PI": 0, "PS": 0, "PA": 0, "CL": 0, "SM": 0, "CHOL": [6.682855067610384e-09, -2.061979679263792e-05, 0.010891233334705906]}, "LEU-16-PROA": {"PC": [5.197811361592838e-07, -0.0003717257869621054, 0.0320107375200791], "PE": 0, "PG": 0, "PI": 0, "PS": 0, "PA": 0, "CL": 0, "SM": 0, "CHOL": [2.5890080009184088e-08, -5.148488538104048e-05, 0.01323593706551053]}, "VAL-17-PROA": {"PC": [1.0803368639303078e-07, -0.00012673275325703748, 0.028299019820356146], "PE": 0, "PG": 0, "PI": 0, "PS": 0, "PA": 0, "CL": 0, "SM": 0, "CHOL": [8.349508832256718e-09, -3.3385911908029706e-05, 0.011957999648138259]}, "PHE-18-PROA": {"PC": [8.27643894181408e-08, -0.00012591515969246608, 0.02510633246713204], "PE": 0, "PG": 0, "PI": 0, "PS": 0, "PA": 0, "CL": 0, "SM": 0, "CHOL": [2.4894549673437863e-08, -6.268933088618906e-05, 0.017861079440436634]}, "PHE-19-PROA": {"PC": [1.1510938309986257e-07, -0.00016376628466613637, 0.024587929239774355], "PE": 0, "PG": 0, "PI": 0, "PS": 0, "PA": 0, "CL": 0, "SM": 0, "CHOL": [1.438179364986551e-07, -0.0001422264939136807, 0.02308942565439384]}, "ALA-20-PROA": {"PC": [1.637872280002164e-08, -3.790682912402206e-05, 0.01757827461387759], "PE": 0, "PG": 0, "PI": 0, "PS": 0, "PA": 0, "CL": 0, "SM": 0, "CHOL": [2.0541894057336318e-07, -0.000221667112199625, 0.029624281317074362]}, "GLU-21-PROA": {"PC": [6.2230042387819544e-06, -0.0016347473169709438, 0.09605443032252825], "PE": 0, "PG": 0, "PI": 0, "PS": 0, "PA": 0, "CL": 0, "SM": 0, "CHOL": [2.5175979218449618e-06, -0.0011424741577136489, 0.07391270525148394]}, "ASP-22-PROA": {"PC": [1.1998862858832684e-06, -0.0009251960619789058, 0.064879921433189], "PE": 0, "PG": 0, "PI": 0, "PS": 0, "PA": 0, "CL": 0, "SM": 0, "CHOL": [0.00148690918105801, -0.08574005069064995, 0.9428840777724397]}, "VAL-23-PROA": {"PC": [3.1775803083796736e-06, -0.0015046043764688462, 0.08472625792959493], "PE": 0, "PG": 0, "PI": 0, "PS": 0, "PA": 0, "CL": 0, "SM": 0, "CHOL": [9.90345773362258e-07, -0.0004928148323129106, 0.04067452955097187]}, "GLY-24-PROA": {"PC": [1.5118043891320595e-07, -0.0002134076136248967, 0.0364047078090636], "PE": 0, "PG": 0, "PI": 0, "PS": 0, "PA": 0, "CL": 0, "SM": 0, "CHOL": [1.1835479141559203e-06, -0.0006056769866720386, 0.04600197360113944]}, "SER-25-PROA": {"PC": [5.543902866220976e-05, -0.00626684070785015, 0.15316981268252672], "PE": 0, "PG": 0, "PI": 0, "PS": 0, "PA": 0, "CL": 0, "SM": 0, "CHOL": 0}, "LYS-27-PROA": {"PC": [8.92251242973471e-05, -0.0071074352735960656, 0.18978872708117955], "PE": 0, "PG": 0, "PI": 0, "PS": 0, "PA": 0, "CL": 0, "SM": 0, "CHOL": 0}, "GLY-28-PROA": {"PC": [3.773787831667731e-06, -0.0020475642632086935, 0.10265529095604521], "PE": 0, "PG": 0, "PI": 0, "PS": 0, "PA": 0, "CL": 0, "SM": 0, "CHOL": [4.481023872776825e-06, -0.0014748437000471149, 0.10461642882259815]}, "ALA-29-PROA": {"PC": [3.1566339800615945e-06, -0.0015360684579147673, 0.12842619547795056], "PE": 0, "PG": 0, "PI": 0, "PS": 0, "PA": 0, "CL": 0, "SM": 0, "CHOL": [-0.16412028258407985, 1.831343923882174, -1.9129785990087969]}, "ILE-30-PROA": {"PC": [-1.2658641629733285e-05, 0.0011478729645578046, 0.0689354330344441], "PE": 0, "PG": 0, "PI": 0, "PS": 0, "PA": 0, "CL": 0, "SM": 0, "CHOL": 0}, "ILE-31-PROA": {"PC": [2.3337471150287485e-08, -4.9669735656213804e-05, 0.021386329459941133], "PE": 0, "PG": 0, "PI": 0, "PS": 0, "PA": 0, "CL": 0, "SM": 0, "CHOL": [2.0427193115835058e-08, -5.002763783499675e-05, 0.019490396010741422]}, "GLY-32-PROA": {"PC": [2.1912502579592782e-08, -5.350889830687295e-05, 0.019058249920786068], "PE": 0, "PG": 0, "PI": 0, "PS": 0, "PA": 0, "CL": 0, "SM": 0, "CHOL": [6.881586149478139e-08, -0.00010718567524254406, 0.024831241500863556]}, "LEU-33-PROA": {"PC": [1.7981777349201365e-07, -0.00019107294944145566, 0.02698760546426478], "PE": 0, "PG": 0, "PI": 0, "PS": 0, "PA": 0, "CL": 0, "SM": 0, "CHOL": [3.049437732852032e-08, -5.418837402541092e-05, 0.013275103722473432]}, "MET-34-PROA": {"PC": [5.497786180330619e-09, -2.1214406882185327e-05, 0.01356488414718127], "PE": 0, "PG": 0, "PI": 0, "PS": 0, "PA": 0, "CL": 0, "SM": 0, "CHOL": [4.0252488126830656e-09, -2.0124037592024673e-05, 0.009707921422379197]}, "VAL-35-PROA": {"PC": [1.4080453975247337e-06, -0.0007438370206985475, 0.05337770040743548], "PE": 0, "PG": 0, "PI": 0, "PS": 0, "PA": 0, "CL": 0, "SM": 0, "CHOL": [3.4419491203163684e-08, -6.427266981196378e-05, 0.017975241177010496]}, "GLY-36-PROA": {"PC": [1.2003701989960666e-05, -0.0034313306954793744, 0.1865383356811656], "PE": 0, "PG": 0, "PI": 0, "PS": 0, "PA": 0, "CL": 0, "SM": 0, "CHOL": [1.5532081566431643e-09, -8.558225546232771e-06, 0.006217964774413106]}, "GLY-37-PROA": {"PC": [6.946266675780424e-07, -0.0003618595680075418, 0.030931927545208973], "PE": 0, "PG": 0, "PI": 0, "PS": 0, "PA": 0, "CL": 0, "SM": 0, "CHOL": [1.7518383082658205e-09, -9.844559957188532e-06, 0.009904916173108642]}, "VAL-38-PROA": {"PC": [-2.567760175776365e-07, -6.8697834125708e-05, 0.027097757465335097], "PE": 0, "PG": 0, "PI": 0, "PS": 0, "PA": 0, "CL": 0, "SM": 0, "CHOL": [1.2666851454873535e-08, -3.546318346278187e-05, 0.015234378498888203]}, "VAL-39-PROA": {"PC": [-9.094177511252744e-08, 3.7845569073928023e-05, 0.023119277696772543], "PE": 0, "PG": 0, "PI": 0, "PS": 0, "PA": 0, "CL": 0, "SM": 0, "CHOL": [2.2443754939924824e-08, -4.816097154878727e-05, 0.01305071334205728]}, "ILE-40-PROA": {"PC": 0, "PE": 0, "PG": 0, "PI": 0, "PS": 0, "PA": 0, "CL": 0, "SM": 0, "CHOL": [2.1835809685669273e-06, -0.0011678187907061498, 0.10609655539574171]}, "ALA-43-PROB": {"PC": 0, "PE": 0, "PG": 0, "PI": 0, "PS": 0, "PA": 0, "CL": 0, "SM": 0, "CHOL": 0}, "PHE-45-PROB": {"PC": 0, "PE": 0, "PG": 0, "PI": 0, "PS": 0, "PA": 0, "CL": 0, "SM": 0, "CHOL": 0}, "TYR-51-PROB": {"PC": 0, "PE": 0, "PG": 0, "PI": 0, "PS": 0, "PA": 0, "CL": 0, "SM": 0, "CHOL": 0}, "VAL-53-PROB": {"PC": 0, "PE": 0, "PG": 0, "PI": 0, "PS": 0, "PA": 0, "CL": 0, "SM": 0, "CHOL": 0}, "HSD-54-PROB": {"PC": 0, "PE": 0, "PG": 0, "PI": 0, "PS": 0, "PA": 0, "CL": 0, "SM": 0, "CHOL": 0}, "GLY-70-PROB": {"PC": 0, "PE": 0, "PG": 0, "PI": 0, "PS": 0, "PA": 0, "CL": 0, "SM": 0, "CHOL": 0}, "ALA-71-PROB": {"PC": 0, "PE": 0, "PG": 0, "PI": 0, "PS": 0, "PA": 0, "CL": 0, "SM": 0, "CHOL": 0}, "ILE-72-PROB": {"PC": 0, "PE": 0,