{"ARG-4-PROA": {"PC": [3.4743836904809136e-07, -0.00022547671591781216, 0.03744163779354401], "PE": 0, "PG": 0, "PI": 0, "PS": 0, "PA": 0, "CL": 0, "SM": 0, "CHOL": 0, "OTHER": [0.08491226615903381, -2.4523140845693225, 18.340266503581507]}, "TYR-9-PROA": {"PC": [2.6327073090418443e-08, -6.993876445566502e-05, 0.020631991782919672], "PE": 0, "PG": 0, "PI": 0, "PS": 0, "PA": 0, "CL": 0, "SM": 0, "CHOL": 0, "OTHER": 0}, "GLU-10-PROA": {"PC": [2.5518604187063595e-09, -1.6732625226627526e-05, 0.008842434384674509], "PE": 0, "PG": 0, "PI": 0, "PS": 0, "PA": 0, "CL": 0, "SM": 0, "CHOL": 0, "OTHER": 0}, "VAL-11-PROA": {"PC": [1.1511251185079355e-06, -0.0007664328563193125, 0.06280060098405325], "PE": 0, "PG": 0, "PI": 0, "PS": 0, "PA": 0, "CL": 0, "SM": 0, "CHOL": 0, "OTHER": 0}, "HSD-12-PROA": {"PC": [1.6110331626854425e-09, -1.103503743380782e-05, 0.008197627413084538], "PE": 0, "PG": 0, "PI": 0, "PS": 0, "PA": 0, "CL": 0, "SM": 0, "CHOL": 0, "OTHER": 0}, "HSD-13-PROA": {"PC": [6.6092347217941265e-09, -2.199647251540277e-05, 0.011505345872108604], "PE": 0, "PG": 0, "PI": 0, "PS": 0, "PA": 0, "CL": 0, "SM": 0, "CHOL": 0, "OTHER": [0.00013862074646175048, 0.008856704827395683, 0.27882826081823386]}, "GLN-14-PROA": {"PC": [2.5544390380984706e-09, -1.2856105214365785e-05, 0.007334560853454203], "PE": 0, "PG": 0, "PI": 0, "PS": 0, "PA": 0, "CL": 0, "SM": 0, "CHOL": 0, "OTHER": 0}, "LYS-15-PROA": {"PC": [1.5100643867827217e-09, -9.293559756963875e-06, 0.008292693216162488], "PE": 0, "PG": 0, "PI": 0, "PS": 0, "PA": 0, "CL": 0, "SM": 0, "CHOL": 0, "OTHER": [5.826285023872229e-05, -0.011179829709156545, 0.3579923450129887]}, "LEU-16-PROA": {"PC": [1.6560773935992826e-08, -5.333688145929088e-05, 0.016393216575627565], "PE": 0, "PG": 0, "PI": 0, "PS": 0, "PA": 0, "CL": 0, "SM": 0, "CHOL": 0, "OTHER": [-0.6736613001663605, 10.74515465105077, -34.47184156434172]}, "VAL-17-PROA": {"PC": [2.476398473175252e-07, -0.00025799044718092336, 0.030452599479490777], "PE": 0, "PG": 0, "PI": 0, "PS": 0, "PA": 0, "CL": 0, "SM": 0, "CHOL": 0, "OTHER": [3.0838446407388407e-06, -0.0011255558485097964, 0.09396854953675042]}, "PHE-18-PROA": {"PC": [1.5056273738044335e-08, -5.061318426463646e-05, 0.014472061301646091], "PE": 0, "PG": 0, "PI": 0, "PS": 0, "PA": 0, "CL": 0, "SM": 0, "CHOL": 0, "OTHER": [0.0034618813613156224, -0.1517867064894295, 1.5219440072227814]}, "PHE-19-PROA": {"PC": [5.300121490370505e-09, -2.5579849265144107e-05, 0.011141944536395151], "PE": 0, "PG": 0, "PI": 0, "PS": 0, "PA": 0, "CL": 0, "SM": 0, "CHOL": 0, "OTHER": [4.2320811795346075e-06, -0.0022249874975595234, 0.07592070523984204]}, "ALA-20-PROA": {"PC": [8.595694366466324e-09, -3.193640329091216e-05, 0.011167564591638663], "PE": 0, "PG": 0, "PI": 0, "PS": 0, "PA": 0, "CL": 0, "SM": 0, "CHOL": 0, "OTHER": 0}, "GLU-21-PROA": {"PC": [7.541136497772133e-09, -2.1922583466290427e-05, 0.008943951053568483], "PE": 0, "PG": 0, "PI": 0, "PS": 0, "PA": 0, "CL": 0, "SM": 0, "CHOL": 0, "OTHER": [0.0012804564227547944, -0.11811469184272202, 2.032813824569963]}, "ASP-22-PROA": {"PC": [6.791473233321545e-09, -2.638905866218492e-05, 0.013065556525591977], "PE": 0, "PG": 0, "PI": 0, "PS": 0, "PA": 0, "CL": 0, "SM": 0, "CHOL": 0, "OTHER": 0}, "VAL-23-PROA": {"PC": [1.0130075943787208e-07, -0.0001688654111385377, 0.025596740927846095], "PE": 0, "PG": 0, "PI": 0, "PS": 0, "PA": 0, "CL": 0, "SM": 0, "CHOL": 0, "OTHER": [0.00025651176267164503, 0.0027516554347050853, 0.22188724927214482]}, "GLY-24-PROA": {"PC": [5.323638594838005e-08, -9.271176211138004e-05, 0.02686571466972201], "PE": 0, "PG": 0, "PI": 0, "PS": 0, "PA": 0, "CL": 0, "SM": 0, "CHOL": 0, "OTHER": [7.239395262194055e-08, -8.203925135747058e-05, 0.018833454280299762]}, "LYS-27-PROA": {"PC": [2.8056006159479697e-06, -0.0012561050514426886, 0.0672167494952011], "PE": 0, "PG": 0, "PI": 0, "PS": 0, "PA": 0, "CL": 0, "SM": 0, "CHOL": 0, "OTHER": 0}, "GLY-28-PROA": {"PC": [1.4792882382319675e-07, -0.0002115586870792559, 0.03840279540345289], "PE": 0, "PG": 0, "PI": 0, "PS": 0, "PA": 0, "CL": 0, "SM": 0, "CHOL": 0, "OTHER": [5.613034246372646e-07, -0.0002886341943503884, 0.03056131988869561]}, "ALA-29-PROA": {"PC": [1.0229471129166443e-07, -0.0001267193417688558, 0.024165000267199963], "PE": 0, "PG": 0, "PI": 0, "PS": 0, "PA": 0, "CL": 0, "SM": 0, "CHOL": 0, "OTHER": 0}, "ILE-30-PROA": {"PC": [2.9571266205444843e-08, -5.635932009647293e-05, 0.015175484611769494], "PE": 0, "PG": 0, "PI": 0, "PS": 0, "PA": 0, "CL": 0, "SM": 0, "CHOL": 0, "OTHER": [0.0007149363753786613, -0.03466903046790551, 0.45198275258131476]}, "ILE-31-PROA": {"PC": [1.399088124912502e-08, -3.843559140533409e-05, 0.01686941375254023], "PE": 0, "PG": 0, "PI": 0, "PS": 0, "PA": 0, "CL": 0, "SM": 0, "CHOL": 0, "OTHER": [1.7818376526181396e-05, -0.004137629718744284, 0.25115811146125977]}, "GLY-32-PROA": {"PC": [5.865325346811116e-09, -2.314156259760204e-05, 0.012816769822862097], "PE": 0, "PG": 0, "PI": 0, "PS": 0, "PA": 0, "CL": 0, "SM": 0, "CHOL": 0, "OTHER": [1.8697398583892714e-06, -0.001168308717003082, 0.08475496901962419]}, "LEU-33-PROA": {"PC": [1.0377139085974271e-07, -0.00015511536758309433, 0.02454855974004665], "PE": 0, "PG": 0, "PI": 0, "PS": 0, "PA": 0, "CL": 0, "SM": 0, "CHOL": 0, "OTHER": [-8.24757539093869e-05, 0.009714157297383254, 0.0023127903699180405]}, "MET-34-PROA": {"PC": [9.022590054866358e-08, -0.00013074803180485611, 0.027503268434875945], "PE": 0, "PG": 0, "PI": 0, "PS": 0, "PA": 0, "CL": 0, "SM": 0, "CHOL": 0, "OTHER": [0.00010866518806178293, -0.013115997945937204, 0.27515423528989397]}, "VAL-35-PROA": {"PC": [2.566100178803036e-09, -1.2420825398905386e-05, 0.008261771360945075], "PE": 0, "PG": 0, "PI": 0, "PS": 0, "PA": 0, "CL": 0, "SM": 0, "CHOL": 0, "OTHER": [1.78535680803054e-05, -0.003742482349457739, 0.14393098555751513]}, "GLY-36-PROA": {"PC": [8.416010084896833e-10, -6.063905641364217e-06, 0.008036398077822828], "PE": 0, "PG": 0, "PI": 0, "PS": 0, "PA": 0, "CL": 0, "SM": 0, "CHOL": 0, "OTHER": [-0.020375846300735488, 0.6423088459430868, -3.316217311109912]}, "GLY-37-PROA": {"PC": [5.615740252310715e-10, -3.3705516052662365e-06, 0.0034572953429084733], "PE": 0, "PG": 0, "PI": 0, "PS": 0, "PA": 0, "CL": 0, "SM": 0, "CHOL": 0, "OTHER": 0}, "VAL-38-PROA": {"PC": [1.4331316010336311e-09, -8.199054747700653e-06, 0.007686437533734601], "PE": 0, "PG": 0, "PI": 0, "PS": 0, "PA": 0, "CL": 0, "SM": 0, "CHOL": 0, "OTHER": 0}, "VAL-39-PROA": {"PC": [4.522761624715785e-09, -1.9685721028113384e-05, 0.013939830067224965], "PE": 0, "PG": 0, "PI": 0, "PS": 0, "PA": 0, "CL": 0, "SM": 0, "CHOL": 0, "OTHER": 0}, "ILE-40-PROA": {"PC": [1.0736146619732441e-07, -0.00015085549083524875, 0.029009925955599137], "PE": 0, "PG": 0, "PI": 0, "PS": 0, "PA": 0, "CL": 0, "SM": 0, "CHOL": 0, "OTHER": [0.0002273834531694289, -0.011178989536296495, 0.16526678967948608]}, "VAL-53-PROB": {"PC": 0, "PE": 0, "PG": 0, "PI": 0, "PS": 0, "PA": 0, "CL": 0, "SM": 0, "CHOL": 0, "OTHER": 0}, "ALA-71-PROB": {"PC": 0, "PE": 0, "PG": 0, "PI": 0, "PS": 0, "PA": 0, "CL": 0, "SM": 0, "CHOL": 0, "OTHER": 0}, "ILE-72-PROB": {"PC": 0, "PE": 0, "PG": 0, "PI": 0, "PS": 0, "PA": 0, "CL": 0, "SM": 0, "CHOL": 0, "OTHER": 0}, "ILE-73-PROB": {"PC": 0, "PE": 0, "PG": 0, "PI": 0, "PS": 0, "PA": 0, "CL": 0, "SM": 0, "CHOL": 0, "OTHER": 0}, "GLY-74-PROB": {"PC": 0, "PE": 0, "PG": 0, "PI": 0, "PS": 0, "PA": 0, "CL": 0, "SM": 0, "CHOL": 0, "OTHER": 0}, "LEU-75-PROB": {"PC": 0, "PE": 0, "PG": 0, "PI": 0, "PS": 0, "PA": 0, "CL": 0, "SM": 0, "CHOL": 0, "OTHER": 0}, "MET-76-PROB": {"PC": 0, "PE": 0, "PG": 0, "PI": 0, "PS": 0, "PA": 0, "CL": 0, "SM": 0, "CHOL": 0, "OTHER": 0}, "VAL-77-PROB": {"PC": 0, "PE": 0, "PG": 0, "PI": 0, "PS": 0, "PA": 0, "CL": 0, "SM": 0, "CHOL": 0, "OTHER": 0}, "GLY-78-PROB": {"PC": 0, "PE": 0, "PG": 0, "PI": 0, "PS": 0, "PA": 0, "CL": 0, "SM": 0, "CHOL": 0, "OTHER": 0}, "GLY-79-PROB": {"PC": 0, "PE": 0, "PG": 0, "PI": 0, "PS": 0, "PA": 0, "CL": 0, "SM": 0, "CHOL": 0, "OTHER": 0}, "VAL-80-PROB": {"PC": 0, "PE": 0,