{"ALA-1-PROA": {"PC": [1.237287377898404e-06, -0.0007224196730180378, 0.053299867129215174], "PE": 0, "PG": 0, "PI": 0, "PS": 0, "PA": 0, "CL": 0, "SM": 0, "CHOL": [5.875218504907185e-06, -0.0019458109510794108, 0.0919716911769616]}, "GLU-2-PROA": {"PC": [2.2921909625886816e-07, -0.00023010557004062815, 0.039734504255937025], "PE": 0, "PG": 0, "PI": 0, "PS": 0, "PA": 0, "CL": 0, "SM": 0, "CHOL": [5.967964018632426e-07, -0.0004233164053523109, 0.05082972994534352]}, "PHE-3-PROA": {"PC": [7.671685306504809e-08, -8.523832656649147e-05, 0.02030378639727942], "PE": 0, "PG": 0, "PI": 0, "PS": 0, "PA": 0, "CL": 0, "SM": 0, "CHOL": [3.2666089944132606e-06, -0.0012381336906628283, 0.08473216529849822]}, "ARG-4-PROA": {"PC": [3.4016190316802134e-08, -7.061643659280473e-05, 0.020953098878660904], "PE": 0, "PG": 0, "PI": 0, "PS": 0, "PA": 0, "CL": 0, "SM": 0, "CHOL": [1.7839120852059602e-08, -4.803352782837915e-05, 0.014202357205439773]}, "VAL-11-PROA": {"PC": [-3.334524559962929e-08, -3.3784636405769026e-05, 0.03150317911342307], "PE": 0, "PG": 0, "PI": 0, "PS": 0, "PA": 0, "CL": 0, "SM": 0, "CHOL": 0}, "HSD-12-PROA": {"PC": [2.219432070549724e-09, -1.116901942892266e-05, 0.011437592898696143], "PE": 0, "PG": 0, "PI": 0, "PS": 0, "PA": 0, "CL": 0, "SM": 0, "CHOL": 0}, "HSD-13-PROA": {"PC": [0.00042370254118138413, -0.027736558759352374, 0.4108490661820211], "PE": 0, "PG": 0, "PI": 0, "PS": 0, "PA": 0, "CL": 0, "SM": 0, "CHOL": [1.1433220777670104e-08, -3.199776328841617e-05, 0.020722364916590276]}, "GLN-14-PROA": {"PC": [2.2017744756965727e-07, -0.00021571006836310623, 0.0339405852843703], "PE": 0, "PG": 0, "PI": 0, "PS": 0, "PA": 0, "CL": 0, "SM": 0, "CHOL": [7.41893149368674e-06, -0.0016487985388815897, 0.06692845717762239]}, "LYS-15-PROA": {"PC": [1.2844255163924137e-08, -3.8262239559877544e-05, 0.01729603644831542], "PE": 0, "PG": 0, "PI": 0, "PS": 0, "PA": 0, "CL": 0, "SM": 0, "CHOL": [1.6746347145767187e-07, -0.00018329364656552476, 0.03271393670564876]}, "LEU-16-PROA": {"PC": [1.281409275138642e-08, -4.116388226988614e-05, 0.01756121076929397], "PE": 0, "PG": 0, "PI": 0, "PS": 0, "PA": 0, "CL": 0, "SM": 0, "CHOL": [0.00034124565633161975, -0.027412716979886155, 0.41680168344932916]}, "VAL-17-PROA": {"PC": [1.379004770266413e-08, -3.684672148102424e-05, 0.015190348341641666], "PE": 0, "PG": 0, "PI": 0, "PS": 0, "PA": 0, "CL": 0, "SM": 0, "CHOL": [1.4751337366294707e-07, -0.00018754014989139773, 0.024469381066811294]}, "PHE-18-PROA": {"PC": [3.3862747279677725e-08, -8.18122321658888e-05, 0.02138529433122536], "PE": 0, "PG": 0, "PI": 0, "PS": 0, "PA": 0, "CL": 0, "SM": 0, "CHOL": [1.749128067983008e-07, -0.0001959737610333794, 0.029794448033809727]}, "PHE-19-PROA": {"PC": [1.7114576693811907e-07, -0.0001853631601874925, 0.035236127214399934], "PE": 0, "PG": 0, "PI": 0, "PS": 0, "PA": 0, "CL": 0, "SM": 0, "CHOL": [-4.845125790803962e-09, -9.716319252148533e-07, 0.013693616915120416]}, "ALA-20-PROA": {"PC": [8.342342201527103e-08, -0.0001388205263163161, 0.025407114106524003], "PE": 0, "PG": 0, "PI": 0, "PS": 0, "PA": 0, "CL": 0, "SM": 0, "CHOL": [1.42449284689546e-07, -0.00017956290126298463, 0.03504888129827112]}, "GLU-21-PROA": {"PC": [3.1881672235733653e-07, -0.00024393216690156463, 0.03482376646197181], "PE": 0, "PG": 0, "PI": 0, "PS": 0, "PA": 0, "CL": 0, "SM": 0, "CHOL": [3.692579352398406e-06, -0.0017623529764341226, 0.08817345636981135]}, "ASP-22-PROA": {"PC": [6.759998759780465e-07, -0.0005320515415138239, 0.05048954811925765], "PE": 0, "PG": 0, "PI": 0, "PS": 0, "PA": 0, "CL": 0, "SM": 0, "CHOL": [1.3852360251668992e-06, -0.0008914865212480479, 0.050594104605191835]}, "VAL-23-PROA": {"PC": [3.645117207135761e-07, -0.0004285838512062158, 0.04442496511366643], "PE": 0, "PG": 0, "PI": 0, "PS": 0, "PA": 0, "CL": 0, "SM": 0, "CHOL": [1.4229679966715965e-06, -0.0004967339779150708, 0.057313854545161]}, "GLY-24-PROA": {"PC": [2.2930401508161538e-08, -5.656503742305812e-05, 0.02172132677104577], "PE": 0, "PG": 0, "PI": 0, "PS": 0, "PA": 0, "CL": 0, "SM": 0, "CHOL": [2.7497433347480885e-06, -0.0009899706265866887, 0.05399020598393148]}, "SER-25-PROA": {"PC": [2.2498506987612488e-06, -0.0008420321459857218, 0.057730919325079], "PE": 0, "PG": 0, "PI": 0, "PS": 0, "PA": 0, "CL": 0, "SM": 0, "CHOL": [3.134313972026869e-06, -0.0012763126565492205, 0.06799493141502136]}, "ASN-26-PROA": {"PC": [1.7784346910020112e-06, -0.0007501581971046669, 0.05344521508500045], "PE": 0, "PG": 0, "PI": 0, "PS": 0, "PA": 0, "CL": 0, "SM": 0, "CHOL": 0}, "LYS-27-PROA": {"PC": [1.0642115700564417e-05, -0.003349719231669608, 0.11154668588930715], "PE": 0, "PG": 0, "PI": 0, "PS": 0, "PA": 0, "CL": 0, "SM": 0, "CHOL": 0}, "GLY-28-PROA": {"PC": [1.912666540206369e-06, -0.0011751775395431568, 0.0779819785912793], "PE": 0, "PG": 0, "PI": 0, "PS": 0, "PA": 0, "CL": 0, "SM": 0, "CHOL": 0}, "ALA-29-PROA": {"PC": [2.164261070997319e-07, -0.0002525309579803482, 0.039787096727908845], "PE": 0, "PG": 0, "PI": 0, "PS": 0, "PA": 0, "CL": 0, "SM": 0, "CHOL": 0}, "ILE-30-PROA": {"PC": [3.8334037044008414e-05, -0.005205791740435895, 0.12820658434586196], "PE": 0, "PG": 0, "PI": 0, "PS": 0, "PA": 0, "CL": 0, "SM": 0, "CHOL": 0}, "ILE-31-PROA": {"PC": [1.0422497210226838e-08, -3.706309152525026e-05, 0.012044167415798465], "PE": 0, "PG": 0, "PI": 0, "PS": 0, "PA": 0, "CL": 0, "SM": 0, "CHOL": [7.238044393618222e-05, -0.01098741317705618, 0.29502571077374384]}, "GLY-32-PROA": {"PC": [8.690677602142786e-09, -2.8104460867806063e-05, 0.014185951445387436], "PE": 0, "PG": 0, "PI": 0, "PS": 0, "PA": 0, "CL": 0, "SM": 0, "CHOL": [1.904238649426276e-08, -4.82125160703354e-05, 0.0234688615776046]}, "LEU-33-PROA": {"PC": [4.929846366439925e-08, -9.389702076489581e-05, 0.019852176779808266], "PE": 0, "PG": 0, "PI": 0, "PS": 0, "PA": 0, "CL": 0, "SM": 0, "CHOL": [1.1953661282253779e-06, -0.0006759213720656958, 0.05586917362539801]}, "MET-34-PROA": {"PC": [2.698477376505122e-08, -5.786987048863122e-05, 0.014465985899864312], "PE": 0, "PG": 0, "PI": 0, "PS": 0, "PA": 0, "CL": 0, "SM": 0, "CHOL": [4.860651931988733e-09, -1.2853996898392858e-05, 0.00709037893672587]}, "VAL-35-PROA": {"PC": [5.879872873915272e-08, -0.00010341891237166767, 0.021748541885949196], "PE": 0, "PG": 0, "PI": 0, "PS": 0, "PA": 0, "CL": 0, "SM": 0, "CHOL": [0.0003311723963918577, -0.028235853360277514, 0.5174702210137743]}, "GLY-36-PROA": {"PC": [1.9231793482230391e-07, -0.000200340904993039, 0.028636328660317623], "PE": 0, "PG": 0, "PI": 0, "PS": 0, "PA": 0, "CL": 0, "SM": 0, "CHOL": [2.7484926188256355e-09, -8.453928154427519e-06, 0.005518658072557069]}, "GLY-37-PROA": {"PC": [7.434988627587512e-09, -2.559444411401858e-05, 0.016297055439359602], "PE": 0, "PG": 0, "PI": 0, "PS": 0, "PA": 0, "CL": 0, "SM": 0, "CHOL": [7.02518970398375e-09, -2.4987770072210426e-05, 0.015769210838877615]}, "VAL-38-PROA": {"PC": [2.3378096187923964e-08, -3.255734189969587e-05, 0.00922448588872459], "PE": 0, "PG": 0, "PI": 0, "PS": 0, "PA": 0, "CL": 0, "SM": 0, "CHOL": [3.625210635211299e-07, -0.0002563123294642123, 0.02907711715220928]}, "VAL-39-PROA": {"PC": [-2.0855965181169173e-09, 1.2042234295607076e-05, -0.008676836334458272], "PE": 0, "PG": 0, "PI": 0, "PS": 0, "PA": 0, "CL": 0, "SM": 0, "CHOL": 0}, "ILE-40-PROA": {"PC": [12.875669777892972, -132.32164462881312, 339.82799941664433], "PE": 0, "PG": 0, "PI": 0, "PS": 0, "PA": 0, "CL": 0, "SM": 0, "CHOL": 0}, "TYR-51-PROB": {"PC": 0, "PE": 0, "PG": 0, "PI": 0, "PS": 0, "PA": 0, "CL": 0, "SM": 0, "CHOL": 0}, "GLU-52-PROB": {"PC": 0, "PE": 0, "PG": 0, "PI": 0, "PS": 0, "PA": 0, "CL": 0, "SM": 0, "CHOL": 0}, "VAL-53-PROB": {"PC": 0, "PE": 0, "PG": 0, "PI": 0, "PS": 0, "PA": 0, "CL": 0, "SM": 0, "CHOL": 0}, "HSD-54-PROB": {"PC": 0, "PE": 0, "PG": 0, "PI": 0, "PS": 0, "PA": 0, "CL": 0, "SM": 0, "CHOL": 0}, "HSD-55-PROB": {"PC": 0, "PE": 0, "PG": 0, "PI": 0, "PS": 0, "PA": 0, "CL": 0, "SM": 0, "CHOL": 0}, "GLN-56-PROB": {"PC": 0, "PE": 0, "PG": 0, "PI": 0, "PS": 0, "PA": 0, "CL": 0, "SM": 0, "CHOL": 0},