{"PHE-3-PROA": {"PC": [1.5277411393032638e-07, -0.0002589480501584205, 0.03337209012405155], "PE": 0, "PG": 0, "PI": 0, "PS": 0, "PA": 0, "CL": 0, "SM": 0, "CHOL": [0.0007752778113701809, -0.059718587340487385, 0.8397808713376564]}, "ARG-4-PROA": {"PC": [1.9096591624054205e-08, -5.170415315073185e-05, 0.013818287434972995], "PE": 0, "PG": 0, "PI": 0, "PS": 0, "PA": 0, "CL": 0, "SM": 0, "CHOL": [1.3042731001949057e-07, -0.00012024414164422856, 0.01972545603276335]}, "SER-7-PROA": {"PC": [1.4489490466938278e-08, -5.162560874473389e-05, 0.016777587255869343], "PE": 0, "PG": 0, "PI": 0, "PS": 0, "PA": 0, "CL": 0, "SM": 0, "CHOL": [3.689219345732592e-06, -0.001531758842467545, 0.1212744918700851]}, "GLY-8-PROA": {"PC": [1.0022970550176104e-07, -0.0001500734019014761, 0.03359195700856289], "PE": 0, "PG": 0, "PI": 0, "PS": 0, "PA": 0, "CL": 0, "SM": 0, "CHOL": [1.0982243876170457e-07, -8.212547606759133e-05, 0.015210851486153873]}, "TYR-9-PROA": {"PC": [-0.0004606749610463485, 0.04762269191945047, -0.3283168942007647], "PE": 0, "PG": 0, "PI": 0, "PS": 0, "PA": 0, "CL": 0, "SM": 0, "CHOL": [-0.003571255277006126, 0.17595527149935755, -0.96715108102715]}, "GLU-10-PROA": {"PC": [1.2016524347319096e-07, -0.00016458859179160982, 0.03825265519194731], "PE": 0, "PG": 0, "PI": 0, "PS": 0, "PA": 0, "CL": 0, "SM": 0, "CHOL": [5.644900860274132e-09, -2.041294885549681e-05, 0.010517482784201844]}, "VAL-11-PROA": {"PC": [2.2381634060935864e-05, -0.005186476795054026, 0.16168844641346314], "PE": 0, "PG": 0, "PI": 0, "PS": 0, "PA": 0, "CL": 0, "SM": 0, "CHOL": [0.0015394625666600144, -0.08424054488251233, 0.7815168843922053]}, "HSD-12-PROA": {"PC": [1.8608912332481604e-06, -0.0007768863333202461, 0.060356909125537], "PE": 0, "PG": 0, "PI": 0, "PS": 0, "PA": 0, "CL": 0, "SM": 0, "CHOL": [5.642694518010369e-08, -8.430539813664122e-05, 0.02286933106542181]}, "HSD-13-PROA": {"PC": [3.5109358088405683e-07, -0.00030885771804295035, 0.03750352918984502], "PE": 0, "PG": 0, "PI": 0, "PS": 0, "PA": 0, "CL": 0, "SM": 0, "CHOL": [1.8634771622818804e-08, -3.967015882291878e-05, 0.01484743286368526]}, "GLN-14-PROA": {"PC": [6.851074878713552e-08, -0.00012790199496833134, 0.023072046821330704], "PE": 0, "PG": 0, "PI": 0, "PS": 0, "PA": 0, "CL": 0, "SM": 0, "CHOL": [5.668145751689617e-06, -0.0017549949773182616, 0.11113112787668838]}, "LYS-15-PROA": {"PC": [1.2642359568247584e-08, -4.363910889431425e-05, 0.013806462075977617], "PE": 0, "PG": 0, "PI": 0, "PS": 0, "PA": 0, "CL": 0, "SM": 0, "CHOL": [1.578393698194201e-05, -0.00427986769531431, 0.1820251197638634]}, "LEU-16-PROA": {"PC": [8.657805229416129e-09, -3.5887140659170445e-05, 0.013290272145334446], "PE": 0, "PG": 0, "PI": 0, "PS": 0, "PA": 0, "CL": 0, "SM": 0, "CHOL": [1.4019257938901437e-06, -0.0006533583706065331, 0.046469069213258996]}, "VAL-17-PROA": {"PC": [1.0388373904111766e-08, -2.8169503762468485e-05, 0.01532823585469218], "PE": 0, "PG": 0, "PI": 0, "PS": 0, "PA": 0, "CL": 0, "SM": 0, "CHOL": [9.846747782800372e-06, -0.002817709611236514, 0.15710749097968404]}, "PHE-18-PROA": {"PC": [2.7616356035632656e-08, -6.203930944388868e-05, 0.015565539683362608], "PE": 0, "PG": 0, "PI": 0, "PS": 0, "PA": 0, "CL": 0, "SM": 0, "CHOL": [8.73530748694952e-07, -0.00042420257318288314, 0.04315900066503622]}, "PHE-19-PROA": {"PC": [7.531071781663103e-08, -0.00012300102835617434, 0.02490526704047095], "PE": 0, "PG": 0, "PI": 0, "PS": 0, "PA": 0, "CL": 0, "SM": 0, "CHOL": [1.2500251513578612e-07, -0.0001396710461425017, 0.03434119900666644]}, "ALA-20-PROA": {"PC": [6.828357503099652e-07, -0.0004877478462359514, 0.04478399389775818], "PE": 0, "PG": 0, "PI": 0, "PS": 0, "PA": 0, "CL": 0, "SM": 0, "CHOL": [-6.438377385367587e-06, 0.0009338376743500099, 0.04313598473278516]}, "VAL-23-PROA": {"PC": [1.2042947718969057e-06, -0.0005914903103556177, 0.05442774679085153], "PE": 0, "PG": 0, "PI": 0, "PS": 0, "PA": 0, "CL": 0, "SM": 0, "CHOL": [2.314343183095474e-06, -0.000768497166289483, 0.049148805116182484]}, "GLY-28-PROA": {"PC": [1.5173287833865995e-05, -0.003728968450910818, 0.12874286681746194], "PE": 0, "PG": 0, "PI": 0, "PS": 0, "PA": 0, "CL": 0, "SM": 0, "CHOL": [-1.3162547357400388e-07, 7.669466106086942e-05, 0.006788548185691416]}, "ALA-29-PROA": {"PC": 0, "PE": 0, "PG": 0, "PI": 0, "PS": 0, "PA": 0, "CL": 0, "SM": 0, "CHOL": [0.01584954347960371, -0.40903479225390954, 2.5487479357720098]}, "ILE-30-PROA": {"PC": [0.005313381436058632, -0.1611356991446125, 1.247646750916717], "PE": 0, "PG": 0, "PI": 0, "PS": 0, "PA": 0, "CL": 0, "SM": 0, "CHOL": [6.92682603664152e-07, -0.000421379012286735, 0.04451352932026202]}, "ILE-31-PROA": {"PC": [4.942576484662082e-07, -0.00039640641683666336, 0.040342571021911626], "PE": 0, "PG": 0, "PI": 0, "PS": 0, "PA": 0, "CL": 0, "SM": 0, "CHOL": [2.5060572174620564e-09, -6.5230381630715155e-06, 0.0038305412831963455]}, "GLY-32-PROA": {"PC": [2.3599647531222102e-08, -3.796664025364137e-05, 0.01420151963218426], "PE": 0, "PG": 0, "PI": 0, "PS": 0, "PA": 0, "CL": 0, "SM": 0, "CHOL": [1.7642114151502848e-07, -0.00018648386729026343, 0.02949874057187867]}, "LEU-33-PROA": {"PC": [-2.7779560371030996e-06, 0.00036256344711772104, 0.045410894132082096], "PE": 0, "PG": 0, "PI": 0, "PS": 0, "PA": 0, "CL": 0, "SM": 0, "CHOL": [3.5072673536783374e-09, -1.379222836443516e-05, 0.012442358858353517]}, "MET-34-PROA": {"PC": [2.852533507737163e-07, -0.00029329412194662504, 0.039237510356744006], "PE": 0, "PG": 0, "PI": 0, "PS": 0, "PA": 0, "CL": 0, "SM": 0, "CHOL": [4.619269134193091e-07, -0.00045245734119314554, 0.053737454552519215]}, "VAL-35-PROA": {"PC": [4.969112260168354e-09, -2.4592136253296725e-05, 0.011908013198070768], "PE": 0, "PG": 0, "PI": 0, "PS": 0, "PA": 0, "CL": 0, "SM": 0, "CHOL": [4.610607688659486e-09, -1.504761705592511e-05, 0.00920597943737314]}, "GLY-36-PROA": {"PC": [3.272895204057755e-08, -5.69684316610308e-05, 0.01942046676157308], "PE": 0, "PG": 0, "PI": 0, "PS": 0, "PA": 0, "CL": 0, "SM": 0, "CHOL": [3.6440993193383574e-09, -1.5905461000246828e-05, 0.01355870966951856]}, "GLY-37-PROA": {"PC": [1.3629828489400606e-06, -0.0006810997758529982, 0.05361913161326814], "PE": 0, "PG": 0, "PI": 0, "PS": 0, "PA": 0, "CL": 0, "SM": 0, "CHOL": [2.2297766247374626e-07, -0.00016632049348004716, 0.02151328245480334]}, "VAL-38-PROA": {"PC": [1.2115942686085372e-06, -0.000639619909547705, 0.051910405565809434], "PE": 0, "PG": 0, "PI": 0, "PS": 0, "PA": 0, "CL": 0, "SM": 0, "CHOL": [3.889809436041033e-09, -1.4263270900074698e-05, 0.00748034526572765]}, "VAL-39-PROA": {"PC": [5.79264463768181e-07, -0.00036888331161071263, 0.039284236237196804], "PE": 0, "PG": 0, "PI": 0, "PS": 0, "PA": 0, "CL": 0, "SM": 0, "CHOL": [1.813756329233235e-09, -1.0148105340911927e-05, 0.011296376009388272]}, "ILE-40-PROA": {"PC": [0.0010288713757039569, -0.07004796249548936, 0.951715014625751], "PE": 0, "PG": 0, "PI": 0, "PS": 0, "PA": 0, "CL": 0, "SM": 0, "CHOL": [2.893603825494111e-09, -7.769388540984305e-06, 0.006025848660984505]}, "TYR-51-PROB": {"PC": 0, "PE": 0, "PG": 0, "PI": 0, "PS": 0, "PA": 0, "CL": 0, "SM": 0, "CHOL": 0}, "VAL-53-PROB": {"PC": 0, "PE": 0, "PG": 0, "PI": 0, "PS": 0, "PA": 0, "CL": 0, "SM": 0, "CHOL": 0}, "HSD-55-PROB": {"PC": 0, "PE": 0, "PG": 0, "PI": 0, "PS": 0, "PA": 0, "CL": 0, "SM": 0, "CHOL": 0}, "GLN-56-PROB": {"PC": 0, "PE": 0, "PG": 0, "PI": 0, "PS": 0, "PA": 0, "CL": 0, "SM": 0, "CHOL": 0}, "ALA-71-PROB": {"PC": 0, "PE": 0, "PG": 0, "PI": 0, "PS": 0, "PA": 0, "CL": 0, "SM": 0, "CHOL": 0}, "ILE-72-PROB": {"PC": 0, "PE": 0, "PG": 0, "PI": 0, "PS": 0, "PA": 0, "CL": 0, "SM": 0, "CHOL": 0}, "ILE-73-PROB": {"PC": 0, "PE": 0, "PG": 0, "PI": 0, "PS": 0, "PA": 0, "CL": 0, "SM": 0, "CHOL": 0}, "GLY-74-PROB": {"PC": 0, "PE": 0, "PG": 0, "PI": 0, "PS": 0, "PA": 0, "CL": 0, "SM": 0, "CHOL": 0}, "LEU-75-PROB": {"PC": 0, "PE": 0, "PG": 0, "PI": 0, "PS": 0, "PA": 0, "CL": 0, "SM": 0, "CHOL": 0}, "MET-76-PROB": {"PC": 0, "PE": 0, "PG": 0, "PI": 0, "PS": 0, "PA": 0, "CL": 0, "SM": 0, "CHOL": 0}, "VAL-77-PROB": {"PC": 0,