{"ASP-0-PROA": {"PC": 0, "PE": 0, "PG": 0, "PI": 0, "PS": 0, "PA": 0, "CL": 0, "SM": 0, "CHOL": 0}, "PHE-3-PROA": {"PC": [1.244096017563534e-05, -0.004529795136230209, 0.14527658391398615], "PE": 0, "PG": 0, "PI": 0, "PS": 0, "PA": 0, "CL": 0, "SM": 0, "CHOL": [-1.857304377130844e-05, 0.003761040185962773, -0.012990408755129862]}, "ARG-4-PROA": {"PC": [2.17666936473948e-06, -0.000705787197689091, 0.04598307271687163], "PE": 0, "PG": 0, "PI": 0, "PS": 0, "PA": 0, "CL": 0, "SM": 0, "CHOL": [4.248865643866713e-06, -0.0003537824853374604, 0.05138321777977611]}, "SER-7-PROA": {"PC": [9.058283887119482e-06, -0.0019162970543756782, 0.09984623031080567], "PE": 0, "PG": 0, "PI": 0, "PS": 0, "PA": 0, "CL": 0, "SM": 0, "CHOL": 0}, "GLY-8-PROA": {"PC": [1.621850317497909e-06, -0.0009561938925639913, 0.08189385918618139], "PE": 0, "PG": 0, "PI": 0, "PS": 0, "PA": 0, "CL": 0, "SM": 0, "CHOL": 0}, "TYR-9-PROA": {"PC": [1.862881296158895e-07, -0.0002235025585183036, 0.04746427207656068], "PE": 0, "PG": 0, "PI": 0, "PS": 0, "PA": 0, "CL": 0, "SM": 0, "CHOL": [-0.005391770981482701, 0.11818921885358889, 0.3526960016583006]}, "GLU-10-PROA": {"PC": [1.680731241437515e-06, -0.0009602049399239545, 0.07527467186980794], "PE": 0, "PG": 0, "PI": 0, "PS": 0, "PA": 0, "CL": 0, "SM": 0, "CHOL": [-1.5459484355422885e-05, 0.0029392343015263635, 0.021253630477150693]}, "VAL-11-PROA": {"PC": [8.885891926600614e-08, -0.00015028081813784141, 0.026212769261167175], "PE": 0, "PG": 0, "PI": 0, "PS": 0, "PA": 0, "CL": 0, "SM": 0, "CHOL": [9.971956146628024e-06, -0.002818477069252423, 0.14023244839578677]}, "HSD-12-PROA": {"PC": [2.065512951235144e-06, -0.0008977464119525908, 0.06135786173210704], "PE": 0, "PG": 0, "PI": 0, "PS": 0, "PA": 0, "CL": 0, "SM": 0, "CHOL": [1.6824190649660225e-08, -4.737812665128854e-05, 0.015335761966365357]}, "HSD-13-PROA": {"PC": [3.188047047335635e-07, -0.0003121750258476836, 0.04241814708523132], "PE": 0, "PG": 0, "PI": 0, "PS": 0, "PA": 0, "CL": 0, "SM": 0, "CHOL": [4.644949098589514e-08, -7.655175866244577e-05, 0.017202802747441154]}, "GLN-14-PROA": {"PC": [1.0059213100636347e-07, -0.00016613089079832197, 0.027408095513156018], "PE": 0, "PG": 0, "PI": 0, "PS": 0, "PA": 0, "CL": 0, "SM": 0, "CHOL": [2.1553421624474737e-06, -0.000915838845005945, 0.06519100244771217]}, "LYS-15-PROA": {"PC": [7.360568253756687e-08, -0.00011010180276776171, 0.03140770257315553], "PE": 0, "PG": 0, "PI": 0, "PS": 0, "PA": 0, "CL": 0, "SM": 0, "CHOL": [2.9952845611457756e-08, -5.373899397094706e-05, 0.01684209792899408]}, "LEU-16-PROA": {"PC": [5.9373036823655265e-08, -0.00011519209971481639, 0.022019339483177143], "PE": 0, "PG": 0, "PI": 0, "PS": 0, "PA": 0, "CL": 0, "SM": 0, "CHOL": [7.250452462334803e-06, -0.0023939307411552308, 0.13821002383772762]}, "VAL-17-PROA": {"PC": [3.2541426208477863e-07, -0.00028077191107392, 0.034855682094994365], "PE": 0, "PG": 0, "PI": 0, "PS": 0, "PA": 0, "CL": 0, "SM": 0, "CHOL": [5.927150834856518e-07, -0.0004040677525319575, 0.03681000464685089]}, "PHE-18-PROA": {"PC": [2.237383456324105e-08, -5.498652185259614e-05, 0.01718036428414308], "PE": 0, "PG": 0, "PI": 0, "PS": 0, "PA": 0, "CL": 0, "SM": 0, "CHOL": [-1.6279819323940792e-08, 1.532970585314157e-05, 0.012673945227256334]}, "PHE-19-PROA": {"PC": [1.62809520648165e-08, -5.152004462234088e-05, 0.014409571780156855], "PE": 0, "PG": 0, "PI": 0, "PS": 0, "PA": 0, "CL": 0, "SM": 0, "CHOL": [2.3861004735447377e-06, -0.0009569406266859303, 0.07477857952220972]}, "ALA-20-PROA": {"PC": [1.9591380094145507e-08, -5.1341331927497276e-05, 0.020186436299386507], "PE": 0, "PG": 0, "PI": 0, "PS": 0, "PA": 0, "CL": 0, "SM": 0, "CHOL": [-5.926492003715905e-06, 0.0009482680880029629, 0.07944804481735802]}, "ASP-22-PROA": {"PC": [3.5757055245492497e-06, -0.0011091711581730113, 0.07255518187974772], "PE": 0, "PG": 0, "PI": 0, "PS": 0, "PA": 0, "CL": 0, "SM": 0, "CHOL": 0}, "VAL-23-PROA": {"PC": [7.691173033378754e-07, -0.0005158091166856001, 0.04519024024475266], "PE": 0, "PG": 0, "PI": 0, "PS": 0, "PA": 0, "CL": 0, "SM": 0, "CHOL": 0}, "GLY-28-PROA": {"PC": [2.7917479416665794e-05, -0.00568057186529671, 0.15983165590414689], "PE": 0, "PG": 0, "PI": 0, "PS": 0, "PA": 0, "CL": 0, "SM": 0, "CHOL": [-0.009628848714497295, 0.23613185446821738, -0.187099062936507]}, "ALA-29-PROA": {"PC": 0, "PE": 0, "PG": 0, "PI": 0, "PS": 0, "PA": 0, "CL": 0, "SM": 0, "CHOL": 0}, "ILE-30-PROA": {"PC": [0.0003810423409781146, -0.036593069424719245, 0.6448886580538804], "PE": 0, "PG": 0, "PI": 0, "PS": 0, "PA": 0, "CL": 0, "SM": 0, "CHOL": [7.01125177124545e-05, -0.009863599363052738, 0.27586930410628185]}, "ILE-31-PROA": {"PC": [2.6455339285418994e-08, -6.496723720770918e-05, 0.02028023779498453], "PE": 0, "PG": 0, "PI": 0, "PS": 0, "PA": 0, "CL": 0, "SM": 0, "CHOL": [2.7901032960833025e-08, -7.18188281857568e-05, 0.01940216348409964]}, "GLY-32-PROA": {"PC": [1.0736077835763765e-07, -0.00010970071130780227, 0.026660598361540284], "PE": 0, "PG": 0, "PI": 0, "PS": 0, "PA": 0, "CL": 0, "SM": 0, "CHOL": [4.346335690236125e-08, -0.00010091884453305789, 0.023784875222311354]}, "LEU-33-PROA": {"PC": [3.545895343195522e-06, -0.0011969340579193696, 0.0783577871785804], "PE": 0, "PG": 0, "PI": 0, "PS": 0, "PA": 0, "CL": 0, "SM": 0, "CHOL": [1.3169172483339706e-08, -3.561483578446843e-05, 0.018472705294618735]}, "MET-34-PROA": {"PC": [7.075377642667124e-08, -0.00011327278152848105, 0.01945910628626507], "PE": 0, "PG": 0, "PI": 0, "PS": 0, "PA": 0, "CL": 0, "SM": 0, "CHOL": [1.4614604747670596e-07, -0.0001476691112595575, 0.025486542834649854]}, "VAL-35-PROA": {"PC": [1.153939608353141e-08, -2.6387994566728192e-05, 0.01176120122900794], "PE": 0, "PG": 0, "PI": 0, "PS": 0, "PA": 0, "CL": 0, "SM": 0, "CHOL": [1.1145617242373167e-08, -2.5180580550292968e-05, 0.009510420096935595]}, "GLY-36-PROA": {"PC": [1.4470193356390896e-08, 2.235501004345007e-06, 0.01338642538827236], "PE": 0, "PG": 0, "PI": 0, "PS": 0, "PA": 0, "CL": 0, "SM": 0, "CHOL": [2.8474650893705054e-08, -5.988717755906475e-05, 0.018052779107846403]}, "GLY-37-PROA": {"PC": [5.647759570806597e-06, -0.001331202465473776, 0.0729554489144231], "PE": 0, "PG": 0, "PI": 0, "PS": 0, "PA": 0, "CL": 0, "SM": 0, "CHOL": [3.8381692174013145e-08, -6.915715981529852e-05, 0.023749450268691547]}, "VAL-38-PROA": {"PC": [4.038313584454695e-05, -0.006618534040316671, 0.15583184755891877], "PE": 0, "PG": 0, "PI": 0, "PS": 0, "PA": 0, "CL": 0, "SM": 0, "CHOL": [1.620118343237657e-08, -3.3476676085693393e-05, 0.012332491111867247]}, "VAL-39-PROA": {"PC": [0.49435390531299767, -6.797100055499626, 22.900272441961654], "PE": 0, "PG": 0, "PI": 0, "PS": 0, "PA": 0, "CL": 0, "SM": 0, "CHOL": [5.6575624092538756e-08, -8.32673396686812e-05, 0.026309831264284045]}, "ILE-40-PROA": {"PC": [2.144257609769272e-08, -4.055444610846782e-05, 0.016574506555062568], "PE": 0, "PG": 0, "PI": 0, "PS": 0, "PA": 0, "CL": 0, "SM": 0, "CHOL": [8.921039726051466e-09, -2.5070250518815957e-05, 0.009445983166143937]}, "ALA-41-PROA": {"PC": [4.596181922760378e-05, -0.007794078283424628, 0.24850987663703683], "PE": 0, "PG": 0, "PI": 0, "PS": 0, "PA": 0, "CL": 0, "SM": 0, "CHOL": [2.3564519053933763e-08, -5.604302846102258e-05, 0.02263466518348482]}, "VAL-53-PROB": {"PC": 0, "PE": 0, "PG": 0, "PI": 0, "PS": 0, "PA": 0, "CL": 0, "SM": 0, "CHOL": 0}, "HSD-55-PROB": {"PC": 0, "PE": 0, "PG": 0, "PI": 0, "PS": 0, "PA": 0, "CL": 0, "SM": 0, "CHOL": 0}, "GLN-56-PROB": {"PC": 0, "PE": 0, "PG": 0, "PI": 0, "PS": 0, "PA": 0, "CL": 0, "SM": 0, "CHOL": 0}, "ALA-71-PROB": {"PC": 0, "PE": 0, "PG": 0, "PI": 0, "PS": 0, "PA": 0, "CL": 0, "SM": 0, "CHOL": 0}, "ILE-72-PROB": {"PC": 0, "PE": 0, "PG": 0, "PI": 0, "PS": 0, "PA": 0, "CL": 0, "SM": 0, "CHOL": 0}, "ILE-73-PROB": {"PC": 0, "PE": 0, "PG": 0, "PI": 0, "PS": 0, "PA": 0, "CL": 0, "SM": 0, "CHOL": 0}, "GLY-74-PROB": {"PC": 0, "PE": 0, "PG": 0, "PI": 0, "PS": 0, "PA": 0, "CL": 0, "SM": 0, "CHOL": 0}, "LEU-75-PROB": {"PC": 0, "PE": 0, "PG": 0, "PI": 0, "PS": 0, "PA": 0, "CL": 0, "SM": 0, "CHOL": 0},