{"TYR-9-PROA": {"PC": [4.7548422583751276e-06, -0.002241957201828385, 0.12182581122914822], "PE": 0, "PG": 0, "PI": 0, "PS": 0, "PA": 0, "CL": 0, "SM": 0, "CHOL": 0}, "GLU-10-PROA": {"PC": [2.6445749661475117e-08, -6.450613247908381e-05, 0.020245907970221945], "PE": 0, "PG": 0, "PI": 0, "PS": 0, "PA": 0, "CL": 0, "SM": 0, "CHOL": [3.3339369696190597e-06, -0.001024267142668776, 0.06842744491403568]}, "VAL-11-PROA": {"PC": [0.0006310097111431536, -0.04041160726728386, 0.5056726210373048], "PE": 0, "PG": 0, "PI": 0, "PS": 0, "PA": 0, "CL": 0, "SM": 0, "CHOL": [-0.11733190415390485, 2.282699597333004, -7.032349914839823]}, "HSD-12-PROA": {"PC": [7.566145249270608e-09, -2.602059528870381e-05, 0.011240385593958646], "PE": 0, "PG": 0, "PI": 0, "PS": 0, "PA": 0, "CL": 0, "SM": 0, "CHOL": 0}, "HSD-13-PROA": {"PC": [2.0291540475775262e-05, -0.003592934236678217, 0.11830386500160174], "PE": 0, "PG": 0, "PI": 0, "PS": 0, "PA": 0, "CL": 0, "SM": 0, "CHOL": [4.3908191879769245e-09, -1.825087297843556e-05, 0.006720232681288731]}, "GLN-14-PROA": {"PC": [3.9269095783686986e-08, -7.788743945115374e-05, 0.021056413886254052], "PE": 0, "PG": 0, "PI": 0, "PS": 0, "PA": 0, "CL": 0, "SM": 0, "CHOL": [1.5607645455586742e-07, -0.0001408085730681465, 0.02126582499515337]}, "LYS-15-PROA": {"PC": [5.493185925561603e-07, -0.00044749730589217497, 0.06399637083166722], "PE": 0, "PG": 0, "PI": 0, "PS": 0, "PA": 0, "CL": 0, "SM": 0, "CHOL": [3.1983941710409013e-09, -1.6733857546138582e-05, 0.010197715569519821]}, "LEU-16-PROA": {"PC": [3.1823757913230206e-08, -7.201405106306803e-05, 0.023861887377738093], "PE": 0, "PG": 0, "PI": 0, "PS": 0, "PA": 0, "CL": 0, "SM": 0, "CHOL": [2.2059655497915256e-06, -0.0011115526772104585, 0.07934698090676597]}, "VAL-17-PROA": {"PC": [2.357910762605748e-08, -6.528201802200861e-05, 0.017601189754498512], "PE": 0, "PG": 0, "PI": 0, "PS": 0, "PA": 0, "CL": 0, "SM": 0, "CHOL": [1.9052650357008392e-08, -4.1295793050989126e-05, 0.013003357602482252]}, "PHE-18-PROA": {"PC": [2.5677692427971038e-08, -6.32128845604022e-05, 0.021461728043470255], "PE": 0, "PG": 0, "PI": 0, "PS": 0, "PA": 0, "CL": 0, "SM": 0, "CHOL": [7.939631553089082e-09, -2.9619683608749125e-05, 0.01567524478104997]}, "PHE-19-PROA": {"PC": [2.183966266721881e-07, -0.00022339830660142053, 0.03233649622001646], "PE": 0, "PG": 0, "PI": 0, "PS": 0, "PA": 0, "CL": 0, "SM": 0, "CHOL": [3.233087811787564e-07, -0.0002986387014946594, 0.04156333956247955]}, "ALA-20-PROA": {"PC": [1.9628974601090314e-07, -0.00023268462343677265, 0.04088759414036843], "PE": 0, "PG": 0, "PI": 0, "PS": 0, "PA": 0, "CL": 0, "SM": 0, "CHOL": [1.528515371938096e-09, -7.456851057986216e-06, 0.007924364368674948]}, "GLU-21-PROA": {"PC": [1.0121486018372175e-05, -0.003452002778608111, 0.13721197174937533], "PE": 0, "PG": 0, "PI": 0, "PS": 0, "PA": 0, "CL": 0, "SM": 0, "CHOL": [-6.9802121023730974e-06, 0.002020534654545434, 0.03884078041138712]}, "ASP-22-PROA": {"PC": [7.981829075566997e-07, -0.0006094627198204168, 0.08393668582088876], "PE": 0, "PG": 0, "PI": 0, "PS": 0, "PA": 0, "CL": 0, "SM": 0, "CHOL": [6.215040532190373e-07, -0.00045282462601055465, 0.04795181460799982]}, "VAL-23-PROA": {"PC": [1.261181342692561e-06, -0.0007138137090971918, 0.05900950153990919], "PE": 0, "PG": 0, "PI": 0, "PS": 0, "PA": 0, "CL": 0, "SM": 0, "CHOL": [0.0015919817150117526, -0.0750620101982173, 0.8993795693986132]}, "GLY-24-PROA": {"PC": [3.0034493850717446e-08, -6.681070039644462e-05, 0.017193989048802105], "PE": 0, "PG": 0, "PI": 0, "PS": 0, "PA": 0, "CL": 0, "SM": 0, "CHOL": [0.08927900087285257, -1.867049241484664, 9.889667991756884]}, "SER-25-PROA": {"PC": [6.683648500439685e-07, -0.00046278938527728205, 0.03863106119454487], "PE": 0, "PG": 0, "PI": 0, "PS": 0, "PA": 0, "CL": 0, "SM": 0, "CHOL": 0}, "LYS-27-PROA": {"PC": [0.0004447375196415696, -0.025811329042589072, 0.3660269359424491], "PE": 0, "PG": 0, "PI": 0, "PS": 0, "PA": 0, "CL": 0, "SM": 0, "CHOL": 0}, "GLY-28-PROA": {"PC": [2.540187020957571e-06, -0.0009237668251692374, 0.05432136322051917], "PE": 0, "PG": 0, "PI": 0, "PS": 0, "PA": 0, "CL": 0, "SM": 0, "CHOL": 0}, "ALA-29-PROA": {"PC": [3.553378229892181e-07, -0.0003287256127171421, 0.046105626447312836], "PE": 0, "PG": 0, "PI": 0, "PS": 0, "PA": 0, "CL": 0, "SM": 0, "CHOL": 0}, "ILE-30-PROA": {"PC": [2.6307937662930184e-05, -0.0048741997583707656, 0.15580265433060078], "PE": 0, "PG": 0, "PI": 0, "PS": 0, "PA": 0, "CL": 0, "SM": 0, "CHOL": 0}, "ILE-31-PROA": {"PC": [1.1758830359447181e-08, -4.567991566946544e-05, 0.011813518109696806], "PE": 0, "PG": 0, "PI": 0, "PS": 0, "PA": 0, "CL": 0, "SM": 0, "CHOL": [3.37941477342817e-08, -7.013638574965147e-05, 0.01890180808778711]}, "GLY-32-PROA": {"PC": [4.599564760798127e-08, -5.827201820275495e-05, 0.012112088282263973], "PE": 0, "PG": 0, "PI": 0, "PS": 0, "PA": 0, "CL": 0, "SM": 0, "CHOL": [-0.003404973133028855, 0.14202460971315473, -0.6547377882886767]}, "LEU-33-PROA": {"PC": [1.3358340553846158e-08, -3.966539808512566e-05, 0.012405805690316598], "PE": 0, "PG": 0, "PI": 0, "PS": 0, "PA": 0, "CL": 0, "SM": 0, "CHOL": [2.8409015633525546e-06, -0.0006269469021354757, 0.016372061673035145]}, "MET-34-PROA": {"PC": [5.80358127389796e-08, -8.717392036163616e-05, 0.020806225018553635], "PE": 0, "PG": 0, "PI": 0, "PS": 0, "PA": 0, "CL": 0, "SM": 0, "CHOL": [1.0314266265821777e-08, -2.714030551699836e-05, 0.012596620521604379]}, "VAL-35-PROA": {"PC": [4.279463190579412e-09, -2.1773488964142077e-05, 0.009773668149912476], "PE": 0, "PG": 0, "PI": 0, "PS": 0, "PA": 0, "CL": 0, "SM": 0, "CHOL": [0.0014977542649950114, -0.07792265397024552, 0.9083152774686376]}, "GLY-36-PROA": {"PC": [3.637456749099139e-08, -0.00010397513639129456, 0.019078518402407534], "PE": 0, "PG": 0, "PI": 0, "PS": 0, "PA": 0, "CL": 0, "SM": 0, "CHOL": [-1.2322586678736486e-07, 0.001247533298940943, -3.128107184206687]}, "GLY-37-PROA": {"PC": [5.916059233754779e-07, -0.00045165767654575014, 0.05647076038668174], "PE": 0, "PG": 0, "PI": 0, "PS": 0, "PA": 0, "CL": 0, "SM": 0, "CHOL": [5.4649692037760945e-08, -6.171298435009369e-05, 0.013809000080471756]}, "VAL-38-PROA": {"PC": [2.6326375491021286e-06, -0.0009110755455504342, 0.05896840363904852], "PE": 0, "PG": 0, "PI": 0, "PS": 0, "PA": 0, "CL": 0, "SM": 0, "CHOL": [4.1227211093537123e-07, -0.0003232442991508278, 0.04229952102953596]}, "VAL-39-PROA": {"PC": [5.057834937701725e-08, -7.807355381184364e-05, 0.01727871083461029], "PE": 0, "PG": 0, "PI": 0, "PS": 0, "PA": 0, "CL": 0, "SM": 0, "CHOL": [-0.004427619238413635, 0.2555214689111884, -0.679311769856885]}, "ILE-40-PROA": {"PC": [-3.522193908951562e-05, 0.005035523855945447, 0.006540364914920042], "PE": 0, "PG": 0, "PI": 0, "PS": 0, "PA": 0, "CL": 0, "SM": 0, "CHOL": [7.592677586805763e-07, -0.0004557043380965049, 0.043827431792974686]}, "GLY-70-PROB": {"PC": 0, "PE": 0, "PG": 0, "PI": 0, "PS": 0, "PA": 0, "CL": 0, "SM": 0, "CHOL": 0}, "ALA-71-PROB": {"PC": 0, "PE": 0, "PG": 0, "PI": 0, "PS": 0, "PA": 0, "CL": 0, "SM": 0, "CHOL": 0}, "ILE-72-PROB": {"PC": 0, "PE": 0, "PG": 0, "PI": 0, "PS": 0, "PA": 0, "CL": 0, "SM": 0, "CHOL": 0}, "ILE-73-PROB": {"PC": 0, "PE": 0, "PG": 0, "PI": 0, "PS": 0, "PA": 0, "CL": 0, "SM": 0, "CHOL": 0}, "GLY-74-PROB": {"PC": 0, "PE": 0, "PG": 0, "PI": 0, "PS": 0, "PA": 0, "CL": 0, "SM": 0, "CHOL": 0}, "LEU-75-PROB": {"PC": 0, "PE": 0, "PG": 0, "PI": 0, "PS": 0, "PA": 0, "CL": 0, "SM": 0, "CHOL": 0}, "MET-76-PROB": {"PC": 0, "PE": 0, "PG": 0, "PI": 0, "PS": 0, "PA": 0, "CL": 0, "SM": 0, "CHOL": 0}, "VAL-77-PROB": {"PC": 0, "PE": 0, "PG": 0, "PI": 0, "PS": 0, "PA": 0, "CL": 0, "SM": 0, "CHOL": 0}, "GLY-78-PROB": {"PC": 0, "PE": 0, "PG": 0, "PI": 0, "PS": 0, "PA": 0, "CL": 0, "SM": 0, "CHOL": 0}, "GLY-79-PROB": {"PC": 0, "PE": 0, "PG": 0, "PI": 0, "PS": 0, "PA": 0, "CL": 0, "SM": 0, "CHOL": 0}, "VAL-80-PROB": {"PC": 0, "PE": 0, "PG": 0, "PI": 0, "PS": 0, "PA": 0, "CL": 0, "SM": 0, "CHOL": 0}, "VAL-81-PROB": {"PC": 0, "PE": 0, "PG": 0, "PI": 0, "PS": 0, "PA": 0, "CL": 0, "SM": 0, "CHOL": 0},