{"TYR-9-PROA": {"PC": [2.7423218444051343e-07, -0.00026829210935556367, 0.04112480385153975], "PE": 0, "PG": 0, "PI": 0, "PS": 0, "PA": 0, "CL": 0, "SM": 0, "CHOL": 0}, "GLU-10-PROA": {"PC": [6.594710976977973e-08, -0.00010585077893958616, 0.02649198483430911], "PE": 0, "PG": 0, "PI": 0, "PS": 0, "PA": 0, "CL": 0, "SM": 0, "CHOL": [0.032332669228030075, -0.659845790582543, 4.968877794064009]}, "VAL-11-PROA": {"PC": [4.823405694095698e-07, -0.00043268979652123346, 0.05223462204680048], "PE": 0, "PG": 0, "PI": 0, "PS": 0, "PA": 0, "CL": 0, "SM": 0, "CHOL": [8.563742386903867e-05, -0.008450169494896674, 0.26235427781595094]}, "HSD-12-PROA": {"PC": [2.1302960284699763e-09, -1.2477959463348024e-05, 0.007918838504980494], "PE": 0, "PG": 0, "PI": 0, "PS": 0, "PA": 0, "CL": 0, "SM": 0, "CHOL": [2.925677117013478e-06, -0.0010811606310951218, 0.10154471832273826]}, "HSD-13-PROA": {"PC": [2.746912004784408e-08, -6.676210025033783e-05, 0.020296131610866134], "PE": 0, "PG": 0, "PI": 0, "PS": 0, "PA": 0, "CL": 0, "SM": 0, "CHOL": 0}, "GLN-14-PROA": {"PC": [2.7567523274352373e-07, -0.00023871164441748857, 0.030366218457461694], "PE": 0, "PG": 0, "PI": 0, "PS": 0, "PA": 0, "CL": 0, "SM": 0, "CHOL": [5.064709183215793e-06, -0.0020179590137104648, 0.16491951646133254]}, "LYS-15-PROA": {"PC": [5.96852607903705e-08, -0.00010423734257658294, 0.020303927965726876], "PE": 0, "PG": 0, "PI": 0, "PS": 0, "PA": 0, "CL": 0, "SM": 0, "CHOL": [0.014344751397127367, -0.32601087670762763, 2.0363974836868795]}, "LEU-16-PROA": {"PC": [1.6250106495309005e-08, -3.305281778574761e-05, 0.01374599280176749], "PE": 0, "PG": 0, "PI": 0, "PS": 0, "PA": 0, "CL": 0, "SM": 0, "CHOL": [3.489699419785903e-05, -0.007507552002457688, 0.26692617517316736]}, "VAL-17-PROA": {"PC": [3.208539488533647e-07, -0.00026928945161034973, 0.038770849556907884], "PE": 0, "PG": 0, "PI": 0, "PS": 0, "PA": 0, "CL": 0, "SM": 0, "CHOL": [1.0565885642533214e-08, -2.988013707968113e-05, 0.011845797334996586]}, "PHE-18-PROA": {"PC": [1.7509194151181617e-08, -4.812376923583431e-05, 0.01629790197528977], "PE": 0, "PG": 0, "PI": 0, "PS": 0, "PA": 0, "CL": 0, "SM": 0, "CHOL": [4.922865265981027e-07, -0.00040355514895461415, 0.0438102362054252]}, "PHE-19-PROA": {"PC": [2.7346621951690857e-08, -6.874842830195896e-05, 0.015314484439247694], "PE": 0, "PG": 0, "PI": 0, "PS": 0, "PA": 0, "CL": 0, "SM": 0, "CHOL": [1.8259048827410734e-09, -7.629158643032795e-06, 0.0071706640125350244]}, "ALA-20-PROA": {"PC": [-7.945086598209892e-09, -3.270388018476093e-06, 0.01228998202040278], "PE": 0, "PG": 0, "PI": 0, "PS": 0, "PA": 0, "CL": 0, "SM": 0, "CHOL": [6.218808358686017e-08, -0.00011903378753834447, 0.02422669436982595]}, "GLU-21-PROA": {"PC": [2.1608855627495806e-05, -0.0037389930302644645, 0.1181789943269802], "PE": 0, "PG": 0, "PI": 0, "PS": 0, "PA": 0, "CL": 0, "SM": 0, "CHOL": [3.85510372006058e-07, -0.0003652342804861818, 0.03541515885401216]}, "ASP-22-PROA": {"PC": [1.0389598362881885e-05, -0.0032239471003179887, 0.12312095288078594], "PE": 0, "PG": 0, "PI": 0, "PS": 0, "PA": 0, "CL": 0, "SM": 0, "CHOL": [6.453490074632638e-07, -0.0005076054306394554, 0.05569836102710844]}, "VAL-23-PROA": {"PC": [6.900687461889221e-07, -0.000431185061055775, 0.04621315278289829], "PE": 0, "PG": 0, "PI": 0, "PS": 0, "PA": 0, "CL": 0, "SM": 0, "CHOL": [3.5741794224794826e-06, -0.0015358588974337005, 0.12356947736352457]}, "GLY-24-PROA": {"PC": [3.428644007594332e-07, -0.00023267314162636501, 0.027623476984832255], "PE": 0, "PG": 0, "PI": 0, "PS": 0, "PA": 0, "CL": 0, "SM": 0, "CHOL": [6.374000503923319e-07, -0.00044861774025056246, 0.05281598067068816]}, "ASN-26-PROA": {"PC": [7.184126152629004e-06, -0.001950968535673495, 0.08892774449803313], "PE": 0, "PG": 0, "PI": 0, "PS": 0, "PA": 0, "CL": 0, "SM": 0, "CHOL": 0}, "LYS-27-PROA": {"PC": [2.0287719094811312e-05, -0.004574944874633685, 0.12325804119394132], "PE": 0, "PG": 0, "PI": 0, "PS": 0, "PA": 0, "CL": 0, "SM": 0, "CHOL": 0}, "GLY-28-PROA": {"PC": [7.782811417897565e-07, -0.0003566421335309326, 0.059162383695835964], "PE": 0, "PG": 0, "PI": 0, "PS": 0, "PA": 0, "CL": 0, "SM": 0, "CHOL": 0}, "ALA-29-PROA": {"PC": [1.7018119600578995e-06, -0.0007512707663212785, 0.05077977412944258], "PE": 0, "PG": 0, "PI": 0, "PS": 0, "PA": 0, "CL": 0, "SM": 0, "CHOL": 0}, "ILE-30-PROA": {"PC": [9.697305984880322e-06, -0.0029230890164619132, 0.12549737919364518], "PE": 0, "PG": 0, "PI": 0, "PS": 0, "PA": 0, "CL": 0, "SM": 0, "CHOL": [6.233841292776667e-05, -0.005238119683600494, 0.13930016369504222]}, "ILE-31-PROA": {"PC": [6.312863371815657e-09, -3.5143230904562945e-05, 0.00965725012798343], "PE": 0, "PG": 0, "PI": 0, "PS": 0, "PA": 0, "CL": 0, "SM": 0, "CHOL": [2.6130236039267503e-08, -6.441987870025363e-05, 0.019667349313678365]}, "GLY-32-PROA": {"PC": [7.815592979726245e-08, -0.00011447806975257093, 0.02361477660465469], "PE": 0, "PG": 0, "PI": 0, "PS": 0, "PA": 0, "CL": 0, "SM": 0, "CHOL": [1.3052187722979513e-08, -4.3322950214478055e-05, 0.015190906847799513]}, "LEU-33-PROA": {"PC": [2.186115641264381e-08, -5.6239627488752197e-05, 0.01876660517919438], "PE": 0, "PG": 0, "PI": 0, "PS": 0, "PA": 0, "CL": 0, "SM": 0, "CHOL": [2.051412281939624e-06, -0.0011001952894441798, 0.07793313779373744]}, "MET-34-PROA": {"PC": [1.1819156741057114e-07, -0.0001456728559791868, 0.02614370028609442], "PE": 0, "PG": 0, "PI": 0, "PS": 0, "PA": 0, "CL": 0, "SM": 0, "CHOL": [8.472895429984488e-08, -0.00013397348492918428, 0.03354867416916568]}, "VAL-35-PROA": {"PC": [2.1633326596445023e-08, -4.4428913916916404e-05, 0.015754730178377495], "PE": 0, "PG": 0, "PI": 0, "PS": 0, "PA": 0, "CL": 0, "SM": 0, "CHOL": [1.1511359020307888e-05, -0.003567105188948998, 0.15732386820934086]}, "GLY-36-PROA": {"PC": [2.837955235297558e-09, -1.8280399288271227e-05, 0.008016171808931228], "PE": 0, "PG": 0, "PI": 0, "PS": 0, "PA": 0, "CL": 0, "SM": 0, "CHOL": 0}, "GLY-37-PROA": {"PC": [2.0582663509357845e-08, -4.677067324434527e-05, 0.018434048478030818], "PE": 0, "PG": 0, "PI": 0, "PS": 0, "PA": 0, "CL": 0, "SM": 0, "CHOL": 0}, "VAL-38-PROA": {"PC": [2.785832748588269e-09, -7.765218374359358e-06, 0.0040871113027261844], "PE": 0, "PG": 0, "PI": 0, "PS": 0, "PA": 0, "CL": 0, "SM": 0, "CHOL": 0}, "VAL-39-PROA": {"PC": [7.231800244554825e-09, -2.6238189425097683e-05, 0.01464181877385577], "PE": 0, "PG": 0, "PI": 0, "PS": 0, "PA": 0, "CL": 0, "SM": 0, "CHOL": 0}, "ILE-72-PROB": {"PC": 0, "PE": 0, "PG": 0, "PI": 0, "PS": 0, "PA": 0, "CL": 0, "SM": 0, "CHOL": 0}, "ILE-73-PROB": {"PC": 0, "PE": 0, "PG": 0, "PI": 0, "PS": 0, "PA": 0, "CL": 0, "SM": 0, "CHOL": 0}, "GLY-74-PROB": {"PC": 0, "PE": 0, "PG": 0, "PI": 0, "PS": 0, "PA": 0, "CL": 0, "SM": 0, "CHOL": 0}, "LEU-75-PROB": {"PC": 0, "PE": 0, "PG": 0, "PI": 0, "PS": 0, "PA": 0, "CL": 0, "SM": 0, "CHOL": 0}, "MET-76-PROB": {"PC": 0, "PE": 0, "PG": 0, "PI": 0, "PS": 0, "PA": 0, "CL": 0, "SM": 0, "CHOL": 0}, "VAL-77-PROB": {"PC": 0, "PE": 0, "PG": 0, "PI": 0, "PS": 0, "PA": 0, "CL": 0, "SM": 0, "CHOL": 0}, "GLY-78-PROB": {"PC": 0, "PE": 0, "PG": 0, "PI": 0, "PS": 0, "PA": 0, "CL": 0, "SM": 0, "CHOL": 0}, "GLY-79-PROB": {"PC": 0, "PE": 0, "PG": 0, "PI": 0, "PS": 0, "PA": 0, "CL": 0, "SM": 0, "CHOL": 0}, "VAL-80-PROB": {"PC": 0, "PE": 0, "PG": 0, "PI": 0, "PS": 0, "PA": 0, "CL": 0, "SM": 0, "CHOL": 0}, "VAL-81-PROB": {"PC": 0, "PE": 0, "PG": 0, "PI": 0, "PS": 0, "PA": 0, "CL": 0, "SM": 0, "CHOL": 0}, "ILE-82-PROB": {"PC": 0, "PE": 0, "PG": 0, "PI": 0, "PS": 0, "PA": 0, "CL": 0, "SM": 0, "CHOL": 0}, "ALA-83-PROB": {"PC": 0, "PE": 0, "PG": 0, "PI": 0, "PS": 0, "PA": 0, "CL": 0, "SM": 0, "CHOL": 0}, "ASP-84-PROC": {"PC": 0, "PE": 0, "PG": 0, "PI": 0, "PS": 0, "PA": 0, "CL": 0, "SM": 0, "CHOL": 0}, "ALA-85-PROC": {"PC": 0, "PE": 0, "PG": 0, "PI": 0, "PS": 0, "PA": 0, "CL": 0, "SM": 0, "CHOL": 0}, "GLU-86-PROC": {"PC": 0, "PE": 0, "PG": 0, "PI": 0, "PS": 0, "PA": 0, "CL": 0, "SM": 0, "CHOL": 0}, "PHE-87-PROC": {"PC": 0, "PE": 0, "PG": 0, "PI": 0, "PS": 0, "PA": 0, "CL": 0, "SM": 0, "CHOL": 0},