{"PHE-3-PROA": {"PC": [3.1064716673688838e-06, -0.0012000991971207909, 0.0681202623847391], "PE": 0, "PG": 0, "PI": 0, "PS": 0, "PA": 0, "CL": 0, "SM": 0, "CHOL": [4.930107510843707e-07, -0.0003430374318075362, 0.0379926496370212]}, "ARG-4-PROA": {"PC": [4.894105549919442e-08, -7.81631666906434e-05, 0.02053060030087874], "PE": 0, "PG": 0, "PI": 0, "PS": 0, "PA": 0, "CL": 0, "SM": 0, "CHOL": [7.478016296665358e-08, -0.00010476599985736217, 0.02275516967597929]}, "HSD-5-PROA": {"PC": [1.1316417334870132e-08, -2.8016222320164293e-05, 0.015178068388529085], "PE": 0, "PG": 0, "PI": 0, "PS": 0, "PA": 0, "CL": 0, "SM": 0, "CHOL": [5.176980643728749e-07, -0.0002875463482677834, 0.04184618560498969]}, "ASP-6-PROA": {"PC": [3.1495375136819383e-06, -0.0012779705538300374, 0.06805271142812801], "PE": 0, "PG": 0, "PI": 0, "PS": 0, "PA": 0, "CL": 0, "SM": 0, "CHOL": [4.887762722575297e-07, -0.00038650719241325066, 0.05310224942617571]}, "SER-7-PROA": {"PC": [7.050094556970176e-07, -0.0005706148717767328, 0.042272769693025146], "PE": 0, "PG": 0, "PI": 0, "PS": 0, "PA": 0, "CL": 0, "SM": 0, "CHOL": [5.2625110771326836e-05, -0.008454549502682521, 0.23657802165362457]}, "GLY-8-PROA": {"PC": [1.0788390599056964e-06, -0.0005887029761166445, 0.044369016621209525], "PE": 0, "PG": 0, "PI": 0, "PS": 0, "PA": 0, "CL": 0, "SM": 0, "CHOL": [1.3567133587727764e-05, -0.0015609994704609055, 0.08106144758128526]}, "TYR-9-PROA": {"PC": [5.057548436016757e-08, -9.420333392738362e-05, 0.026157318735789976], "PE": 0, "PG": 0, "PI": 0, "PS": 0, "PA": 0, "CL": 0, "SM": 0, "CHOL": [-2.466852757555106e-06, -0.057609786474641766, 1.6377578191827524]}, "GLU-10-PROA": {"PC": [3.763595358643564e-09, -1.6322341735644483e-05, 0.011722604390955287], "PE": 0, "PG": 0, "PI": 0, "PS": 0, "PA": 0, "CL": 0, "SM": 0, "CHOL": [1.9268638349425398e-05, -0.003714631733247769, 0.14874611129711166]}, "VAL-11-PROA": {"PC": [2.806832575153148e-06, -0.0015440155930755994, 0.10070294162795815], "PE": 0, "PG": 0, "PI": 0, "PS": 0, "PA": 0, "CL": 0, "SM": 0, "CHOL": 0}, "HSD-12-PROA": {"PC": [3.894510440663283e-08, -5.538349554243474e-05, 0.014238482825696808], "PE": 0, "PG": 0, "PI": 0, "PS": 0, "PA": 0, "CL": 0, "SM": 0, "CHOL": 0}, "HSD-13-PROA": {"PC": [1.58816128306945e-05, -0.0028531820375095524, 0.09322088101132706], "PE": 0, "PG": 0, "PI": 0, "PS": 0, "PA": 0, "CL": 0, "SM": 0, "CHOL": [4.582879848532973e-07, -0.00039744023628154315, 0.04153189499865911]}, "GLN-14-PROA": {"PC": [9.132223415763818e-09, -2.346716709515263e-05, 0.011124216409319656], "PE": 0, "PG": 0, "PI": 0, "PS": 0, "PA": 0, "CL": 0, "SM": 0, "CHOL": [3.739201780319582e-05, -0.008837171356157207, 0.34180847127295405]}, "LYS-15-PROA": {"PC": [5.3609679194195725e-09, -2.73549432620213e-05, 0.008975399662806962], "PE": 0, "PG": 0, "PI": 0, "PS": 0, "PA": 0, "CL": 0, "SM": 0, "CHOL": [2.6930997609968417e-07, -0.0002920085584572005, 0.046309751508071824]}, "LEU-16-PROA": {"PC": [5.292939255701151e-09, -2.3322545044728122e-05, 0.01188410839312889], "PE": 0, "PG": 0, "PI": 0, "PS": 0, "PA": 0, "CL": 0, "SM": 0, "CHOL": [2.596922996846342e-06, -0.0019302418374189916, 0.08811974304986224]}, "VAL-17-PROA": {"PC": [4.472257733968663e-09, -2.3828051052396464e-05, 0.010482836973351], "PE": 0, "PG": 0, "PI": 0, "PS": 0, "PA": 0, "CL": 0, "SM": 0, "CHOL": [1.0641888480631567e-08, -3.0295156269289098e-05, 0.013715216432175416]}, "PHE-18-PROA": {"PC": [4.548249372901816e-09, -1.8598907671054675e-05, 0.011654297533342892], "PE": 0, "PG": 0, "PI": 0, "PS": 0, "PA": 0, "CL": 0, "SM": 0, "CHOL": [4.4908192850952293e-07, -0.0003685672010437634, 0.039459575936137546]}, "PHE-19-PROA": {"PC": [2.9801775013403524e-07, -0.00024396022618049349, 0.03167963656896574], "PE": 0, "PG": 0, "PI": 0, "PS": 0, "PA": 0, "CL": 0, "SM": 0, "CHOL": [5.426247306431503e-08, -8.3481884481796e-05, 0.02109800949021398]}, "ALA-20-PROA": {"PC": [3.391868825122806e-08, -7.123662190524103e-05, 0.019332304083938583], "PE": 0, "PG": 0, "PI": 0, "PS": 0, "PA": 0, "CL": 0, "SM": 0, "CHOL": [1.9285526603258026e-06, -0.0010527137574231366, 0.09543341153323576]}, "GLU-21-PROA": {"PC": [8.425526335684458e-06, -0.0023706771654799946, 0.09696901817660783], "PE": 0, "PG": 0, "PI": 0, "PS": 0, "PA": 0, "CL": 0, "SM": 0, "CHOL": [-1.3063971877315074e-06, 0.0002933377324795558, 0.02279442029963818]}, "ASP-22-PROA": {"PC": [2.5794708735501235e-06, -0.0014587164421321457, 0.07502163891701173], "PE": 0, "PG": 0, "PI": 0, "PS": 0, "PA": 0, "CL": 0, "SM": 0, "CHOL": [2.4904763232603694e-06, -0.0011784543471145873, 0.08609355781919956]}, "VAL-23-PROA": {"PC": [1.6036586093933893e-06, -0.000725954801241375, 0.05025706445864345], "PE": 0, "PG": 0, "PI": 0, "PS": 0, "PA": 0, "CL": 0, "SM": 0, "CHOL": [3.0248618212252412e-05, -0.0064772196908415075, 0.20452423804451442]}, "GLY-24-PROA": {"PC": [7.248789307103891e-08, -0.0001279116665832628, 0.027466231410131048], "PE": 0, "PG": 0, "PI": 0, "PS": 0, "PA": 0, "CL": 0, "SM": 0, "CHOL": [4.238238268649412e-05, -0.008627705377466594, 0.28639766777565734]}, "LYS-27-PROA": {"PC": [2.8686218553393076e-06, -0.0013817311818887811, 0.10699720700295677], "PE": 0, "PG": 0, "PI": 0, "PS": 0, "PA": 0, "CL": 0, "SM": 0, "CHOL": 0}, "GLY-28-PROA": {"PC": [2.1526526409074883e-07, -0.0002461929536101275, 0.04971142376536046], "PE": 0, "PG": 0, "PI": 0, "PS": 0, "PA": 0, "CL": 0, "SM": 0, "CHOL": [5.672492618716127e-05, -0.008642750395817442, 0.3291379895847851]}, "ALA-29-PROA": {"PC": [5.347894129901679e-06, -0.0023717465046576157, 0.11910205669459467], "PE": 0, "PG": 0, "PI": 0, "PS": 0, "PA": 0, "CL": 0, "SM": 0, "CHOL": [1.8094702746568897e-06, -0.00048582659164488745, 0.01878524822592693]}, "ILE-30-PROA": {"PC": [-0.14506756641797622, 2.0408627968543236, -4.590728634915682], "PE": 0, "PG": 0, "PI": 0, "PS": 0, "PA": 0, "CL": 0, "SM": 0, "CHOL": [2.640343379336362e-06, -0.001072902317388133, 0.10175945263513174]}, "ILE-31-PROA": {"PC": [4.2425568962614676e-07, -0.0003530939017059872, 0.043577338576586834], "PE": 0, "PG": 0, "PI": 0, "PS": 0, "PA": 0, "CL": 0, "SM": 0, "CHOL": [-2.1900192096424266e-07, 0.00010591703407430449, 0.013749825731755578]}, "GLY-32-PROA": {"PC": [8.979161155348749e-08, -0.00014629713252213813, 0.02919217023407349], "PE": 0, "PG": 0, "PI": 0, "PS": 0, "PA": 0, "CL": 0, "SM": 0, "CHOL": [4.234771889676074e-10, -2.576239956131967e-06, 0.0033465040485163716]}, "LEU-33-PROA": {"PC": [4.8072733683360805e-08, -9.252032416041605e-05, 0.019478405448705594], "PE": 0, "PG": 0, "PI": 0, "PS": 0, "PA": 0, "CL": 0, "SM": 0, "CHOL": [3.7798349526909525e-07, -0.00023337849929579515, 0.025498469119644106]}, "MET-34-PROA": {"PC": [8.056571632507037e-08, -0.00013223188957426965, 0.028356580287290645], "PE": 0, "PG": 0, "PI": 0, "PS": 0, "PA": 0, "CL": 0, "SM": 0, "CHOL": [7.0448934943341e-09, -2.9851919621737904e-05, 0.01152762691107049]}, "VAL-35-PROA": {"PC": [1.9233722617182195e-08, -3.808842780506299e-05, 0.01367269796098167], "PE": 0, "PG": 0, "PI": 0, "PS": 0, "PA": 0, "CL": 0, "SM": 0, "CHOL": [1.1377063957280655e-05, -0.0039195569388799645, 0.1872401339095512]}, "GLY-36-PROA": {"PC": [1.7438555038686752e-07, -0.00017152221249595482, 0.032128361361865754], "PE": 0, "PG": 0, "PI": 0, "PS": 0, "PA": 0, "CL": 0, "SM": 0, "CHOL": [2.162641232411612e-09, -1.2070075437793148e-05, 0.00852535295221337]}, "GLY-37-PROA": {"PC": [7.9370246594795e-08, -8.773946356203414e-05, 0.02377475717155297], "PE": 0, "PG": 0, "PI": 0, "PS": 0, "PA": 0, "CL": 0, "SM": 0, "CHOL": [1.0331160278463985e-08, -2.6523210967343875e-05, 0.012543328705028561]}, "VAL-38-PROA": {"PC": [2.437524690432085e-06, -0.0007928414328877777, 0.04305964154767337], "PE": 0, "PG": 0, "PI": 0, "PS": 0, "PA": 0, "CL": 0, "SM": 0, "CHOL": [7.388069894270506e-08, -9.131511873160678e-05, 0.017090356843224956]}, "VAL-39-PROA": {"PC": [1.7846887049306732e-08, -4.764068267144585e-05, 0.01846976454115768], "PE": 0, "PG": 0, "PI": 0, "PS": 0, "PA": 0, "CL": 0, "SM": 0,