{"PHE-3-PROA": {"PC": [9.221335895017749e-07, -0.0007179294496502812, 0.051660162255115], "PE": 0, "PG": 0, "PI": 0, "PS": 0, "PA": 0, "CL": 0, "SM": 0, "CHOL": [1.3719645640223436e-06, -0.000424138594518306, 0.035674435220180524]}, "ARG-4-PROA": {"PC": [5.4470125929941254e-08, -0.00010140930673413128, 0.0234681037978661], "PE": 0, "PG": 0, "PI": 0, "PS": 0, "PA": 0, "CL": 0, "SM": 0, "CHOL": [3.514995037439372e-08, -6.437308608129058e-05, 0.02140037638022338]}, "SER-7-PROA": {"PC": [4.526495487399036e-07, -0.00041462172438473546, 0.04134584160160377], "PE": 0, "PG": 0, "PI": 0, "PS": 0, "PA": 0, "CL": 0, "SM": 0, "CHOL": [6.7138162783121e-07, -0.00038536236281859265, 0.04749068483502552]}, "GLY-8-PROA": {"PC": [1.4144665112325466e-07, -0.00015646156498552643, 0.024994251156605737], "PE": 0, "PG": 0, "PI": 0, "PS": 0, "PA": 0, "CL": 0, "SM": 0, "CHOL": [1.0037559742116932e-06, -0.0006725155819031794, 0.06685678925463817]}, "TYR-9-PROA": {"PC": [4.6764985093061115e-08, -9.446581108916963e-05, 0.02538778875271679], "PE": 0, "PG": 0, "PI": 0, "PS": 0, "PA": 0, "CL": 0, "SM": 0, "CHOL": [3.374916909972736e-07, -0.00024114662270799983, 0.03666215460421543]}, "GLU-10-PROA": {"PC": [7.109779364349563e-09, -2.8459166418848462e-05, 0.009722459600742072], "PE": 0, "PG": 0, "PI": 0, "PS": 0, "PA": 0, "CL": 0, "SM": 0, "CHOL": [3.48303647130185e-05, -0.006953118935201397, 0.25832518152690653]}, "VAL-11-PROA": {"PC": [1.7684635484142637e-06, -0.0007022710798491051, 0.049060749693528825], "PE": 0, "PG": 0, "PI": 0, "PS": 0, "PA": 0, "CL": 0, "SM": 0, "CHOL": [0.0018080303925260897, -0.020979049090109798, 0.13554878282790456]}, "HSD-12-PROA": {"PC": [4.5054101484546346e-08, -8.59323437411975e-05, 0.019390222867539778], "PE": 0, "PG": 0, "PI": 0, "PS": 0, "PA": 0, "CL": 0, "SM": 0, "CHOL": [-0.004975160239864985, 0.20288999833020344, -0.7187693115903785]}, "HSD-13-PROA": {"PC": [1.4379668366740297e-06, -0.0008849831303363937, 0.07147945413792539], "PE": 0, "PG": 0, "PI": 0, "PS": 0, "PA": 0, "CL": 0, "SM": 0, "CHOL": [1.164208470651403e-07, -0.00011887324584431337, 0.02323317358580658]}, "GLN-14-PROA": {"PC": [1.0576509925979526e-08, -4.5787445902262224e-05, 0.013426431720375814], "PE": 0, "PG": 0, "PI": 0, "PS": 0, "PA": 0, "CL": 0, "SM": 0, "CHOL": [1.4499525799477848e-05, -0.0036643311891186555, 0.2143312841642368]}, "LYS-15-PROA": {"PC": [4.2732998118580204e-09, -2.8608999513470065e-05, 0.009552409897701179], "PE": 0, "PG": 0, "PI": 0, "PS": 0, "PA": 0, "CL": 0, "SM": 0, "CHOL": [9.803225222919958e-05, -0.007626045033655623, 0.08135142378247556]}, "LEU-16-PROA": {"PC": [4.421253166691255e-08, -9.812651173223744e-05, 0.021655897860617872], "PE": 0, "PG": 0, "PI": 0, "PS": 0, "PA": 0, "CL": 0, "SM": 0, "CHOL": [2.378266815152382e-06, -0.000978840398080973, 0.07704123775704369]}, "VAL-17-PROA": {"PC": [1.6673187396977125e-08, -4.9175093798393554e-05, 0.013708965630507955], "PE": 0, "PG": 0, "PI": 0, "PS": 0, "PA": 0, "CL": 0, "SM": 0, "CHOL": [5.440808887269964e-06, -0.0019568759323679258, 0.10128389562364716]}, "PHE-18-PROA": {"PC": [3.02718571513247e-08, -6.421112681296089e-05, 0.014923822498934463], "PE": 0, "PG": 0, "PI": 0, "PS": 0, "PA": 0, "CL": 0, "SM": 0, "CHOL": [6.080648691475044e-07, -0.0004542988070747751, 0.056653646390080185]}, "PHE-19-PROA": {"PC": [9.368817224935847e-08, -0.00012187314028479627, 0.0272854519747017], "PE": 0, "PG": 0, "PI": 0, "PS": 0, "PA": 0, "CL": 0, "SM": 0, "CHOL": [1.844854321260369e-07, -0.00014153037245428785, 0.03368396935827986]}, "ALA-20-PROA": {"PC": [1.465593320715988e-08, -3.9391276694671776e-05, 0.017120082758342], "PE": 0, "PG": 0, "PI": 0, "PS": 0, "PA": 0, "CL": 0, "SM": 0, "CHOL": [5.735584247750351e-07, -0.00036904072338797767, 0.03678173635506035]}, "GLU-21-PROA": {"PC": [2.100853359371332e-07, -0.0002661310030589876, 0.03179423788149731], "PE": 0, "PG": 0, "PI": 0, "PS": 0, "PA": 0, "CL": 0, "SM": 0, "CHOL": [0.00043500414178992974, -0.034805437300791935, 0.6119131817151814]}, "ASP-22-PROA": {"PC": [9.178519103034153e-08, -0.00020024362660634254, 0.027970616748104297], "PE": 0, "PG": 0, "PI": 0, "PS": 0, "PA": 0, "CL": 0, "SM": 0, "CHOL": [-0.0016215056278546414, 0.09516792238179629, -0.5301266289950914]}, "VAL-23-PROA": {"PC": [3.534526156163754e-07, -0.0003662235235173808, 0.03380313717652868], "PE": 0, "PG": 0, "PI": 0, "PS": 0, "PA": 0, "CL": 0, "SM": 0, "CHOL": [-0.03824961184017742, 0.6528976477738373, -1.4820920829887534]}, "LYS-27-PROA": {"PC": [-0.00010304322518112957, 0.010553370387312955, -0.02654813308745557], "PE": 0, "PG": 0, "PI": 0, "PS": 0, "PA": 0, "CL": 0, "SM": 0, "CHOL": 0}, "GLY-28-PROA": {"PC": [8.128029837945745e-07, -0.0005802581489020693, 0.04093104848022569], "PE": 0, "PG": 0, "PI": 0, "PS": 0, "PA": 0, "CL": 0, "SM": 0, "CHOL": [2.806135562122866, -41.963544635461005, 151.9046086159503]}, "ALA-29-PROA": {"PC": [-0.00025105082183808994, 0.016826842200769986, 0.027727888472532814], "PE": 0, "PG": 0, "PI": 0, "PS": 0, "PA": 0, "CL": 0, "SM": 0, "CHOL": 0}, "ILE-30-PROA": {"PC": [7.354583075811429e-07, -0.0004986679735111328, 0.05377544140771684], "PE": 0, "PG": 0, "PI": 0, "PS": 0, "PA": 0, "CL": 0, "SM": 0, "CHOL": [0.004824889094582463, -0.11055202491086893, 0.8984515084381373]}, "ILE-31-PROA": {"PC": [2.546389282933491e-09, -1.379685248645144e-05, 0.00965165959676592], "PE": 0, "PG": 0, "PI": 0, "PS": 0, "PA": 0, "CL": 0, "SM": 0, "CHOL": [9.84395076890416e-07, -0.0007334725856785789, 0.0734788814344159]}, "GLY-32-PROA": {"PC": [3.142187094655018e-08, -7.836256967762523e-05, 0.017091184941027703], "PE": 0, "PG": 0, "PI": 0, "PS": 0, "PA": 0, "CL": 0, "SM": 0, "CHOL": [8.298569784853725e-09, -2.5496751441485148e-05, 0.01209620171070107]}, "LEU-33-PROA": {"PC": [1.160275749791656e-08, -3.8340954587446357e-05, 0.01658705257679374], "PE": 0, "PG": 0, "PI": 0, "PS": 0, "PA": 0, "CL": 0, "SM": 0, "CHOL": [2.651233804358518e-05, -0.005227692512636404, 0.22252425333564438]}, "MET-34-PROA": {"PC": [3.3626750638201116e-07, -0.00029432642963390297, 0.03376127647850584], "PE": 0, "PG": 0, "PI": 0, "PS": 0, "PA": 0, "CL": 0, "SM": 0, "CHOL": [8.244952916842697e-08, -0.00010237057712922741, 0.018803548988074452]}, "VAL-35-PROA": {"PC": [1.7898431185540725e-08, -5.020597330784539e-05, 0.01893270492330251], "PE": 0, "PG": 0, "PI": 0, "PS": 0, "PA": 0, "CL": 0, "SM": 0, "CHOL": [1.3690422465668879e-05, -0.0037994801628452846, 0.12839247159756173]}, "GLY-36-PROA": {"PC": [1.2080081821169205e-08, -3.6552898021735165e-05, 0.009686096652528963], "PE": 0, "PG": 0, "PI": 0, "PS": 0, "PA": 0, "CL": 0, "SM": 0, "CHOL": [4.341417903689809e-09, -1.8413476487042888e-05, 0.010953755052019757]}, "GLY-37-PROA": {"PC": [1.4811837153782627e-07, -0.000183444609481152, 0.0359389285288662], "PE": 0, "PG": 0, "PI": 0, "PS": 0, "PA": 0, "CL": 0, "SM": 0, "CHOL": [1.4671326154541873e-08, -3.205630675656646e-05, 0.010866964073683785]}, "VAL-38-PROA": {"PC": [7.943136609897093e-08, -0.00012975473234659986, 0.027951053864011102], "PE": 0, "PG": 0, "PI": 0, "PS": 0, "PA": 0, "CL": 0, "SM": 0, "CHOL": [1.7364121406683016e-09, -7.911318387168488e-06, 0.007074332108649905]}, "VAL-39-PROA": {"PC": [-2.8220859592651115e-10, 2.062236688624124e-07, 0.005016399144543652], "PE": 0, "PG": 0, "PI": 0, "PS": 0, "PA": 0, "CL": 0, "SM": 0, "CHOL": [2.8197111910905774e-06, -0.001370063745300807, 0.08858937667023493]}, "ILE-40-PROA": {"PC": [2.7600112007524166e-05, -0.005698755243275823, 0.18531574831889538], "PE": 0, "PG": 0, "PI": 0, "PS": 0, "PA": 0, "CL": 0, "SM": 0, "CHOL": [4.3405784686461257e-07, -0.00030944265096835804, 0.03532337490134082]}, "ALA-71-PROB": {"PC": 0, "PE": 0, "PG": 0, "PI": 0, "PS": 0, "PA": 0, "CL": 0, "SM": 0, "CHOL": 0}, "ILE-72-PROB": {"PC": 0, "PE": 0, "PG": 0, "PI": 0, "PS": 0, "PA": 0, "CL": 0, "SM": 0, "CHOL": 0}, "ILE-73-PROB": {"PC": 0, "PE": 0, "PG": 0, "PI": 0, "PS": 0, "PA": 0, "CL": 0, "SM": 0, "CHOL": 0}, "GLY-74-PROB": {"PC": 0, "PE": 0, "PG": 0, "PI": 0, "PS": 0, "PA": 0, "CL": 0, "SM": 0,