{"ARG-4-PROA": {"PC": [4.076829621776423e-06, -0.001597228740279983, 0.11273363353762494], "PE": 0, "PG": 0, "PI": 0, "PS": 0, "PA": 0, "CL": 0, "SM": 0, "CHOL": 0}, "SER-7-PROA": {"PC": [1.2811562429820276e-05, -0.004057942089621981, 0.1465374678703504], "PE": 0, "PG": 0, "PI": 0, "PS": 0, "PA": 0, "CL": 0, "SM": 0, "CHOL": [9.805475329256995e-06, -0.001968823416813218, 0.0934753977069476]}, "TYR-9-PROA": {"PC": [6.051934210071701e-07, -0.00040538692317244613, 0.037730671310715946], "PE": 0, "PG": 0, "PI": 0, "PS": 0, "PA": 0, "CL": 0, "SM": 0, "CHOL": [0.0005306195662883652, -0.031780743640501916, 0.4106033609585667]}, "GLU-10-PROA": {"PC": [6.059113423443055e-09, -2.5097646755568037e-05, 0.014660642816064601], "PE": 0, "PG": 0, "PI": 0, "PS": 0, "PA": 0, "CL": 0, "SM": 0, "CHOL": [1.226848806160464e-08, -3.913101675619832e-05, 0.016019369486200762]}, "VAL-11-PROA": {"PC": [6.966673523000725e-06, -0.001334254715003787, 0.06640962907747029], "PE": 0, "PG": 0, "PI": 0, "PS": 0, "PA": 0, "CL": 0, "SM": 0, "CHOL": [5.309566185395443e-05, -0.002302787480024091, 0.052683754773734826]}, "HSD-12-PROA": {"PC": [7.015368695086996e-09, -2.6922357652207137e-05, 0.012790651931790178], "PE": 0, "PG": 0, "PI": 0, "PS": 0, "PA": 0, "CL": 0, "SM": 0, "CHOL": [1.222967694146073e-06, -0.0006454501818288518, 0.054564372686393046]}, "HSD-13-PROA": {"PC": [4.471195990317071e-07, -0.00047515451870634376, 0.04914516655146605], "PE": 0, "PG": 0, "PI": 0, "PS": 0, "PA": 0, "CL": 0, "SM": 0, "CHOL": [1.573022708571625e-08, -3.946739676048066e-05, 0.019182291525727545]}, "GLN-14-PROA": {"PC": [2.352574850946078e-08, -5.316365364072247e-05, 0.019659537374692494], "PE": 0, "PG": 0, "PI": 0, "PS": 0, "PA": 0, "CL": 0, "SM": 0, "CHOL": [7.281546367639034e-08, -0.0001210424041537317, 0.028309444093287953]}, "LYS-15-PROA": {"PC": [1.9771682630874643e-08, -5.429740603857771e-05, 0.015833174385846586], "PE": 0, "PG": 0, "PI": 0, "PS": 0, "PA": 0, "CL": 0, "SM": 0, "CHOL": [2.1383904410251343e-08, -5.433974946240333e-05, 0.016714403994824975]}, "LEU-16-PROA": {"PC": [8.178321043958368e-07, -0.0006494862573073773, 0.059179425371745156], "PE": 0, "PG": 0, "PI": 0, "PS": 0, "PA": 0, "CL": 0, "SM": 0, "CHOL": [4.7275086036147284e-07, -0.0003224399218625595, 0.03552564877199988]}, "VAL-17-PROA": {"PC": [1.7765548711141417e-08, -5.266440904065761e-05, 0.013533946938584125], "PE": 0, "PG": 0, "PI": 0, "PS": 0, "PA": 0, "CL": 0, "SM": 0, "CHOL": [9.21574479893926e-07, -0.0005903195992128519, 0.05829961118740446]}, "PHE-18-PROA": {"PC": [8.343401854120587e-08, -0.00011281637305768683, 0.023017772099696614], "PE": 0, "PG": 0, "PI": 0, "PS": 0, "PA": 0, "CL": 0, "SM": 0, "CHOL": [7.594676636716692e-09, -2.4368048613938153e-05, 0.013700684326726838]}, "PHE-19-PROA": {"PC": [3.595124027205722e-08, -7.564012184756065e-05, 0.019990349733461994], "PE": 0, "PG": 0, "PI": 0, "PS": 0, "PA": 0, "CL": 0, "SM": 0, "CHOL": [7.13292834362951e-08, -0.0001066023465408536, 0.018249059985499343]}, "ALA-20-PROA": {"PC": [2.7256332001233097e-07, -0.0002600203703342644, 0.03016059283697905], "PE": 0, "PG": 0, "PI": 0, "PS": 0, "PA": 0, "CL": 0, "SM": 0, "CHOL": [3.408948563060745e-09, -1.8161474080704206e-05, 0.00902621949058242]}, "VAL-23-PROA": {"PC": [1.2482270426715767e-06, -0.0005230840540981776, 0.04675077838659798], "PE": 0, "PG": 0, "PI": 0, "PS": 0, "PA": 0, "CL": 0, "SM": 0, "CHOL": [-0.059210734944068734, 1.420303838285396, -5.149932579878192]}, "GLY-28-PROA": {"PC": [2.5422430044551085e-05, -0.005459457808593968, 0.16891376858118043], "PE": 0, "PG": 0, "PI": 0, "PS": 0, "PA": 0, "CL": 0, "SM": 0, "CHOL": [0.0002773067290921608, -0.024225585492425615, 0.4966386193373788]}, "ALA-29-PROA": {"PC": [0.0002656814310863571, -0.02259268503948912, 0.2521573818688716], "PE": 0, "PG": 0, "PI": 0, "PS": 0, "PA": 0, "CL": 0, "SM": 0, "CHOL": [5.31462585034014, -48.044217687075005, 112.25127551020475]}, "ILE-30-PROA": {"PC": [1.0851627267086095e-05, -0.0024534023445377715, 0.10220789373450151], "PE": 0, "PG": 0, "PI": 0, "PS": 0, "PA": 0, "CL": 0, "SM": 0, "CHOL": [-0.09520927362028567, 1.8065018886332054, 18.821589038558116]}, "ILE-31-PROA": {"PC": [1.0088955022038193e-08, -3.0679640119596186e-05, 0.012139862578671595], "PE": 0, "PG": 0, "PI": 0, "PS": 0, "PA": 0, "CL": 0, "SM": 0, "CHOL": [4.948085498933934e-08, -8.549027192944407e-05, 0.026849652532613007]}, "GLY-32-PROA": {"PC": [1.1960050837578395e-07, -0.00014815264942456176, 0.025695688778003108], "PE": 0, "PG": 0, "PI": 0, "PS": 0, "PA": 0, "CL": 0, "SM": 0, "CHOL": [3.9578402447803166e-08, -6.983914081148372e-05, 0.024135027110675458]}, "LEU-33-PROA": {"PC": [4.835836125540023e-08, -9.904515111910936e-05, 0.025643374151971172], "PE": 0, "PG": 0, "PI": 0, "PS": 0, "PA": 0, "CL": 0, "SM": 0, "CHOL": [1.3704384910510944e-08, -4.532857258626579e-05, 0.016344355031656137]}, "MET-34-PROA": {"PC": [1.1181634851170527e-07, -0.00015920176162599183, 0.03152629780988568], "PE": 0, "PG": 0, "PI": 0, "PS": 0, "PA": 0, "CL": 0, "SM": 0, "CHOL": [3.0966019284036234e-07, -0.00026126677208639017, 0.03286459207358324]}, "VAL-35-PROA": {"PC": [3.7592239601605186e-07, -0.00031317432664574647, 0.03651450097522667], "PE": 0, "PG": 0, "PI": 0, "PS": 0, "PA": 0, "CL": 0, "SM": 0, "CHOL": [1.1637232148840869e-08, -3.774117106083119e-05, 0.015891357513648806]}, "GLY-36-PROA": {"PC": [-3.599487577752289e-08, 1.6077087372415811e-06, 0.021356708347062606], "PE": 0, "PG": 0, "PI": 0, "PS": 0, "PA": 0, "CL": 0, "SM": 0, "CHOL": [2.7906817394892602e-09, -1.5626670556127473e-05, 0.00699729258422577]}, "GLY-37-PROA": {"PC": [8.0822289738501e-09, -1.527857388626254e-05, 0.006433839812117746], "PE": 0, "PG": 0, "PI": 0, "PS": 0, "PA": 0, "CL": 0, "SM": 0, "CHOL": [1.8091351055403246e-08, -4.697689653734296e-05, 0.022060986522207802]}, "VAL-38-PROA": {"PC": [3.18428735044987e-06, -0.001029860066403206, 0.05552941990355455], "PE": 0, "PG": 0, "PI": 0, "PS": 0, "PA": 0, "CL": 0, "SM": 0, "CHOL": [4.987080720836481e-07, -0.0003679619262533875, 0.04858609959050478]}, "VAL-39-PROA": {"PC": [3.1278988259034674e-07, -0.0001712162620419654, 0.024091973868086654], "PE": 0, "PG": 0, "PI": 0, "PS": 0, "PA": 0, "CL": 0, "SM": 0, "CHOL": [6.98932341392022e-09, -2.2648533944001146e-05, 0.0112661171740533]}, "ILE-40-PROA": {"PC": [-5.9870797054101656e-05, 0.009195808829765778, -0.01938020797697853], "PE": 0, "PG": 0, "PI": 0, "PS": 0, "PA": 0, "CL": 0, "SM": 0, "CHOL": [8.494044260516886e-06, -0.0021340152320236875, 0.0965662039491223]}, "TYR-51-PROB": {"PC": 0, "PE": 0, "PG": 0, "PI": 0, "PS": 0, "PA": 0, "CL": 0, "SM": 0, "CHOL": 0}, "VAL-53-PROB": {"PC": 0, "PE": 0, "PG": 0, "PI": 0, "PS": 0, "PA": 0, "CL": 0, "SM": 0, "CHOL": 0}, "GLN-56-PROB": {"PC": 0, "PE": 0, "PG": 0, "PI": 0, "PS": 0, "PA": 0, "CL": 0, "SM": 0, "CHOL": 0}, "ALA-71-PROB": {"PC": 0, "PE": 0, "PG": 0, "PI": 0, "PS": 0, "PA": 0, "CL": 0, "SM": 0, "CHOL": 0}, "ILE-72-PROB": {"PC": 0, "PE": 0, "PG": 0, "PI": 0, "PS": 0, "PA": 0, "CL": 0, "SM": 0, "CHOL": 0}, "ILE-73-PROB": {"PC": 0, "PE": 0, "PG": 0, "PI": 0, "PS": 0, "PA": 0, "CL": 0, "SM": 0, "CHOL": 0}, "GLY-74-PROB": {"PC": 0, "PE": 0, "PG": 0, "PI": 0, "PS": 0, "PA": 0, "CL": 0, "SM": 0, "CHOL": 0}, "LEU-75-PROB": {"PC": 0, "PE": 0, "PG": 0, "PI": 0, "PS": 0, "PA": 0, "CL": 0, "SM": 0, "CHOL": 0}, "MET-76-PROB": {"PC": 0, "PE": 0, "PG": 0, "PI": 0, "PS": 0, "PA": 0, "CL": 0, "SM": 0, "CHOL": 0}, "VAL-77-PROB": {"PC": 0, "PE": 0, "PG": 0, "PI": 0, "PS": 0, "PA": 0, "CL": 0, "SM": 0, "CHOL": 0}, "GLY-78-PROB": {"PC": 0, "PE": 0, "PG": 0, "PI": 0, "PS": 0, "PA": 0, "CL": 0, "SM": 0, "CHOL": 0}, "GLY-79-PROB": {"PC": 0, "PE": 0, "PG": 0, "PI": 0, "PS": 0, "PA": 0, "CL": 0, "SM": 0, "CHOL": 0}, "VAL-80-PROB": {"PC": 0, "PE": 0, "PG": 0, "PI": 0, "PS": 0, "PA": 0, "CL": 0, "SM": 0, "CHOL": 0}, "VAL-81-PROB": {"PC": 0, "PE": 0, "PG": 0, "PI": 0, "PS": 0, "PA": 0, "CL": 0, "SM": 0, "CHOL": 0}, "ILE-82-PROB": {"PC": 0, "PE": 0, "PG": 0, "PI": 0, "PS": 0, "PA": 0, "CL": 0, "SM": 0,