{"ASP-0-PROA": {"PC": 0, "PE": 0, "PG": 0, "PI": 0, "PS": 0, "PA": 0, "CL": 0, "SM": 0, "CHOL": 0}, "GLU-2-PROA": {"PC": [-0.00029666603354696686, 0.01957696087868441, 0.02152227388812022], "PE": 0, "PG": 0, "PI": 0, "PS": 0, "PA": 0, "CL": 0, "SM": 0, "CHOL": 0}, "PHE-3-PROA": {"PC": [1.3889154503109447e-05, -0.002822557259793018, 0.1242184246449073], "PE": 0, "PG": 0, "PI": 0, "PS": 0, "PA": 0, "CL": 0, "SM": 0, "CHOL": 0}, "HSD-5-PROA": {"PC": [6.481965399570934e-06, -0.0022206776170854425, 0.1365217930980815], "PE": 0, "PG": 0, "PI": 0, "PS": 0, "PA": 0, "CL": 0, "SM": 0, "CHOL": 0}, "GLU-10-PROA": {"PC": [-0.004592444900335833, 0.0688932928470111, 0.947850623513796], "PE": 0, "PG": 0, "PI": 0, "PS": 0, "PA": 0, "CL": 0, "SM": 0, "CHOL": 0}, "VAL-11-PROA": {"PC": [2.157148362051198e-06, -0.0009144224563980081, 0.059537045687639], "PE": 0, "PG": 0, "PI": 0, "PS": 0, "PA": 0, "CL": 0, "SM": 0, "CHOL": 0}, "HSD-12-PROA": {"PC": [3.087183757869939e-07, -0.00024393122801154326, 0.03024034145737445], "PE": 0, "PG": 0, "PI": 0, "PS": 0, "PA": 0, "CL": 0, "SM": 0, "CHOL": [8.905323753300287e-10, -4.568078793210405e-06, 0.003918229774505829]}, "HSD-13-PROA": {"PC": [2.897244679570522e-06, -0.0011841278334879318, 0.06358910717356296], "PE": 0, "PG": 0, "PI": 0, "PS": 0, "PA": 0, "CL": 0, "SM": 0, "CHOL": [7.008834972971573e-10, -5.195488019126505e-06, 0.006702272324180433]}, "GLN-14-PROA": {"PC": [4.525977896914957e-10, -4.0752515775333036e-06, 0.007988873711757822], "PE": 0, "PG": 0, "PI": 0, "PS": 0, "PA": 0, "CL": 0, "SM": 0, "CHOL": [1.7308131537781953e-08, -3.1366860020589125e-05, 0.01018983095646271]}, "LYS-15-PROA": {"PC": [3.2692924890103156e-07, -0.00029001160638716586, 0.034836776891702725], "PE": 0, "PG": 0, "PI": 0, "PS": 0, "PA": 0, "CL": 0, "SM": 0, "CHOL": [5.613565314672638e-09, -2.0438919162715633e-05, 0.012085741577961358]}, "LEU-16-PROA": {"PC": [1.535219550729741e-08, -4.657523261157635e-05, 0.01567323217105412], "PE": 0, "PG": 0, "PI": 0, "PS": 0, "PA": 0, "CL": 0, "SM": 0, "CHOL": [2.4727988952435384e-07, -0.0002687094602169854, 0.04228006347072929]}, "VAL-17-PROA": {"PC": [7.311671506379563e-08, -9.250460544427786e-05, 0.01500215613896964], "PE": 0, "PG": 0, "PI": 0, "PS": 0, "PA": 0, "CL": 0, "SM": 0, "CHOL": [-3.160319857941319e-06, 0.0006555285474174632, 0.03365359637622205]}, "PHE-18-PROA": {"PC": [2.6391854101273028e-08, -7.421891477342052e-05, 0.019373447176581952], "PE": 0, "PG": 0, "PI": 0, "PS": 0, "PA": 0, "CL": 0, "SM": 0, "CHOL": [3.1644276538717e-08, -6.257833358058042e-05, 0.019891741967188105]}, "PHE-19-PROA": {"PC": [7.938505229997726e-08, -0.00011860410726484522, 0.020518385321150037], "PE": 0, "PG": 0, "PI": 0, "PS": 0, "PA": 0, "CL": 0, "SM": 0, "CHOL": [1.5491239036045496e-06, -0.0007589089721455326, 0.05133095030794406]}, "ALA-20-PROA": {"PC": [1.0947405186753674e-08, -3.5896742674216426e-05, 0.015568127266282459], "PE": 0, "PG": 0, "PI": 0, "PS": 0, "PA": 0, "CL": 0, "SM": 0, "CHOL": [3.334142898402671e-08, -6.260953987538364e-05, 0.018150726927976337]}, "GLU-21-PROA": {"PC": [2.4839625662337695e-05, -0.0057872880593693166, 0.17657078760392192], "PE": 0, "PG": 0, "PI": 0, "PS": 0, "PA": 0, "CL": 0, "SM": 0, "CHOL": [1.367880671528728e-05, -0.004296314537876966, 0.17024034265457644]}, "ASP-22-PROA": {"PC": [5.346224068370256e-06, -0.0018459506381301213, 0.09671944023463155], "PE": 0, "PG": 0, "PI": 0, "PS": 0, "PA": 0, "CL": 0, "SM": 0, "CHOL": [-1.865654000070004e-05, 0.0032397363821984764, 0.10935459532602775]}, "VAL-23-PROA": {"PC": [2.5968193825912456e-06, -0.001197863021616712, 0.06598364396098139], "PE": 0, "PG": 0, "PI": 0, "PS": 0, "PA": 0, "CL": 0, "SM": 0, "CHOL": [9.562559965910535e-06, -0.0026738357580657094, 0.13744556374948344]}, "GLY-24-PROA": {"PC": [6.352390339102584e-09, -2.874878662288015e-05, 0.009108817124873766], "PE": 0, "PG": 0, "PI": 0, "PS": 0, "PA": 0, "CL": 0, "SM": 0, "CHOL": [2.1497315871911483e-05, -0.004120524707737408, 0.17179926533366716]}, "SER-25-PROA": {"PC": [-0.0030047864617093064, 0.09261350879040971, -0.12799046937806421], "PE": 0, "PG": 0, "PI": 0, "PS": 0, "PA": 0, "CL": 0, "SM": 0, "CHOL": 0}, "LYS-27-PROA": {"PC": [0.0003383281509089115, -0.03096832338116371, 0.3770066939879483], "PE": 0, "PG": 0, "PI": 0, "PS": 0, "PA": 0, "CL": 0, "SM": 0, "CHOL": 0}, "GLY-28-PROA": {"PC": [-7.136766141158178, 80.55931845441047, -209.73948870618648], "PE": 0, "PG": 0, "PI": 0, "PS": 0, "PA": 0, "CL": 0, "SM": 0, "CHOL": 0}, "ALA-29-PROA": {"PC": [2.5925303266700195e-07, -0.00024701742215080854, 0.03631373649389151], "PE": 0, "PG": 0, "PI": 0, "PS": 0, "PA": 0, "CL": 0, "SM": 0, "CHOL": 0}, "ILE-30-PROA": {"PC": [3.38989465264443e-06, -0.0010307257262724546, 0.05913146611929268], "PE": 0, "PG": 0, "PI": 0, "PS": 0, "PA": 0, "CL": 0, "SM": 0, "CHOL": 0}, "ILE-31-PROA": {"PC": [2.7458332240284798e-08, -6.290799363727566e-05, 0.01789089110913752], "PE": 0, "PG": 0, "PI": 0, "PS": 0, "PA": 0, "CL": 0, "SM": 0, "CHOL": [-3.7513285561218754e-07, 0.00027034924770804946, 0.007039315550107663]}, "GLY-32-PROA": {"PC": [2.7970265572443526e-09, -1.420404075165467e-05, 0.01086612109946257], "PE": 0, "PG": 0, "PI": 0, "PS": 0, "PA": 0, "CL": 0, "SM": 0, "CHOL": [3.9878026763985193, -47.82095598300137, 141.75350353436173]}, "LEU-33-PROA": {"PC": [6.405820480848873e-08, -0.00010454433154537883, 0.021411663169400835], "PE": 0, "PG": 0, "PI": 0, "PS": 0, "PA": 0, "CL": 0, "SM": 0, "CHOL": [0.0002505703410534898, -0.02035778886285863, 0.37176029820182016]}, "MET-34-PROA": {"PC": [8.555008890722656e-08, -0.00011660273151443032, 0.023853055960332346], "PE": 0, "PG": 0, "PI": 0, "PS": 0, "PA": 0, "CL": 0, "SM": 0, "CHOL": [1.1444772504001085e-07, -0.00012077213039494911, 0.0231187084066993]}, "VAL-35-PROA": {"PC": [1.267106961920691e-09, -9.19229412036758e-06, 0.008495242838118087], "PE": 0, "PG": 0, "PI": 0, "PS": 0, "PA": 0, "CL": 0, "SM": 0, "CHOL": [2.5688406183231294e-09, -1.283199111940515e-05, 0.011521607670620193]}, "GLY-36-PROA": {"PC": [3.7745193573828396e-08, -9.723139231582744e-05, 0.018631903960012894], "PE": 0, "PG": 0, "PI": 0, "PS": 0, "PA": 0, "CL": 0, "SM": 0, "CHOL": [1.1422330485323924e-09, -7.485572653621439e-06, 0.007836984100515065]}, "GLY-37-PROA": {"PC": [0.00040636502132885817, -0.02574907302809611, 0.32677029458419704], "PE": 0, "PG": 0, "PI": 0, "PS": 0, "PA": 0, "CL": 0, "SM": 0, "CHOL": [2.3018087703286517e-09, -6.202655954207069e-06, 0.0037182866040101304]}, "VAL-38-PROA": {"PC": 0, "PE": 0, "PG": 0, "PI": 0, "PS": 0, "PA": 0, "CL": 0, "SM": 0, "CHOL": [1.44575973181736e-10, -1.09814416756891e-06, 0.0019237594820377686]}, "VAL-39-PROA": {"PC": 0, "PE": 0, "PG": 0, "PI": 0, "PS": 0, "PA": 0, "CL": 0, "SM": 0, "CHOL": [1.0716571327726338e-09, -4.03246444202261e-06, 0.0033136536690716607]}, "ILE-40-PROA": {"PC": [1.7059155724474965e-05, -0.0013598122248669195, 0.03226862749462849], "PE": 0, "PG": 0, "PI": 0, "PS": 0, "PA": 0, "CL": 0, "SM": 0, "CHOL": [7.54431064486146e-10, -5.04474498421817e-06, 0.007910169439720288]}, "ALA-41-PROA": {"PC": [-8.471164253981636e-06, 0.0008066197088814176, 0.113846087965486], "PE": 0, "PG": 0, "PI": 0, "PS": 0, "PA": 0, "CL": 0, "SM": 0, "CHOL": [5.983251375543272e-10, -4.973586578934222e-06, 0.00776381471206979]}, "LYS-57-PROB": {"PC": 0, "PE": 0, "PG": 0, "PI": 0, "PS": 0, "PA": 0, "CL": 0, "SM": 0, "CHOL": 0}, "LEU-58-PROB": {"PC": 0, "PE": 0, "PG": 0, "PI": 0, "PS": 0, "PA": 0, "CL": 0, "SM": 0, "CHOL": 0}, "VAL-59-PROB": {"PC": 0, "PE": 0, "PG": 0, "PI": 0, "PS": 0, "PA": 0, "CL": 0, "SM": 0, "CHOL": 0}, "PHE-60-PROB": {"PC": 0, "PE": 0, "PG": 0, "PI": 0, "PS": 0, "PA": 0, "CL": 0, "SM": 0, "CHOL": 0}, "PHE-61-PROB": {"PC": 0, "PE": 0, "PG": 0, "PI": 0, "PS": 0, "PA": 0, "CL": 0, "SM": 0, "CHOL": 0}, "ASP-64-PROB": {"PC": 0, "PE": 0, "PG": 0, "PI": 0, "PS": 0, "PA": 0, "CL": 0, "SM": 0, "CHOL": 0}, "VAL-65-PROB": {"PC": 0, "PE": 0, "PG": 0, "PI": 0, "PS": 0, "PA": 0, "CL": 0, "SM": 0, "CHOL": 0}, "GLY-66-PROB": {"PC": 0, "PE": 0, "PG": 0,