{"ASP-0-PROA": {"PC": 0, "PE": 0, "PG": 0, "PI": 0, "PS": 0, "PA": 0, "CL": 0, "SM": 0, "CHOL": 0}, "ALA-1-PROA": {"PC": [2.053715244390463e-07, -0.0002990004563681543, 0.03681040226510129], "PE": 0, "PG": 0, "PI": 0, "PS": 0, "PA": 0, "CL": 0, "SM": 0, "CHOL": [5.83424852088425e-06, -0.001530115470847858, 0.08153820948298483]}, "GLU-2-PROA": {"PC": [8.530846759281836e-08, -0.0001236622171986182, 0.02308704629102204], "PE": 0, "PG": 0, "PI": 0, "PS": 0, "PA": 0, "CL": 0, "SM": 0, "CHOL": [3.052464655329027e-07, -0.00019440577422738365, 0.024485004033720153]}, "PHE-3-PROA": {"PC": [5.750746502498134e-08, -0.00012774455043954692, 0.021745434140909053], "PE": 0, "PG": 0, "PI": 0, "PS": 0, "PA": 0, "CL": 0, "SM": 0, "CHOL": [2.1143222190048464e-06, -0.0009349887315825586, 0.1072234323320573]}, "ARG-4-PROA": {"PC": [1.4817276616365687e-08, -3.971511529609427e-05, 0.017128652010704584], "PE": 0, "PG": 0, "PI": 0, "PS": 0, "PA": 0, "CL": 0, "SM": 0, "CHOL": [1.2406518154941928e-07, -0.0001643510569547439, 0.03596147721502831]}, "HSD-5-PROA": {"PC": [9.653408651227014e-09, -3.345238804567276e-05, 0.013527119420126818], "PE": 0, "PG": 0, "PI": 0, "PS": 0, "PA": 0, "CL": 0, "SM": 0, "CHOL": 0}, "SER-7-PROA": {"PC": [3.862207627995754e-07, -0.0003903169259836088, 0.04266393662948463], "PE": 0, "PG": 0, "PI": 0, "PS": 0, "PA": 0, "CL": 0, "SM": 0, "CHOL": 0}, "GLY-8-PROA": {"PC": [6.620198794850278e-07, -0.0004610143862406674, 0.05109923008006127], "PE": 0, "PG": 0, "PI": 0, "PS": 0, "PA": 0, "CL": 0, "SM": 0, "CHOL": 0}, "TYR-9-PROA": {"PC": [5.128501765879076e-08, -0.00012041114647781991, 0.02073421467957007], "PE": 0, "PG": 0, "PI": 0, "PS": 0, "PA": 0, "CL": 0, "SM": 0, "CHOL": 0}, "GLU-10-PROA": {"PC": [1.4825208213353578e-08, -4.647309081583953e-05, 0.015752765519625688], "PE": 0, "PG": 0, "PI": 0, "PS": 0, "PA": 0, "CL": 0, "SM": 0, "CHOL": [1.036477799682031, 4.156275976724942, 16.66666666666702]}, "VAL-11-PROA": {"PC": [2.1917131680327624e-06, -0.000690857035608207, 0.04764728542995121], "PE": 0, "PG": 0, "PI": 0, "PS": 0, "PA": 0, "CL": 0, "SM": 0, "CHOL": 0}, "HSD-12-PROA": {"PC": [4.678438542942909e-09, -2.479644968337726e-05, 0.01035014422861622], "PE": 0, "PG": 0, "PI": 0, "PS": 0, "PA": 0, "CL": 0, "SM": 0, "CHOL": 0}, "HSD-13-PROA": {"PC": [0.0003210335954450624, -0.027589059163341107, 0.4267189828227488], "PE": 0, "PG": 0, "PI": 0, "PS": 0, "PA": 0, "CL": 0, "SM": 0, "CHOL": 0}, "GLN-14-PROA": {"PC": [1.3738366531825684e-08, -4.699267485476568e-05, 0.01564307607669008], "PE": 0, "PG": 0, "PI": 0, "PS": 0, "PA": 0, "CL": 0, "SM": 0, "CHOL": [8.796829946691115e-07, -0.0005431640909655452, 0.05206944997845033]}, "LYS-15-PROA": {"PC": [2.767891408972763e-07, -0.0003004085848980143, 0.03890568887444247], "PE": 0, "PG": 0, "PI": 0, "PS": 0, "PA": 0, "CL": 0, "SM": 0, "CHOL": [0.00016584785989346999, -0.007331119073626345, 0.245678353828082]}, "LEU-16-PROA": {"PC": [1.2285583372018648e-08, -6.319428418134201e-05, 0.013280039528199271], "PE": 0, "PG": 0, "PI": 0, "PS": 0, "PA": 0, "CL": 0, "SM": 0, "CHOL": [1.5021510052548287e-07, -0.00012731418496529748, 0.021409486128230647]}, "VAL-17-PROA": {"PC": [1.4046381733748214e-08, -3.90345806070541e-05, 0.016285908089861287], "PE": 0, "PG": 0, "PI": 0, "PS": 0, "PA": 0, "CL": 0, "SM": 0, "CHOL": [1.972842501916773e-09, -1.03676059730815e-05, 0.008795841670275827]}, "PHE-18-PROA": {"PC": [7.493017129651141e-09, -3.242928992029971e-05, 0.011059819073662807], "PE": 0, "PG": 0, "PI": 0, "PS": 0, "PA": 0, "CL": 0, "SM": 0, "CHOL": [1.0901208509736976e-06, -0.0005430375966456559, 0.04667431136168305]}, "PHE-19-PROA": {"PC": [4.1636997445470775e-07, -0.0003130031261552617, 0.033662983950320566], "PE": 0, "PG": 0, "PI": 0, "PS": 0, "PA": 0, "CL": 0, "SM": 0, "CHOL": [1.1723061824506902e-08, -3.8464089158731975e-05, 0.015247608747538638]}, "ALA-20-PROA": {"PC": [6.130221262222523e-08, -9.13665470746995e-05, 0.022083556586581652], "PE": 0, "PG": 0, "PI": 0, "PS": 0, "PA": 0, "CL": 0, "SM": 0, "CHOL": [8.436314316157844e-07, -0.0003907903881761681, 0.03725666681300465]}, "GLU-21-PROA": {"PC": [4.783982187710634e-06, -0.0015303567211415673, 0.07780386134197546], "PE": 0, "PG": 0, "PI": 0, "PS": 0, "PA": 0, "CL": 0, "SM": 0, "CHOL": [2.531548575825547e-06, -0.0010568135603139565, 0.06370687264101152]}, "ASP-22-PROA": {"PC": [2.751805968679542e-06, -0.001120982421983349, 0.06376021918341437], "PE": 0, "PG": 0, "PI": 0, "PS": 0, "PA": 0, "CL": 0, "SM": 0, "CHOL": [7.502193927079497e-07, -0.00040562576492214874, 0.040971406380486915]}, "VAL-23-PROA": {"PC": [8.578422997592965e-07, -0.0007741150322321622, 0.05654052831451221], "PE": 0, "PG": 0, "PI": 0, "PS": 0, "PA": 0, "CL": 0, "SM": 0, "CHOL": [-2.5467239043288566e-05, 0.004760052686316127, -0.044019041133560144]}, "GLY-24-PROA": {"PC": [1.995151411648642e-07, -0.00019713632100090884, 0.03921697894039301], "PE": 0, "PG": 0, "PI": 0, "PS": 0, "PA": 0, "CL": 0, "SM": 0, "CHOL": [7.256823592504766e-08, -0.0001275161875761868, 0.024127774751098188]}, "LYS-27-PROA": {"PC": [2.3538598405245058e-05, -0.004236728967048683, 0.14848477321077516], "PE": 0, "PG": 0, "PI": 0, "PS": 0, "PA": 0, "CL": 0, "SM": 0, "CHOL": 0}, "GLY-28-PROA": {"PC": [7.906334255326985e-05, -0.011041795814424927, 0.33915524493869675], "PE": 0, "PG": 0, "PI": 0, "PS": 0, "PA": 0, "CL": 0, "SM": 0, "CHOL": [0.0005690106002172884, -0.024509096335067503, 0.4191725317713446]}, "ALA-29-PROA": {"PC": [2.4996127006736352e-06, -0.001247808457111338, 0.09676393317367736], "PE": 0, "PG": 0, "PI": 0, "PS": 0, "PA": 0, "CL": 0, "SM": 0, "CHOL": [0.0018086397570479262, -0.12710747761560387, 1.3023262169277254]}, "ILE-30-PROA": {"PC": [3.566254663923393e-05, -0.004248177483620862, 0.1291338776580434], "PE": 0, "PG": 0, "PI": 0, "PS": 0, "PA": 0, "CL": 0, "SM": 0, "CHOL": [0.00039775819025072317, -0.02167000962064744, 0.3243140903869358]}, "ILE-31-PROA": {"PC": [1.4250554389168117e-07, -0.000174021365789052, 0.03245158016658394], "PE": 0, "PG": 0, "PI": 0, "PS": 0, "PA": 0, "CL": 0, "SM": 0, "CHOL": [7.405389541218631e-07, -0.00039850416551361507, 0.040607592742396524]}, "GLY-32-PROA": {"PC": [9.53181419508456e-06, -0.0027168640307640222, 0.10163714958998137], "PE": 0, "PG": 0, "PI": 0, "PS": 0, "PA": 0, "CL": 0, "SM": 0, "CHOL": [2.8395936109019605e-09, -1.4952181531294828e-05, 0.009220446818581677]}, "LEU-33-PROA": {"PC": [3.1986503077126304e-09, -1.5531773151256986e-05, 0.008263070269237895], "PE": 0, "PG": 0, "PI": 0, "PS": 0, "PA": 0, "CL": 0, "SM": 0, "CHOL": [1.932520368558975e-07, -0.00014414113279060596, 0.020539287534879856]}, "MET-34-PROA": {"PC": [6.18189959670235e-09, -1.5998683851262457e-05, 0.007562195383655558], "PE": 0, "PG": 0, "PI": 0, "PS": 0, "PA": 0, "CL": 0, "SM": 0, "CHOL": [4.161044474140653e-09, -2.0552809021525003e-05, 0.009927832585328126]}, "VAL-35-PROA": {"PC": [2.427178700394044e-09, -1.277437534825523e-05, 0.010685155353326328], "PE": 0, "PG": 0, "PI": 0, "PS": 0, "PA": 0, "CL": 0, "SM": 0, "CHOL": [1.304023147533855e-08, -2.3591532977925745e-05, 0.008249717459372417]}, "GLY-36-PROA": {"PC": [1.5487058933269356e-05, -0.003696106326213017, 0.14113397698022961], "PE": 0, "PG": 0, "PI": 0, "PS": 0, "PA": 0, "CL": 0, "SM": 0, "CHOL": [9.990283981388136e-08, -0.00012597515641933507, 0.03137453022046973]}, "GLY-37-PROA": {"PC": [2.4846787753290328e-08, -5.8006759815130064e-05, 0.020840510115407336], "PE": 0, "PG": 0, "PI": 0, "PS": 0, "PA": 0, "CL": 0, "SM": 0, "CHOL": [0.00021341718436761434, -0.014092545459167336, 0.20687536329981238]}, "VAL-38-PROA": {"PC": [3.6015537965889474e-07, -0.0003372634353505329, 0.05404949220022091], "PE": 0, "PG": 0, "PI": 0, "PS": 0, "PA": 0, "CL": 0, "SM": 0, "CHOL": [0.11669086142443769, -1.9851594281964333, 9.877031749354611]}, "VAL-39-PROA": {"PC": [-8.795768771744944e-10, -3.4205945262827347e-06, 0.010255578457026364], "PE": 0, "PG": 0, "PI": 0, "PS": 0, "PA": 0, "CL": 0, "SM": 0, "CHOL": 0}, "ILE-40-PROA": {"PC": 0, "PE": 0, "PG": 0, "PI": 0, "PS": 0,