{"ASP-0-PROA": {"PC": 0, "PE": 0, "PG": 0, "PI": 0, "PS": 0, "PA": 0, "CL": 0, "SM": 0, "CHOL": 0}, "ALA-1-PROA": {"PC": [2.836873138468192e-07, -0.00044785331851246576, 0.035032466990395014], "PE": 0, "PG": 0, "PI": 0, "PS": 0, "PA": 0, "CL": 0, "SM": 0, "CHOL": [2.237646419449842e-06, -0.0010207444077160333, 0.06047248053850748]}, "GLU-2-PROA": {"PC": [2.7102778636439895e-07, -0.0002639833024833554, 0.0421037144698712], "PE": 0, "PG": 0, "PI": 0, "PS": 0, "PA": 0, "CL": 0, "SM": 0, "CHOL": [4.955839985848375e-08, -0.0001489415069520939, 0.036047286757263666]}, "PHE-3-PROA": {"PC": [9.85238941433993e-08, -0.00013600951143261306, 0.03519250039980447], "PE": 0, "PG": 0, "PI": 0, "PS": 0, "PA": 0, "CL": 0, "SM": 0, "CHOL": [2.032973212101975e-05, -0.0034772026139456677, 0.11239197709555636]}, "ARG-4-PROA": {"PC": [1.0489516160230211e-08, -3.618089650508308e-05, 0.015353487620899789], "PE": 0, "PG": 0, "PI": 0, "PS": 0, "PA": 0, "CL": 0, "SM": 0, "CHOL": [-3.7281337592056184e-08, 4.346518993943684e-05, 0.0016762762542216994]}, "ASP-6-PROA": {"PC": [8.849818057218871e-08, -0.00014593660008116037, 0.02923204865699896], "PE": 0, "PG": 0, "PI": 0, "PS": 0, "PA": 0, "CL": 0, "SM": 0, "CHOL": 0}, "SER-7-PROA": {"PC": [1.2637106651871402e-06, -0.0008657335221688197, 0.06690763109913174], "PE": 0, "PG": 0, "PI": 0, "PS": 0, "PA": 0, "CL": 0, "SM": 0, "CHOL": 0}, "GLY-8-PROA": {"PC": [4.100874137091219e-07, -0.00031586776438354334, 0.04137264405656535], "PE": 0, "PG": 0, "PI": 0, "PS": 0, "PA": 0, "CL": 0, "SM": 0, "CHOL": 0}, "TYR-9-PROA": {"PC": [2.3972118550503397e-08, -5.801397517525594e-05, 0.01943025975103269], "PE": 0, "PG": 0, "PI": 0, "PS": 0, "PA": 0, "CL": 0, "SM": 0, "CHOL": 0}, "GLU-10-PROA": {"PC": [3.978162032238692e-07, -0.0004762196413257937, 0.049334503767134795], "PE": 0, "PG": 0, "PI": 0, "PS": 0, "PA": 0, "CL": 0, "SM": 0, "CHOL": 0}, "VAL-11-PROA": {"PC": [3.130050635611339e-07, -0.0004248915950901646, 0.041999673083490216], "PE": 0, "PG": 0, "PI": 0, "PS": 0, "PA": 0, "CL": 0, "SM": 0, "CHOL": [-0.0002825406540955811, -0.006350382352918328, 0.6718790505632265]}, "HSD-12-PROA": {"PC": [3.739883781868077e-09, -2.0957491811489723e-05, 0.010119968867935192], "PE": 0, "PG": 0, "PI": 0, "PS": 0, "PA": 0, "CL": 0, "SM": 0, "CHOL": [4.2306787923671884e-07, -0.0003129248508188638, 0.04598456047773819]}, "HSD-13-PROA": {"PC": [4.2459830155543886e-08, -7.910662819887258e-05, 0.021357609984799877], "PE": 0, "PG": 0, "PI": 0, "PS": 0, "PA": 0, "CL": 0, "SM": 0, "CHOL": [-2.3947865829558244e-07, -1.4731355794433127e-05, 0.028767792490577412]}, "GLN-14-PROA": {"PC": [5.333710440735633e-09, -2.737856377312613e-05, 0.011694965368913826], "PE": 0, "PG": 0, "PI": 0, "PS": 0, "PA": 0, "CL": 0, "SM": 0, "CHOL": 0}, "LYS-15-PROA": {"PC": [6.761205936028837e-08, -0.00011068233971471057, 0.02734012548212856], "PE": 0, "PG": 0, "PI": 0, "PS": 0, "PA": 0, "CL": 0, "SM": 0, "CHOL": [1.5733176036202556e-06, -0.0003429853812754227, 0.07156713536611034]}, "LEU-16-PROA": {"PC": [2.100598835566584e-09, -1.369557518351437e-05, 0.00785722026114438], "PE": 0, "PG": 0, "PI": 0, "PS": 0, "PA": 0, "CL": 0, "SM": 0, "CHOL": 0}, "VAL-17-PROA": {"PC": [1.9860441527976005e-09, -1.1679293711810376e-05, 0.006250436839773934], "PE": 0, "PG": 0, "PI": 0, "PS": 0, "PA": 0, "CL": 0, "SM": 0, "CHOL": [1.5905623172183386e-07, -0.00019224024530296025, 0.03692769033010678]}, "PHE-18-PROA": {"PC": [3.5545396738468435e-09, -2.3976932381352805e-05, 0.009333853687674996], "PE": 0, "PG": 0, "PI": 0, "PS": 0, "PA": 0, "CL": 0, "SM": 0, "CHOL": [3.786063871213325e-08, -7.295964867769342e-05, 0.01849260693336227]}, "PHE-19-PROA": {"PC": [1.9251865751434863e-08, -5.6009488060088606e-05, 0.014598816271052098], "PE": 0, "PG": 0, "PI": 0, "PS": 0, "PA": 0, "CL": 0, "SM": 0, "CHOL": [7.016032904609826e-08, -8.650391217256576e-05, 0.02477668415070738]}, "ALA-20-PROA": {"PC": [1.4351163573636663e-08, -4.0035490327176545e-05, 0.017617024393778442], "PE": 0, "PG": 0, "PI": 0, "PS": 0, "PA": 0, "CL": 0, "SM": 0, "CHOL": [2.55195186922843e-08, -6.814176647784077e-05, 0.015646135874993874]}, "GLU-21-PROA": {"PC": [5.8866634089039736e-08, -0.00010742491036125378, 0.02008113848235266], "PE": 0, "PG": 0, "PI": 0, "PS": 0, "PA": 0, "CL": 0, "SM": 0, "CHOL": [6.219497966563703e-07, -0.0004909829525687199, 0.058203311509158584]}, "ASP-22-PROA": {"PC": [1.4486325686167052e-06, -0.0007395313761518203, 0.053385427699116916], "PE": 0, "PG": 0, "PI": 0, "PS": 0, "PA": 0, "CL": 0, "SM": 0, "CHOL": [9.388384023575718e-07, -0.0008572711320186643, 0.06197717686996264]}, "VAL-23-PROA": {"PC": [9.728865168438802e-08, -0.00016856083280441272, 0.03394617597542582], "PE": 0, "PG": 0, "PI": 0, "PS": 0, "PA": 0, "CL": 0, "SM": 0, "CHOL": [4.183635422911908e-06, -0.0016188525448364937, 0.11234295896519597]}, "GLY-24-PROA": {"PC": [3.4360807945419506e-07, -0.00031502563024793693, 0.03337672191238611], "PE": 0, "PG": 0, "PI": 0, "PS": 0, "PA": 0, "CL": 0, "SM": 0, "CHOL": [1.5360308938945696e-06, -0.0007991381812680401, 0.07969622894431126]}, "SER-25-PROA": {"PC": [2.886725812719756e-06, -0.0012752388004669114, 0.08119301405441894], "PE": 0, "PG": 0, "PI": 0, "PS": 0, "PA": 0, "CL": 0, "SM": 0, "CHOL": [0.013835875199931187, -0.24973212101523962, 0.957775188145942]}, "ASN-26-PROA": {"PC": [6.160902619786065e-06, -0.002098960501088449, 0.10532227912918571], "PE": 0, "PG": 0, "PI": 0, "PS": 0, "PA": 0, "CL": 0, "SM": 0, "CHOL": [0.001922994797971758, -0.07744315240720832, 0.5533377082521639]}, "LYS-27-PROA": {"PC": [5.99472556654006e-05, -0.009157569887695829, 0.20158995211325953], "PE": 0, "PG": 0, "PI": 0, "PS": 0, "PA": 0, "CL": 0, "SM": 0, "CHOL": [1.036477799682031, 4.156275976724942, 16.66666666666702]}, "GLY-28-PROA": {"PC": [2.702091877363359e-07, -0.00029072923940029244, 0.037667532110921956], "PE": 0, "PG": 0, "PI": 0, "PS": 0, "PA": 0, "CL": 0, "SM": 0, "CHOL": [4.865866024185311e-06, -0.0001188503259078537, 0.0681343329336801]}, "ALA-29-PROA": {"PC": [4.258008874714572e-06, -0.0014436135466884825, 0.0817905060984125], "PE": 0, "PG": 0, "PI": 0, "PS": 0, "PA": 0, "CL": 0, "SM": 0, "CHOL": [-0.06512313896917324, 0.3566322490506898, 2.8742239445528024]}, "ILE-30-PROA": {"PC": [5.485812579308404e-08, -9.07815305054698e-05, 0.02210280928040554], "PE": 0, "PG": 0, "PI": 0, "PS": 0, "PA": 0, "CL": 0, "SM": 0, "CHOL": [1.6213296516312604e-05, -0.001089864669902104, 0.014306342447140664]}, "ILE-31-PROA": {"PC": [1.0198001624856377e-08, -3.064798254512428e-05, 0.014906146976726355], "PE": 0, "PG": 0, "PI": 0, "PS": 0, "PA": 0, "CL": 0, "SM": 0, "CHOL": [4.359800994619125e-08, -7.002547438834537e-05, 0.02056586543060734]}, "GLY-32-PROA": {"PC": [4.15856722128725e-09, -1.9825486783229693e-05, 0.010680024933612163], "PE": 0, "PG": 0, "PI": 0, "PS": 0, "PA": 0, "CL": 0, "SM": 0, "CHOL": [-1.2708710060811433e-06, -0.00014320097920498138, 0.04856097648304852]}, "LEU-33-PROA": {"PC": [3.151342889435974e-08, -7.384506355240633e-05, 0.022833447461205934], "PE": 0, "PG": 0, "PI": 0, "PS": 0, "PA": 0, "CL": 0, "SM": 0, "CHOL": [-1.3113092255974234e-07, 0.00015471255763317547, -0.004174355551477566]}, "MET-34-PROA": {"PC": [6.558723215554231e-08, -0.00011170087486324743, 0.028492490468435935], "PE": 0, "PG": 0, "PI": 0, "PS": 0, "PA": 0, "CL": 0, "SM": 0, "CHOL": [9.397227662223336e-06, -0.0026880486288794795, 0.10106843811733475]}, "VAL-35-PROA": {"PC": [1.093041439471183e-08, -3.203305556431469e-05, 0.014667142825250001], "PE": 0, "PG": 0, "PI": 0, "PS": 0, "PA": 0, "CL": 0, "SM": 0, "CHOL": [1.2071166969342524e-06, -0.0006281730747369406, 0.05847924568852797]}, "GLY-36-PROA": {"PC": [1.0122283692066754e-09, -6.578863769416399e-06, 0.007897115844209001], "PE": 0, "PG": 0, "PI": 0, "PS": 0, "PA": 0, "CL": 0, "SM": 0, "CHOL": [-0.046475193314877455, 0.9006801446065914, -2.7293195098316403]}, "GLY-37-PROA": {"PC": [4.37468502886248e-08, -6.249740711178959e-05, 0.015209194914235918], "PE": 0, "PG": 0, "PI": 0, "PS": 0, "PA": 0, "CL": 0, "SM": 0,