{"ARG-4-PROA": {"PC": [5.965478232801147e-09, -2.2422335420304677e-05, 0.011186525772732313], "PE": 0, "PG": 0, "PI": 0, "PS": 0, "PA": 0, "CL": 0, "SM": 0, "CHOL": [3.105779815552098e-08, -6.18500104427115e-05, 0.01972436158504131]}, "SER-7-PROA": {"PC": [3.7059181785886005e-08, -8.723230534480078e-05, 0.023394847778404573], "PE": 0, "PG": 0, "PI": 0, "PS": 0, "PA": 0, "CL": 0, "SM": 0, "CHOL": [0.16936356428955307, 0.8573847652677294, 3.8163302992788215]}, "GLY-8-PROA": {"PC": [2.85091975458144e-08, -6.998155518524898e-05, 0.019089310858636417], "PE": 0, "PG": 0, "PI": 0, "PS": 0, "PA": 0, "CL": 0, "SM": 0, "CHOL": [8.882240838757449e-05, -0.012499618353908231, 0.24952456630584172]}, "TYR-9-PROA": {"PC": [7.404525882213107e-08, -0.00014295643515361618, 0.0282046214030924], "PE": 0, "PG": 0, "PI": 0, "PS": 0, "PA": 0, "CL": 0, "SM": 0, "CHOL": [1.8621529789096914e-05, -0.010549275386793934, 0.5228030935427378]}, "GLU-10-PROA": {"PC": [1.8842805520552984e-08, -4.607475945369448e-05, 0.017029261094956234], "PE": 0, "PG": 0, "PI": 0, "PS": 0, "PA": 0, "CL": 0, "SM": 0, "CHOL": [5.048878115300442e-06, -0.0016541662747080299, 0.09031552142471964]}, "VAL-11-PROA": {"PC": [4.889589321164473e-06, -0.0019769281352486345, 0.08953266471162002], "PE": 0, "PG": 0, "PI": 0, "PS": 0, "PA": 0, "CL": 0, "SM": 0, "CHOL": [1.5804006932408439e-06, -0.0006989377637959702, 0.047004187436879716]}, "HSD-12-PROA": {"PC": [2.38083725014674e-08, -5.2468609644286564e-05, 0.017434940712141658], "PE": 0, "PG": 0, "PI": 0, "PS": 0, "PA": 0, "CL": 0, "SM": 0, "CHOL": [2.0900944873719952e-05, -0.005611560390972296, 0.2506483334642615]}, "HSD-13-PROA": {"PC": [2.4237328036735205e-05, -0.004763117089573292, 0.1574711789451973], "PE": 0, "PG": 0, "PI": 0, "PS": 0, "PA": 0, "CL": 0, "SM": 0, "CHOL": [3.3805884376860676e-08, -5.568737334939282e-05, 0.014542236089666257]}, "GLN-14-PROA": {"PC": [1.5678514488826925e-06, -0.0008979091678553908, 0.07727850388961369], "PE": 0, "PG": 0, "PI": 0, "PS": 0, "PA": 0, "CL": 0, "SM": 0, "CHOL": [1.1674787327428802e-07, -0.0001019019767794116, 0.017575977516629173]}, "LYS-15-PROA": {"PC": [6.191582895584761e-07, -0.00047033787999933065, 0.04772190299742395], "PE": 0, "PG": 0, "PI": 0, "PS": 0, "PA": 0, "CL": 0, "SM": 0, "CHOL": [1.2632128784958991e-08, -3.151664012183869e-05, 0.013129094587014618]}, "LEU-16-PROA": {"PC": [1.1245754074543104e-06, -0.0006304984880708352, 0.052352588170607256], "PE": 0, "PG": 0, "PI": 0, "PS": 0, "PA": 0, "CL": 0, "SM": 0, "CHOL": [3.0103827636616276e-07, -0.0003332827833988923, 0.04070204783572828]}, "VAL-17-PROA": {"PC": [8.034716685542618e-07, -0.0004927683399768199, 0.04512448551160728], "PE": 0, "PG": 0, "PI": 0, "PS": 0, "PA": 0, "CL": 0, "SM": 0, "CHOL": [3.457457941644963e-08, -5.006397270910933e-05, 0.019155139905060032]}, "PHE-18-PROA": {"PC": [6.259566779768912e-08, -9.641891693265337e-05, 0.0257717803392065], "PE": 0, "PG": 0, "PI": 0, "PS": 0, "PA": 0, "CL": 0, "SM": 0, "CHOL": [1.5939853923394582e-07, -0.00019644036318449562, 0.03787192616767438]}, "PHE-19-PROA": {"PC": [1.720095632813553e-07, -0.0002014581826309807, 0.03261433987897487], "PE": 0, "PG": 0, "PI": 0, "PS": 0, "PA": 0, "CL": 0, "SM": 0, "CHOL": [6.134120936417931e-07, -0.0002992589675993357, 0.040398164311798886]}, "ALA-20-PROA": {"PC": [1.3197601342734986e-08, -3.775770505561038e-05, 0.011771722173076461], "PE": 0, "PG": 0, "PI": 0, "PS": 0, "PA": 0, "CL": 0, "SM": 0, "CHOL": [-3.652002688574039e-07, 2.884737957125355e-05, 0.03764260484007343]}, "GLU-21-PROA": {"PC": [5.674578779232625e-07, -0.00036933164706419853, 0.040939084581622716], "PE": 0, "PG": 0, "PI": 0, "PS": 0, "PA": 0, "CL": 0, "SM": 0, "CHOL": [3.837793130174764e-06, -0.0015176003923957288, 0.11748266933139734]}, "ASP-22-PROA": {"PC": [3.4178533666744237e-06, -0.0009022552185640026, 0.05839869105565469], "PE": 0, "PG": 0, "PI": 0, "PS": 0, "PA": 0, "CL": 0, "SM": 0, "CHOL": [4.758681978220595e-06, -0.0019239114489340771, 0.0974274233434021]}, "VAL-23-PROA": {"PC": [8.66144855441763e-06, -0.0022671252470240584, 0.10342162181573643], "PE": 0, "PG": 0, "PI": 0, "PS": 0, "PA": 0, "CL": 0, "SM": 0, "CHOL": [0.09518522582068485, -2.107625542437486, 9.70663183072384]}, "GLY-28-PROA": {"PC": [8.088750768766999e-06, -0.002647136318283046, 0.0992981037997899], "PE": 0, "PG": 0, "PI": 0, "PS": 0, "PA": 0, "CL": 0, "SM": 0, "CHOL": 0}, "ALA-29-PROA": {"PC": [4.025124165278382e-07, -0.00029424995475438233, 0.035236751267050656], "PE": 0, "PG": 0, "PI": 0, "PS": 0, "PA": 0, "CL": 0, "SM": 0, "CHOL": 0}, "ILE-30-PROA": {"PC": [5.875361819222138e-06, -0.0018380668742893032, 0.1105471863204699], "PE": 0, "PG": 0, "PI": 0, "PS": 0, "PA": 0, "CL": 0, "SM": 0, "CHOL": [0.0450896996801213, 0.3114907696023698, -1.8315236153626948]}, "ILE-31-PROA": {"PC": [2.6187552518975458e-08, -6.192128149644984e-05, 0.019913891382374715], "PE": 0, "PG": 0, "PI": 0, "PS": 0, "PA": 0, "CL": 0, "SM": 0, "CHOL": [0.05146985542611184, -1.3459806960761107, 7.334088152131424]}, "GLY-32-PROA": {"PC": [6.406582379623705e-08, -0.00010447138614374744, 0.02355370792122465], "PE": 0, "PG": 0, "PI": 0, "PS": 0, "PA": 0, "CL": 0, "SM": 0, "CHOL": [3.959699511118691e-07, -0.00034289597734386845, 0.0465783815669201]}, "LEU-33-PROA": {"PC": [1.4828686137537756e-07, -0.0002483953800302682, 0.02985172324390745], "PE": 0, "PG": 0, "PI": 0, "PS": 0, "PA": 0, "CL": 0, "SM": 0, "CHOL": [7.804192863638157e-05, -0.012080740802500507, 0.28666146229942413]}, "MET-34-PROA": {"PC": [3.0421015756135873e-07, -0.0002486975729863943, 0.027012072614900847], "PE": 0, "PG": 0, "PI": 0, "PS": 0, "PA": 0, "CL": 0, "SM": 0, "CHOL": [9.723071426530066e-07, -0.0005690726427179971, 0.04676742961115737]}, "VAL-35-PROA": {"PC": [5.5906718305162084e-08, -0.00011570097788233321, 0.018681549957830463], "PE": 0, "PG": 0, "PI": 0, "PS": 0, "PA": 0, "CL": 0, "SM": 0, "CHOL": [3.195881097063771e-06, -0.0012295554057917366, 0.09868603097618776]}, "GLY-36-PROA": {"PC": [5.0535755865967497e-08, -0.00011795094421107381, 0.02355267584896103], "PE": 0, "PG": 0, "PI": 0, "PS": 0, "PA": 0, "CL": 0, "SM": 0, "CHOL": [7.318731251719022e-09, -2.6475538994499864e-05, 0.014603047461784511]}, "GLY-37-PROA": {"PC": [8.095302631355246e-07, -0.0005586776509390003, 0.057996615012998055], "PE": 0, "PG": 0, "PI": 0, "PS": 0, "PA": 0, "CL": 0, "SM": 0, "CHOL": [1.4904164228043558e-09, -6.877621825586008e-06, 0.005336230687752538]}, "VAL-38-PROA": {"PC": [5.332657896065253e-07, -0.00045415407233282085, 0.051436832275625365], "PE": 0, "PG": 0, "PI": 0, "PS": 0, "PA": 0, "CL": 0, "SM": 0, "CHOL": [2.7920109546494586e-08, -3.9695031667269364e-05, 0.010539759323608707]}, "VAL-39-PROA": {"PC": [2.8838839762589473e-08, -6.785374822225217e-05, 0.02254789238633343], "PE": 0, "PG": 0, "PI": 0, "PS": 0, "PA": 0, "CL": 0, "SM": 0, "CHOL": [7.025030386484792e-07, -0.0005175821311626635, 0.046084795223662746]}, "ILE-40-PROA": {"PC": [5.126679699054471e-07, -0.0005887826373436855, 0.03733586179337301], "PE": 0, "PG": 0, "PI": 0, "PS": 0, "PA": 0, "CL": 0, "SM": 0, "CHOL": [2.0126837415183492e-05, -0.0043637888221838145, 0.18967360664693422]}, "TYR-51-PROB": {"PC": 0, "PE": 0, "PG": 0, "PI": 0, "PS": 0, "PA": 0, "CL": 0, "SM": 0, "CHOL": 0}, "HSD-55-PROB": {"PC": 0, "PE": 0, "PG": 0, "PI": 0, "PS": 0, "PA": 0, "CL": 0, "SM": 0, "CHOL": 0}, "GLN-56-PROB": {"PC": 0, "PE": 0, "PG": 0, "PI": 0, "PS": 0, "PA": 0, "CL": 0, "SM": 0, "CHOL": 0}, "ALA-71-PROB": {"PC": 0, "PE": 0, "PG": 0, "PI": 0, "PS": 0, "PA": 0, "CL": 0, "SM": 0, "CHOL": 0}, "ILE-72-PROB": {"PC": 0, "PE": 0, "PG": 0, "PI": 0, "PS": 0, "PA": 0, "CL": 0, "SM": 0, "CHOL": 0}, "ILE-73-PROB": {"PC": 0, "PE": 0, "PG": 0, "PI": 0, "PS": 0, "PA": 0, "CL": 0, "SM": 0, "CHOL": 0}, "GLY-74-PROB": {"PC": 0, "PE": 0, "PG": 0, "PI": 0, "PS": 0, "PA": 0, "CL": 0, "SM": 0, "CHOL": 0}, "LEU-75-PROB": {"PC": 0, "PE": 0, "PG": 0, "PI": 0, "PS": 0, "PA": 0, "CL": 0, "SM": 0, "CHOL": 0}, "MET-76-PROB": {"PC": 0, "PE": 0, "PG": 0, "PI": 0, "PS": 0, "PA": 0,