{"ALA-1-PROA": {"PC": [1.711236074211562e-06, -0.0009518721737012626, 0.056408560707468046], "PE": 0, "PG": 0, "PI": 0, "PS": 0, "PA": 0, "CL": 0, "SM": 0, "CHOL": [9.856635178727905e-06, -0.0021436436976203406, 0.10921826830934793]}, "GLU-2-PROA": {"PC": [2.0616755798507032e-08, -5.009237296407264e-05, 0.017320250885248644], "PE": 0, "PG": 0, "PI": 0, "PS": 0, "PA": 0, "CL": 0, "SM": 0, "CHOL": [9.234967385613402e-07, -0.0004810391979338037, 0.05554393378175239]}, "PHE-3-PROA": {"PC": [8.471669853502923e-08, -0.000121505760866303, 0.02487000086059138], "PE": 0, "PG": 0, "PI": 0, "PS": 0, "PA": 0, "CL": 0, "SM": 0, "CHOL": [-0.00030679092427213646, 0.03493777786977419, -0.4042555916974648]}, "ARG-4-PROA": {"PC": [1.256811873333902e-08, -4.1700064034192625e-05, 0.013295042184098877], "PE": 0, "PG": 0, "PI": 0, "PS": 0, "PA": 0, "CL": 0, "SM": 0, "CHOL": [1.192801784808142e-06, -0.000547259527620018, 0.05451575227696176]}, "HSD-5-PROA": {"PC": [9.441901939686365e-09, -3.228122418856711e-05, 0.015078990558902874], "PE": 0, "PG": 0, "PI": 0, "PS": 0, "PA": 0, "CL": 0, "SM": 0, "CHOL": [-5.294687705112899e-07, 0.000413877499159563, 0.0018972295604092494]}, "TYR-9-PROA": {"PC": [1.5491769915046925e-06, -0.0009166961363952649, 0.06976562417343182], "PE": 0, "PG": 0, "PI": 0, "PS": 0, "PA": 0, "CL": 0, "SM": 0, "CHOL": [0.0015509562801592272, -0.10017889972842098, 1.0710238710854354]}, "GLU-10-PROA": {"PC": [1.2375682670291076e-07, -0.00020444967761892565, 0.02891154954214321], "PE": 0, "PG": 0, "PI": 0, "PS": 0, "PA": 0, "CL": 0, "SM": 0, "CHOL": [-2.7872759643383275e-05, 0.004348509525739181, 0.07196391953831138]}, "VAL-11-PROA": {"PC": [2.7203772257926294e-06, -0.0015897737611380136, 0.08603110057928542], "PE": 0, "PG": 0, "PI": 0, "PS": 0, "PA": 0, "CL": 0, "SM": 0, "CHOL": [0.3391663156295373, 2.377555872563055, 16.66666666666702]}, "HSD-12-PROA": {"PC": [1.7041972094199696e-07, -0.00021131610705089508, 0.03731326788500736], "PE": 0, "PG": 0, "PI": 0, "PS": 0, "PA": 0, "CL": 0, "SM": 0, "CHOL": 0}, "HSD-13-PROA": {"PC": [2.1855686311863204e-08, -5.8392855408359305e-05, 0.01999472003277227], "PE": 0, "PG": 0, "PI": 0, "PS": 0, "PA": 0, "CL": 0, "SM": 0, "CHOL": 0}, "GLN-14-PROA": {"PC": [3.760816122399144e-07, -0.0003321750592093933, 0.03717654575583758], "PE": 0, "PG": 0, "PI": 0, "PS": 0, "PA": 0, "CL": 0, "SM": 0, "CHOL": [-0.00012495779594029103, 0.014911359599503035, -0.04640722098420285]}, "LYS-15-PROA": {"PC": [1.0240061175673011e-08, -3.2984934638049194e-05, 0.013618439013246875], "PE": 0, "PG": 0, "PI": 0, "PS": 0, "PA": 0, "CL": 0, "SM": 0, "CHOL": [1.6443430478523225e-06, -0.0008549015886934907, 0.0750427018255367]}, "LEU-16-PROA": {"PC": [3.3041383464081786e-08, -6.927074933062795e-05, 0.022178561823859865], "PE": 0, "PG": 0, "PI": 0, "PS": 0, "PA": 0, "CL": 0, "SM": 0, "CHOL": [1.770820650786428e-07, -0.00020784840648143072, 0.0370726914605757]}, "VAL-17-PROA": {"PC": [1.9768544416624382e-08, -6.618228605324156e-05, 0.014917576232554573], "PE": 0, "PG": 0, "PI": 0, "PS": 0, "PA": 0, "CL": 0, "SM": 0, "CHOL": [7.371500491591537e-08, -0.00011364667618307961, 0.021871984934180945]}, "PHE-18-PROA": {"PC": [6.587910242267388e-08, -0.00013352112572876193, 0.024508055274209517], "PE": 0, "PG": 0, "PI": 0, "PS": 0, "PA": 0, "CL": 0, "SM": 0, "CHOL": [1.7345039853124772e-08, -4.778150669744024e-05, 0.018732018610866145]}, "PHE-19-PROA": {"PC": [2.281588592320289e-08, -6.456400169011985e-05, 0.017862978733059365], "PE": 0, "PG": 0, "PI": 0, "PS": 0, "PA": 0, "CL": 0, "SM": 0, "CHOL": [1.3326889988833213e-08, -3.768152540415118e-05, 0.01382473125993641]}, "ALA-20-PROA": {"PC": [2.9488684760892623e-07, -0.00035615665226618437, 0.04330378095089724], "PE": 0, "PG": 0, "PI": 0, "PS": 0, "PA": 0, "CL": 0, "SM": 0, "CHOL": [3.6221147526274386e-09, -1.661376167482748e-05, 0.011794951569771618]}, "GLU-21-PROA": {"PC": [1.4627555477373244e-07, -0.00018741149004833474, 0.0283734508246353], "PE": 0, "PG": 0, "PI": 0, "PS": 0, "PA": 0, "CL": 0, "SM": 0, "CHOL": [3.0534263912805603e-07, -0.0002940681755984047, 0.0422398357522354]}, "ASP-22-PROA": {"PC": [4.0506984455618357e-07, -0.0004776339976699495, 0.04930919104029824], "PE": 0, "PG": 0, "PI": 0, "PS": 0, "PA": 0, "CL": 0, "SM": 0, "CHOL": [5.017847638975067e-07, -0.0005361592991533511, 0.05198964760061824]}, "VAL-23-PROA": {"PC": [2.4970951783538447e-07, -0.0003215710802508507, 0.0368558179704296], "PE": 0, "PG": 0, "PI": 0, "PS": 0, "PA": 0, "CL": 0, "SM": 0, "CHOL": [5.370768063558777e-06, -0.0018920397691043465, 0.12162767857792951]}, "GLY-24-PROA": {"PC": [7.568409146878368e-09, -2.6002132410078778e-05, 0.013620956666541473], "PE": 0, "PG": 0, "PI": 0, "PS": 0, "PA": 0, "CL": 0, "SM": 0, "CHOL": [5.2142489752460896e-08, -0.00012624860825171392, 0.021332504399920665]}, "LYS-27-PROA": {"PC": [0.0001924244019878782, -0.013733723572700899, 0.2948220633431324], "PE": 0, "PG": 0, "PI": 0, "PS": 0, "PA": 0, "CL": 0, "SM": 0, "CHOL": 0}, "GLY-28-PROA": {"PC": [1.7740845747322395e-05, -0.003994472343152995, 0.1434439729881002], "PE": 0, "PG": 0, "PI": 0, "PS": 0, "PA": 0, "CL": 0, "SM": 0, "CHOL": [3.1887755102041577, -66.96428571428744, 357.0778061224591]}, "ALA-29-PROA": {"PC": [0.0004282654096618136, -0.04020090449129738, 0.8572268732956224], "PE": 0, "PG": 0, "PI": 0, "PS": 0, "PA": 0, "CL": 0, "SM": 0, "CHOL": [0.00022499762916648633, -0.034517266515249244, 1.1157445771091052]}, "ILE-30-PROA": {"PC": [0.00046395482623616367, -0.03242608900074815, 0.45577829526245484], "PE": 0, "PG": 0, "PI": 0, "PS": 0, "PA": 0, "CL": 0, "SM": 0, "CHOL": [0.18428964726585567, -3.0147740305429713, 14.9989837414184]}, "ILE-31-PROA": {"PC": [4.781976960212991e-07, -0.0002959198613718562, 0.029198451407855115], "PE": 0, "PG": 0, "PI": 0, "PS": 0, "PA": 0, "CL": 0, "SM": 0, "CHOL": [3.823645450247564e-09, -1.5567376495386688e-05, 0.010438391763710425]}, "GLY-32-PROA": {"PC": [2.150994843660578e-08, -5.445471675437131e-05, 0.024362277874797816], "PE": 0, "PG": 0, "PI": 0, "PS": 0, "PA": 0, "CL": 0, "SM": 0, "CHOL": [1.5786482320268013e-08, -2.854582956466636e-05, 0.006382069594973057]}, "LEU-33-PROA": {"PC": [8.091943225003438e-08, -0.00011718883459068675, 0.023267729563467968], "PE": 0, "PG": 0, "PI": 0, "PS": 0, "PA": 0, "CL": 0, "SM": 0, "CHOL": [1.3393270987776439e-06, -0.0007119878719536837, 0.055657136888392286]}, "MET-34-PROA": {"PC": [1.7473660406024048e-07, -0.00020876915577423477, 0.03808199839250784], "PE": 0, "PG": 0, "PI": 0, "PS": 0, "PA": 0, "CL": 0, "SM": 0, "CHOL": [9.89814674922154e-08, -0.00012914572909365093, 0.026715752934355744]}, "VAL-35-PROA": {"PC": [1.589457216757732e-08, -4.8432151634926234e-05, 0.013974792960062342], "PE": 0, "PG": 0, "PI": 0, "PS": 0, "PA": 0, "CL": 0, "SM": 0, "CHOL": [2.067587861404762e-06, -0.0008403488134759954, 0.061757815956226]}, "GLY-36-PROA": {"PC": [5.162051775453189e-09, -2.3028850333061655e-05, 0.009337503290909765], "PE": 0, "PG": 0, "PI": 0, "PS": 0, "PA": 0, "CL": 0, "SM": 0, "CHOL": [0.0003818490859311264, -0.03888519759456057, 0.689442297013079]}, "GLY-37-PROA": {"PC": [1.4557891171130555e-08, -3.1891861563076026e-05, 0.01406432419637537], "PE": 0, "PG": 0, "PI": 0, "PS": 0, "PA": 0, "CL": 0, "SM": 0, "CHOL": 0}, "VAL-38-PROA": {"PC": [1.755880849648235e-08, -3.453974581590893e-05, 0.011713460761037861], "PE": 0, "PG": 0, "PI": 0, "PS": 0, "PA": 0, "CL": 0, "SM": 0, "CHOL": 0}, "ILE-72-PROB": {"PC": 0, "PE": 0, "PG": 0, "PI": 0, "PS": 0, "PA": 0, "CL": 0, "SM": 0, "CHOL": 0}, "ILE-73-PROB": {"PC": 0, "PE": 0, "PG": 0, "PI": 0, "PS": 0, "PA": 0, "CL": 0, "SM": 0, "CHOL": 0}, "GLY-74-PROB": {"PC": 0, "PE": 0, "PG": 0, "PI": 0, "PS": 0, "PA": 0, "CL": 0, "SM": 0, "CHOL": 0}, "LEU-75-PROB": {"PC": 0, "PE": 0, "PG": 0, "PI": 0, "PS": 0, "PA": 0, "CL": 0, "SM": 0, "CHOL": 0}, "MET-76-PROB": {"PC": 0, "PE": 0, "PG": 0, "PI": 0, "PS": 0, "PA": 0, "CL": 0, "SM": 0, "CHOL": 0}, "VAL-77-PROB": {"PC": 0, "PE": 0, "PG": 0, "PI": 0, "PS": 0, "PA": 0, "CL": 0, "SM": 0, "CHOL": 0},