{"TYR-9-PROA": {"PC": [1.1154487821973073e-07, -0.0001515031509774476, 0.023873453658865985], "PE": 0, "PG": 0, "PI": 0, "PS": 0, "PA": 0, "CL": 0, "SM": 0, "CHOL": [-1.9430128489296694e-06, 0.00045124054692121643, 0.037919591604015875]}, "GLU-10-PROA": {"PC": [1.5081177459118034e-08, -4.272562270270644e-05, 0.01606251399684451], "PE": 0, "PG": 0, "PI": 0, "PS": 0, "PA": 0, "CL": 0, "SM": 0, "CHOL": [2.44179506665034e-07, -0.00024378918385502268, 0.03156662503485824]}, "VAL-11-PROA": {"PC": [4.039672578257521e-06, -0.0021686622683083417, 0.11158019286087166], "PE": 0, "PG": 0, "PI": 0, "PS": 0, "PA": 0, "CL": 0, "SM": 0, "CHOL": [0.6640079787198865, 3.3266799733866295, 16.66666666666702]}, "HSD-12-PROA": {"PC": [3.477640948227285e-09, -1.7212965013433367e-05, 0.011286954395462618], "PE": 0, "PG": 0, "PI": 0, "PS": 0, "PA": 0, "CL": 0, "SM": 0, "CHOL": [1.9457432335634127e-08, -4.570957082539173e-05, 0.011787481447680697]}, "HSD-13-PROA": {"PC": [3.305875278149673e-07, -0.00031532822755340003, 0.03956989471222965], "PE": 0, "PG": 0, "PI": 0, "PS": 0, "PA": 0, "CL": 0, "SM": 0, "CHOL": 0}, "GLN-14-PROA": {"PC": [2.880327150781266e-07, -0.0002366986082044701, 0.030421620537000364], "PE": 0, "PG": 0, "PI": 0, "PS": 0, "PA": 0, "CL": 0, "SM": 0, "CHOL": [-7.328261442526104e-07, 0.0001926609686376137, 0.020123830172199042]}, "LYS-15-PROA": {"PC": [4.315204799400149e-08, -9.500340073825693e-05, 0.02066246021904472], "PE": 0, "PG": 0, "PI": 0, "PS": 0, "PA": 0, "CL": 0, "SM": 0, "CHOL": [-0.034721056353148726, 0.6108644298386241, -0.7395733961415737]}, "LEU-16-PROA": {"PC": [6.300799359949351e-09, -3.2174419975347346e-05, 0.011610068773585405], "PE": 0, "PG": 0, "PI": 0, "PS": 0, "PA": 0, "CL": 0, "SM": 0, "CHOL": [6.361139520261386e-07, -0.0005542175863805105, 0.058975284078684305]}, "VAL-17-PROA": {"PC": [4.274002427719361e-08, -8.264112558833347e-05, 0.020365836265794073], "PE": 0, "PG": 0, "PI": 0, "PS": 0, "PA": 0, "CL": 0, "SM": 0, "CHOL": [3.3282401071230943e-06, -0.0017391313578170543, 0.09890172506634874]}, "PHE-18-PROA": {"PC": [2.76524614600743e-07, -0.0002679454038416896, 0.033931058659815085], "PE": 0, "PG": 0, "PI": 0, "PS": 0, "PA": 0, "CL": 0, "SM": 0, "CHOL": [4.6240877477024075e-08, -8.53790969364937e-05, 0.029576099674574]}, "PHE-19-PROA": {"PC": [6.576443361317008e-09, -2.4708678453948757e-05, 0.011639342182703913], "PE": 0, "PG": 0, "PI": 0, "PS": 0, "PA": 0, "CL": 0, "SM": 0, "CHOL": [1.7629324920512883e-08, -4.340295797395774e-05, 0.016125164111358826]}, "ALA-20-PROA": {"PC": [-2.6497506742744502e-08, 1.8128657554972796e-05, 0.012980041526969925], "PE": 0, "PG": 0, "PI": 0, "PS": 0, "PA": 0, "CL": 0, "SM": 0, "CHOL": [1.3962024204619186e-08, -3.610198048604816e-05, 0.014223206090864388]}, "GLU-21-PROA": {"PC": [4.868950685348064e-07, -0.00032592912231887674, 0.04361433336306585], "PE": 0, "PG": 0, "PI": 0, "PS": 0, "PA": 0, "CL": 0, "SM": 0, "CHOL": [1.8783842025701279e-06, -0.000977594908212856, 0.08518144042555148]}, "ASP-22-PROA": {"PC": [-1.840671198532188e-06, 0.00015275259623421795, 0.04637478923014149], "PE": 0, "PG": 0, "PI": 0, "PS": 0, "PA": 0, "CL": 0, "SM": 0, "CHOL": [1.8747957914915482e-07, -0.00022870908003997506, 0.03551065371563334]}, "VAL-23-PROA": {"PC": [9.915464103839564e-07, -0.0005223658601174636, 0.04825890355255314], "PE": 0, "PG": 0, "PI": 0, "PS": 0, "PA": 0, "CL": 0, "SM": 0, "CHOL": [4.875132486105317e-06, -0.002021867004660426, 0.10313377752372198]}, "GLY-24-PROA": {"PC": [5.661493930136943e-09, -2.5571161560481064e-05, 0.012334959115193478], "PE": 0, "PG": 0, "PI": 0, "PS": 0, "PA": 0, "CL": 0, "SM": 0, "CHOL": [0.22528116759490313, -3.7240468852866404, 15.283737753902834]}, "ASN-26-PROA": {"PC": [2.4852804435452814e-07, -0.0002703473898145149, 0.042596197801360154], "PE": 0, "PG": 0, "PI": 0, "PS": 0, "PA": 0, "CL": 0, "SM": 0, "CHOL": 0}, "LYS-27-PROA": {"PC": [6.713831930640702e-06, -0.0023394618056002503, 0.0859679044287247], "PE": 0, "PG": 0, "PI": 0, "PS": 0, "PA": 0, "CL": 0, "SM": 0, "CHOL": 0}, "GLY-28-PROA": {"PC": [3.441722909748084e-05, -0.007549622822417744, 0.2228302128002082], "PE": 0, "PG": 0, "PI": 0, "PS": 0, "PA": 0, "CL": 0, "SM": 0, "CHOL": [0.39955831872739245, -4.869915037852615, 14.550919545002625]}, "ALA-29-PROA": {"PC": [1.4387464734327804e-05, -0.0037347381028544455, 0.16560446188255748], "PE": 0, "PG": 0, "PI": 0, "PS": 0, "PA": 0, "CL": 0, "SM": 0, "CHOL": 0}, "ILE-30-PROA": {"PC": [0.0001834343569326599, -0.015966464878326116, 0.270313791678758], "PE": 0, "PG": 0, "PI": 0, "PS": 0, "PA": 0, "CL": 0, "SM": 0, "CHOL": 0}, "ILE-31-PROA": {"PC": [3.207391151248694e-09, -1.3611889585202157e-05, 0.01008481827295007], "PE": 0, "PG": 0, "PI": 0, "PS": 0, "PA": 0, "CL": 0, "SM": 0, "CHOL": [5.705669044363396e-09, -1.7558333628437028e-05, 0.01135003274811526]}, "GLY-32-PROA": {"PC": [3.7383423101325514e-09, -1.7196269860237078e-05, 0.011240251959871456], "PE": 0, "PG": 0, "PI": 0, "PS": 0, "PA": 0, "CL": 0, "SM": 0, "CHOL": 0}, "LEU-33-PROA": {"PC": [6.264723329266364e-08, -0.00010312610315817437, 0.026097568297933544], "PE": 0, "PG": 0, "PI": 0, "PS": 0, "PA": 0, "CL": 0, "SM": 0, "CHOL": 0}, "MET-34-PROA": {"PC": [3.906396912698774e-08, -7.02821774798807e-05, 0.017862438841467543], "PE": 0, "PG": 0, "PI": 0, "PS": 0, "PA": 0, "CL": 0, "SM": 0, "CHOL": [0.00047006554221645655, -0.0441707561476324, 0.8743703588719831]}, "VAL-35-PROA": {"PC": [2.7825251759207286e-09, -1.5218738402855605e-05, 0.010382825210369592], "PE": 0, "PG": 0, "PI": 0, "PS": 0, "PA": 0, "CL": 0, "SM": 0, "CHOL": [1.314897627600017e-06, -0.0005525573784185332, 0.04467385378143972]}, "GLY-36-PROA": {"PC": [1.7569610773224233e-08, -3.399415511129844e-05, 0.01131448997276869], "PE": 0, "PG": 0, "PI": 0, "PS": 0, "PA": 0, "CL": 0, "SM": 0, "CHOL": [1.036477799682031, 4.156275976724942, 16.66666666666702]}, "GLY-37-PROA": {"PC": [2.59091422235655e-09, -1.186705710860476e-05, 0.007017141838233056], "PE": 0, "PG": 0, "PI": 0, "PS": 0, "PA": 0, "CL": 0, "SM": 0, "CHOL": [5.999439613056559e-05, -0.006796226790684402, 0.21264875850024564]}, "VAL-38-PROA": {"PC": [5.343465679324485e-09, -2.047042728192202e-05, 0.011383516669082301], "PE": 0, "PG": 0, "PI": 0, "PS": 0, "PA": 0, "CL": 0, "SM": 0, "CHOL": 0}, "VAL-39-PROA": {"PC": [4.534483168457842e-09, -1.8132317997467848e-05, 0.014796856426404631], "PE": 0, "PG": 0, "PI": 0, "PS": 0, "PA": 0, "CL": 0, "SM": 0, "CHOL": [7.025169649570564e-06, -0.0015290783891434927, 0.069100986114624]}, "ILE-40-PROA": {"PC": [2.857847286771299e-07, -0.0002614879055720945, 0.034397353507416566], "PE": 0, "PG": 0, "PI": 0, "PS": 0, "PA": 0, "CL": 0, "SM": 0, "CHOL": 0}, "ALA-71-PROB": {"PC": 0, "PE": 0, "PG": 0, "PI": 0, "PS": 0, "PA": 0, "CL": 0, "SM": 0, "CHOL": 0}, "ILE-72-PROB": {"PC": 0, "PE": 0, "PG": 0, "PI": 0, "PS": 0, "PA": 0, "CL": 0, "SM": 0, "CHOL": 0}, "ILE-73-PROB": {"PC": 0, "PE": 0, "PG": 0, "PI": 0, "PS": 0, "PA": 0, "CL": 0, "SM": 0, "CHOL": 0}, "GLY-74-PROB": {"PC": 0, "PE": 0, "PG": 0, "PI": 0, "PS": 0, "PA": 0, "CL": 0, "SM": 0, "CHOL": 0}, "LEU-75-PROB": {"PC": 0, "PE": 0, "PG": 0, "PI": 0, "PS": 0, "PA": 0, "CL": 0, "SM": 0, "CHOL": 0}, "MET-76-PROB": {"PC": 0, "PE": 0, "PG": 0, "PI": 0, "PS": 0, "PA": 0, "CL": 0, "SM": 0, "CHOL": 0}, "VAL-77-PROB": {"PC": 0, "PE": 0, "PG": 0, "PI": 0, "PS": 0, "PA": 0, "CL": 0, "SM": 0, "CHOL": 0}, "GLY-78-PROB": {"PC": 0, "PE": 0, "PG": 0, "PI": 0, "PS": 0, "PA": 0, "CL": 0, "SM": 0, "CHOL": 0}, "GLY-79-PROB": {"PC": 0, "PE": 0, "PG": 0, "PI": 0, "PS": 0, "PA": 0, "CL": 0, "SM": 0, "CHOL": 0}, "VAL-80-PROB": {"PC": 0, "PE": 0, "PG": 0, "PI": 0, "PS": 0, "PA": 0, "CL": 0, "SM": 0, "CHOL": 0}, "VAL-81-PROB": {"PC": 0, "PE": 0, "PG": 0, "PI": 0, "PS": 0, "PA": 0, "CL": 0, "SM": 0, "CHOL": 0}, "ILE-82-PROB": {"PC": 0, "PE": 0, "PG": 0, "PI": 0, "PS": 0, "PA": 0, "CL": 0, "SM": 0, "CHOL": 0}, "ALA-83-PROB": {"PC": 0, "PE": 0, "PG": 0, "PI": 0, "PS": 0, "PA": 0, "CL": 0, "SM": 0, "CHOL": 0}, "TYR-93-PROC": {"PC": 0, "PE": 0, "PG": 0,