{"ASP-0-PROA": {"PC": 0, "PE": 0, "PG": 0, "PI": 0, "PS": 0, "PA": 0, "CL": 0, "SM": 0, "CHOL": 0}, "ALA-1-PROA": {"PC": [1.4278291475576046e-06, -0.0008286200810164868, 0.06778719642778118], "PE": 0, "PG": 0, "PI": 0, "PS": 0, "PA": 0, "CL": 0, "SM": 0, "CHOL": [0.002417432949695448, -0.14728188829512023, 1.6943734957177363]}, "GLU-2-PROA": {"PC": [1.5583618372198564e-06, -0.0005499716614236732, 0.036066324411384215], "PE": 0, "PG": 0, "PI": 0, "PS": 0, "PA": 0, "CL": 0, "SM": 0, "CHOL": 0}, "PHE-3-PROA": {"PC": [3.573654942584544e-07, -0.0003309944782461653, 0.044544706511252474], "PE": 0, "PG": 0, "PI": 0, "PS": 0, "PA": 0, "CL": 0, "SM": 0, "CHOL": [4.86652288178688e-07, -0.00030803186147257915, 0.03798553743630203]}, "ARG-4-PROA": {"PC": [8.338325513233521e-09, -2.7868934859187673e-05, 0.011192808484234713], "PE": 0, "PG": 0, "PI": 0, "PS": 0, "PA": 0, "CL": 0, "SM": 0, "CHOL": [2.2804461170429456e-08, -5.686972782536676e-05, 0.017188270066232074]}, "HSD-5-PROA": {"PC": [4.210107313865268e-08, -7.748639063192944e-05, 0.024915267263283462], "PE": 0, "PG": 0, "PI": 0, "PS": 0, "PA": 0, "CL": 0, "SM": 0, "CHOL": [3.3387654599354e-05, -0.007329199060707433, 0.2734398341840126]}, "ASP-6-PROA": {"PC": [8.603466926350547e-07, -0.0005102936517314357, 0.05755119146683949], "PE": 0, "PG": 0, "PI": 0, "PS": 0, "PA": 0, "CL": 0, "SM": 0, "CHOL": [-1.6473396760718448, 1.500952219255614, 264.0304479017559]}, "SER-7-PROA": {"PC": [-4.891357321044343e-05, -2.1245134341578512e-05, 0.20015587138926208], "PE": 0, "PG": 0, "PI": 0, "PS": 0, "PA": 0, "CL": 0, "SM": 0, "CHOL": 0}, "GLY-8-PROA": {"PC": [3.082614577245727e-05, -0.003583583231922891, 0.11238914809114701], "PE": 0, "PG": 0, "PI": 0, "PS": 0, "PA": 0, "CL": 0, "SM": 0, "CHOL": 0}, "TYR-9-PROA": {"PC": 0, "PE": 0, "PG": 0, "PI": 0, "PS": 0, "PA": 0, "CL": 0, "SM": 0, "CHOL": [0.026296777512389468, -0.6331877801349053, 3.961378139851282]}, "GLU-10-PROA": {"PC": [1.0789194959464346e-08, -3.676707635137466e-05, 0.016517110577762093], "PE": 0, "PG": 0, "PI": 0, "PS": 0, "PA": 0, "CL": 0, "SM": 0, "CHOL": [2.808496744968976e-08, -7.020012207465203e-05, 0.02023495130435206]}, "VAL-11-PROA": {"PC": [1.8817310460422408e-06, -0.001380360695737427, 0.06811301195905718], "PE": 0, "PG": 0, "PI": 0, "PS": 0, "PA": 0, "CL": 0, "SM": 0, "CHOL": [2.8755437462950985e-07, -0.0002917341202707554, 0.04418288241529415]}, "HSD-12-PROA": {"PC": [6.9578060326443234e-09, -2.6631236923257204e-05, 0.013261410786802931], "PE": 0, "PG": 0, "PI": 0, "PS": 0, "PA": 0, "CL": 0, "SM": 0, "CHOL": [7.071109350309762e-08, -0.00010010701354883261, 0.0220118499241023]}, "HSD-13-PROA": {"PC": [2.9065757711372924e-08, -6.146098285653937e-05, 0.022560189866360686], "PE": 0, "PG": 0, "PI": 0, "PS": 0, "PA": 0, "CL": 0, "SM": 0, "CHOL": [-0.800376580671311, 10.199052632703015, -25.75086056085031]}, "GLN-14-PROA": {"PC": [7.59961936060947e-09, -3.1422543853499966e-05, 0.011555103842044655], "PE": 0, "PG": 0, "PI": 0, "PS": 0, "PA": 0, "CL": 0, "SM": 0, "CHOL": [5.6758808245685054e-08, -8.39705279883593e-05, 0.023373551874835637]}, "LYS-15-PROA": {"PC": [1.619476344723825e-07, -0.0001995717790317922, 0.033789863925939384], "PE": 0, "PG": 0, "PI": 0, "PS": 0, "PA": 0, "CL": 0, "SM": 0, "CHOL": [-0.0008243724592469586, 0.05561036955784947, -0.04526198298841528]}, "LEU-16-PROA": {"PC": [5.614195288287761e-09, -2.189721662041158e-05, 0.013902999666477454], "PE": 0, "PG": 0, "PI": 0, "PS": 0, "PA": 0, "CL": 0, "SM": 0, "CHOL": [4.20655227574519e-05, -0.007314917795209314, 0.20351899192566214]}, "VAL-17-PROA": {"PC": [7.177267125545724e-08, -9.934225249368038e-05, 0.026953002096631457], "PE": 0, "PG": 0, "PI": 0, "PS": 0, "PA": 0, "CL": 0, "SM": 0, "CHOL": [7.182354703682604e-07, -0.0004562393363688105, 0.03573488054854447]}, "PHE-18-PROA": {"PC": [2.6973026573705778e-09, -1.4726325476288322e-05, 0.010292552202151344], "PE": 0, "PG": 0, "PI": 0, "PS": 0, "PA": 0, "CL": 0, "SM": 0, "CHOL": [9.402455786051994e-05, -0.014299000529909029, 0.3676955140449378]}, "PHE-19-PROA": {"PC": [5.073864612018155e-07, -0.00037877910447772155, 0.037968679399189596], "PE": 0, "PG": 0, "PI": 0, "PS": 0, "PA": 0, "CL": 0, "SM": 0, "CHOL": [-6.706217448658988e-09, -2.3052552939662138e-05, 0.01652959968129336]}, "ALA-20-PROA": {"PC": [2.001481003115346e-06, -0.0009658632259041131, 0.07558556485393678], "PE": 0, "PG": 0, "PI": 0, "PS": 0, "PA": 0, "CL": 0, "SM": 0, "CHOL": [0.020700123284889266, -0.3338836913162481, 1.7404955419382526]}, "GLU-21-PROA": {"PC": [6.297225153436229e-07, -0.000544208508766335, 0.05364026742507783], "PE": 0, "PG": 0, "PI": 0, "PS": 0, "PA": 0, "CL": 0, "SM": 0, "CHOL": [7.125063096451699e-05, -0.009933370502903821, 0.22570432378146935]}, "LYS-27-PROA": {"PC": [-5.719979932641959e-06, 0.0014964820364133694, 0.030970277337729335], "PE": 0, "PG": 0, "PI": 0, "PS": 0, "PA": 0, "CL": 0, "SM": 0, "CHOL": 0}, "ALA-29-PROA": {"PC": [3.460413448704849e-05, -0.00556530140831393, 0.17735942175143066], "PE": 0, "PG": 0, "PI": 0, "PS": 0, "PA": 0, "CL": 0, "SM": 0, "CHOL": [2.796071825956321e-05, -0.005492010373315599, 0.145966939533651]}, "ILE-30-PROA": {"PC": [-2.0074145684338229e-07, 1.761271394257613e-05, 0.035256280882562004], "PE": 0, "PG": 0, "PI": 0, "PS": 0, "PA": 0, "CL": 0, "SM": 0, "CHOL": [2.932317607480227e-07, -0.0002032990943392706, 0.027843816135546852]}, "ILE-31-PROA": {"PC": [2.9862420233995495e-09, -1.4144213201889039e-05, 0.012108677507237674], "PE": 0, "PG": 0, "PI": 0, "PS": 0, "PA": 0, "CL": 0, "SM": 0, "CHOL": 0}, "GLY-32-PROA": {"PC": [4.8161398737927e-07, -0.00036006612818793046, 0.04308988320599341], "PE": 0, "PG": 0, "PI": 0, "PS": 0, "PA": 0, "CL": 0, "SM": 0, "CHOL": [1.205739274592835e-07, -0.00016257243484795326, 0.031424162812782555]}, "LEU-33-PROA": {"PC": [9.712985352888303e-10, -6.894478355537935e-06, 0.008614509074165767], "PE": 0, "PG": 0, "PI": 0, "PS": 0, "PA": 0, "CL": 0, "SM": 0, "CHOL": [4.998787951136776e-05, 0.00506642199515621, 0.14416830325638053]}, "MET-34-PROA": {"PC": [4.568790908997761e-08, -7.362810942905777e-05, 0.018263340665514893], "PE": 0, "PG": 0, "PI": 0, "PS": 0, "PA": 0, "CL": 0, "SM": 0, "CHOL": [-1.1930749893757331e-05, 0.002097655695582281, 0.03427136513261467]}, "VAL-35-PROA": {"PC": [3.031145179434214e-09, -1.9562872375467803e-05, 0.009094330794571606], "PE": 0, "PG": 0, "PI": 0, "PS": 0, "PA": 0, "CL": 0, "SM": 0, "CHOL": [1.5440624486236202e-05, -0.0020322106907039385, 0.06539985039564279]}, "GLY-36-PROA": {"PC": [2.520841088053964e-09, -1.5680111347703673e-05, 0.00880310050903849], "PE": 0, "PG": 0, "PI": 0, "PS": 0, "PA": 0, "CL": 0, "SM": 0, "CHOL": 0}, "GLY-37-PROA": {"PC": [4.3470336337683766e-08, -8.034531178517131e-05, 0.02244728963525583], "PE": 0, "PG": 0, "PI": 0, "PS": 0, "PA": 0, "CL": 0, "SM": 0, "CHOL": 0}, "VAL-38-PROA": {"PC": [2.6169581875996244e-08, -5.003180989612086e-05, 0.016986904925813846], "PE": 0, "PG": 0, "PI": 0, "PS": 0, "PA": 0, "CL": 0, "SM": 0, "CHOL": 0}, "VAL-39-PROA": {"PC": [5.647628602314466e-08, -9.436473480692747e-05, 0.0243705440107413], "PE": 0, "PG": 0, "PI": 0, "PS": 0, "PA": 0, "CL": 0, "SM": 0, "CHOL": [5.730617528603272e-07, -0.000504705153902929, 0.050210228792217065]}, "ILE-40-PROA": {"PC": [4.188317775307878e-06, -0.001473823462596486, 0.10616626920886932], "PE": 0, "PG": 0, "PI": 0, "PS": 0, "PA": 0, "CL": 0, "SM": 0, "CHOL": 0}, "ALA-41-PROA": {"PC": [2.6848263901475264e-07, -0.00029096752736882563, 0.04823927619315203], "PE": 0, "PG": 0, "PI": 0, "PS": 0, "PA": 0, "CL": 0, "SM": 0, "CHOL": [9.022761436757964e-08, -0.00013384272345236126, 0.030081078446948212]}, "SER-67-PROB": {"PC": 0, "PE": 0, "PG": 0, "PI": 0, "PS": 0, "PA": 0, "CL": 0, "SM": 0, "CHOL": 0}, "LYS-69-PROB": {"PC": 0, "PE": 0, "PG": 0, "PI": 0, "PS": 0, "PA": 0, "CL": 0, "SM": 0, "CHOL": 0}, "GLY-70-PROB": {"PC": 0, "PE": 0, "PG": 0, "PI": 0, "PS": 0, "PA": 0, "CL": 0, "SM": 0, "CHOL": 0}, "ALA-71-PROB": {"PC": 0, "PE": 0, "PG": 0, "PI": 0, "PS": 0, "PA": 0, "CL": 0, "SM": 0,