{"HSD-5-PROA": {"PC": [0.00010916780485468887, -0.011259855174936464, 0.22949033491316942], "PE": 0, "PG": 0, "PI": 0, "PS": 0, "PA": 0, "CL": 0, "SM": 0, "CHOL": 0}, "ASP-6-PROA": {"PC": [-5.269249235010975e-06, -0.0008524375751207205, 0.1343084916512324], "PE": 0, "PG": 0, "PI": 0, "PS": 0, "PA": 0, "CL": 0, "SM": 0, "CHOL": [-0.003454423362714081, 0.14142709210319593, -0.608263977548186]}, "SER-7-PROA": {"PC": [8.963861832772957e-06, -0.0020418490150590387, 0.1188583979228223], "PE": 0, "PG": 0, "PI": 0, "PS": 0, "PA": 0, "CL": 0, "SM": 0, "CHOL": 0}, "GLY-8-PROA": {"PC": [-1.575194856161408e-07, 3.638180474073084e-05, 0.020557898661056652], "PE": 0, "PG": 0, "PI": 0, "PS": 0, "PA": 0, "CL": 0, "SM": 0, "CHOL": [0.0006440207005509924, -0.046182386663454006, 0.6486457491829609]}, "TYR-9-PROA": {"PC": [1.1048428458794227e-06, -0.0007111500148065865, 0.05493400911883647], "PE": 0, "PG": 0, "PI": 0, "PS": 0, "PA": 0, "CL": 0, "SM": 0, "CHOL": [7.4985070057582565e-06, -0.0016215880101477023, 0.04699684486162862]}, "GLU-10-PROA": {"PC": [1.7700817718033716e-08, -4.980056198129477e-05, 0.015642031463599576], "PE": 0, "PG": 0, "PI": 0, "PS": 0, "PA": 0, "CL": 0, "SM": 0, "CHOL": [5.341648913468836e-07, -0.0002210752565140173, 0.023311228697043752]}, "VAL-11-PROA": {"PC": [3.5021395465174903e-07, -0.00034094461839477466, 0.045716488134679954], "PE": 0, "PG": 0, "PI": 0, "PS": 0, "PA": 0, "CL": 0, "SM": 0, "CHOL": [0.011721324012656856, -0.2691213718127415, 1.9065568485736855]}, "HSD-12-PROA": {"PC": [5.232741775499093e-08, -8.243670618874148e-05, 0.022045304484240722], "PE": 0, "PG": 0, "PI": 0, "PS": 0, "PA": 0, "CL": 0, "SM": 0, "CHOL": 0}, "HSD-13-PROA": {"PC": [1.0949208214907331e-05, -0.002712522851372402, 0.10683155180200656], "PE": 0, "PG": 0, "PI": 0, "PS": 0, "PA": 0, "CL": 0, "SM": 0, "CHOL": [7.614852788272459e-07, -0.0004735992793606599, 0.0394604251750381]}, "GLN-14-PROA": {"PC": [1.6260070084500775e-08, -4.3152220526839414e-05, 0.014518013763471251], "PE": 0, "PG": 0, "PI": 0, "PS": 0, "PA": 0, "CL": 0, "SM": 0, "CHOL": [-0.0006081631662919459, 0.025643548218279882, 0.06814511928508526]}, "LYS-15-PROA": {"PC": [8.454231548434082e-08, -0.00011386915773135606, 0.02777015091525062], "PE": 0, "PG": 0, "PI": 0, "PS": 0, "PA": 0, "CL": 0, "SM": 0, "CHOL": [4.3434705534591366e-05, -0.007956699868310272, 0.2179668517246844]}, "LEU-16-PROA": {"PC": [5.839364349555051e-08, -9.130941246482975e-05, 0.02688091409732788], "PE": 0, "PG": 0, "PI": 0, "PS": 0, "PA": 0, "CL": 0, "SM": 0, "CHOL": [1.8716777100228436e-08, -5.609005033088266e-05, 0.017887894895842065]}, "VAL-17-PROA": {"PC": [2.8850007321172294e-08, -7.488767047854549e-05, 0.018395363428909833], "PE": 0, "PG": 0, "PI": 0, "PS": 0, "PA": 0, "CL": 0, "SM": 0, "CHOL": [3.1505266499775934e-09, -1.4791620879075903e-05, 0.010501405918137013]}, "PHE-18-PROA": {"PC": [2.1672510929250386e-08, -6.728082236443498e-05, 0.017961212620585486], "PE": 0, "PG": 0, "PI": 0, "PS": 0, "PA": 0, "CL": 0, "SM": 0, "CHOL": [3.534367704365259e-08, -6.879352587881534e-05, 0.018062975828478687]}, "PHE-19-PROA": {"PC": [1.0458450390674147e-07, -0.0001358723362149735, 0.02199791652991334], "PE": 0, "PG": 0, "PI": 0, "PS": 0, "PA": 0, "CL": 0, "SM": 0, "CHOL": [2.2008508781114136e-09, -1.0370255693799081e-05, 0.01022281101872609]}, "ALA-20-PROA": {"PC": [2.6383539333425072e-08, -5.007776499600172e-05, 0.015176380168964564], "PE": 0, "PG": 0, "PI": 0, "PS": 0, "PA": 0, "CL": 0, "SM": 0, "CHOL": [6.807811666451023e-08, -0.00012067086707685856, 0.022648687545541425]}, "GLU-21-PROA": {"PC": [9.933201591638514e-07, -0.0006748501918504533, 0.0575441742262762], "PE": 0, "PG": 0, "PI": 0, "PS": 0, "PA": 0, "CL": 0, "SM": 0, "CHOL": [2.733792852342305e-06, -0.0012606865310363859, 0.0972200631722668]}, "ASP-22-PROA": {"PC": [2.5503654516816433e-06, -0.0011285205478520609, 0.07536605748666307], "PE": 0, "PG": 0, "PI": 0, "PS": 0, "PA": 0, "CL": 0, "SM": 0, "CHOL": [3.670579684302425e-06, -0.0013946287863444169, 0.08813683712022038]}, "VAL-23-PROA": {"PC": [1.0120119081614247e-05, -0.0020488939917620644, 0.08689953866741258], "PE": 0, "PG": 0, "PI": 0, "PS": 0, "PA": 0, "CL": 0, "SM": 0, "CHOL": 0}, "GLY-24-PROA": {"PC": [1.4037254309311953e-08, -2.56283690853606e-05, 0.012258680540842674], "PE": 0, "PG": 0, "PI": 0, "PS": 0, "PA": 0, "CL": 0, "SM": 0, "CHOL": 0}, "LYS-27-PROA": {"PC": [1.044652627590026e-05, -0.00307779794087229, 0.18040229064894356], "PE": 0, "PG": 0, "PI": 0, "PS": 0, "PA": 0, "CL": 0, "SM": 0, "CHOL": 0}, "GLY-28-PROA": {"PC": [6.730812873875466e-06, -0.002990695629944413, 0.12123843733003231], "PE": 0, "PG": 0, "PI": 0, "PS": 0, "PA": 0, "CL": 0, "SM": 0, "CHOL": [-1.6515535129318743e-05, 0.001993806844181201, 0.052036608655106543]}, "ALA-29-PROA": {"PC": [4.414717186045966e-07, -0.00016035153443095352, 0.04144732514834486], "PE": 0, "PG": 0, "PI": 0, "PS": 0, "PA": 0, "CL": 0, "SM": 0, "CHOL": 0}, "ILE-30-PROA": {"PC": [-1.2511125114677395, 14.561226889500691, -33.595248327650474], "PE": 0, "PG": 0, "PI": 0, "PS": 0, "PA": 0, "CL": 0, "SM": 0, "CHOL": 0}, "ILE-31-PROA": {"PC": [-1.878490939192912e-09, -7.386829963260316e-07, 0.00853256034453853], "PE": 0, "PG": 0, "PI": 0, "PS": 0, "PA": 0, "CL": 0, "SM": 0, "CHOL": [2.7359100671730845e-08, -6.046817198448385e-05, 0.020760565820230992]}, "GLY-32-PROA": {"PC": [1.285767092473729e-07, -0.0001569290475546955, 0.030147987566770337], "PE": 0, "PG": 0, "PI": 0, "PS": 0, "PA": 0, "CL": 0, "SM": 0, "CHOL": [-1.4528000185918696e-09, 5.934056087906296e-06, 0.009058748386357566]}, "LEU-33-PROA": {"PC": [2.837572978414328e-08, -5.572045674569258e-05, 0.021483466403271964], "PE": 0, "PG": 0, "PI": 0, "PS": 0, "PA": 0, "CL": 0, "SM": 0, "CHOL": [6.032415169602337e-08, -7.785466218004618e-05, 0.016097397322278648]}, "MET-34-PROA": {"PC": [1.3404371749244877e-07, -0.00016187961838272537, 0.03553738048732598], "PE": 0, "PG": 0, "PI": 0, "PS": 0, "PA": 0, "CL": 0, "SM": 0, "CHOL": [5.742193644168781e-09, -2.1098056145835136e-05, 0.013557870667052005]}, "VAL-35-PROA": {"PC": [1.0200449686734843e-08, -3.697468108194366e-05, 0.013888188606995361], "PE": 0, "PG": 0, "PI": 0, "PS": 0, "PA": 0, "CL": 0, "SM": 0, "CHOL": [1.0327688645660787e-06, -0.0004947190466782688, 0.03624309972146979]}, "GLY-36-PROA": {"PC": [1.0694678033469884e-07, -0.00013822849744124722, 0.024876580807235565], "PE": 0, "PG": 0, "PI": 0, "PS": 0, "PA": 0, "CL": 0, "SM": 0, "CHOL": [3.0985716925838553e-09, -1.5530156292170905e-05, 0.0099618050089516]}, "GLY-37-PROA": {"PC": [-6.620054843574063e-08, 6.259474091810418e-05, 0.008950020150742265], "PE": 0, "PG": 0, "PI": 0, "PS": 0, "PA": 0, "CL": 0, "SM": 0, "CHOL": [1.515220407909322e-09, -3.6249741402511137e-06, 0.0023648125066727875]}, "VAL-38-PROA": {"PC": [-1.069487369090303e-06, 0.00040487760314347775, 0.02241422562148043], "PE": 0, "PG": 0, "PI": 0, "PS": 0, "PA": 0, "CL": 0, "SM": 0, "CHOL": [2.5016125925151354e-07, -0.0003103945820519307, 0.03803453947881061]}, "VAL-39-PROA": {"PC": [1.503046257947052e-08, -4.414802950296674e-05, 0.01177291772927723], "PE": 0, "PG": 0, "PI": 0, "PS": 0, "PA": 0, "CL": 0, "SM": 0, "CHOL": [-3.3033214014702546e-05, 0.003372739709296606, 0.05077045630570165]}, "ILE-40-PROA": {"PC": [1.2624976922472933e-06, -0.0005004241848303768, 0.061704847694610904], "PE": 0, "PG": 0, "PI": 0, "PS": 0, "PA": 0, "CL": 0, "SM": 0, "CHOL": [-5.1358722662513666e-06, -0.00011829221618366222, 0.07432182468340931]}, "ALA-41-PROA": {"PC": [2.620002907825264e-07, -0.0002654124749930389, 0.03736054254724671], "PE": 0, "PG": 0, "PI": 0, "PS": 0, "PA": 0, "CL": 0, "SM": 0, "CHOL": [1.2933429470061337e-07, -0.00016364362422469309, 0.03930214088251832]}, "HSD-55-PROB": {"PC": 0, "PE": 0, "PG": 0, "PI": 0, "PS": 0, "PA": 0, "CL": 0, "SM": 0, "CHOL": 0}, "GLN-56-PROB": {"PC": 0, "PE": 0, "PG": 0, "PI": 0, "PS": 0, "PA": 0, "CL": 0, "SM": 0, "CHOL": 0}, "LYS-57-PROB": {"PC": 0, "PE": 0, "PG": 0, "PI": 0, "PS": 0, "PA": 0, "CL": 0, "SM": 0, "CHOL": 0},