{"GLU-2-PROA": {"PC": [9.307308332446073e-08, -0.0001361850235590524, 0.022769957355508588], "PE": 0, "PG": 0, "PI": 0, "PS": 0, "PA": 0, "CL": 0, "SM": 0, "CHOL": [3.413287981406272e-07, -0.00030382094434882624, 0.042868898306655565]}, "PHE-3-PROA": {"PC": [4.1829836345688213e-07, -0.00038076552303355226, 0.04210033549824574], "PE": 0, "PG": 0, "PI": 0, "PS": 0, "PA": 0, "CL": 0, "SM": 0, "CHOL": [-1.3754809933277795e-06, 0.00025292539509754364, 0.03921456401783207]}, "ARG-4-PROA": {"PC": [9.209322457754545e-09, -3.224267452826848e-05, 0.012928993481718805], "PE": 0, "PG": 0, "PI": 0, "PS": 0, "PA": 0, "CL": 0, "SM": 0, "CHOL": [3.127469433592396e-08, -7.008739946190894e-05, 0.017833734560570972]}, "ASP-6-PROA": {"PC": [5.057783148771844e-06, -0.0012127501025138768, 0.06206042958644712], "PE": 0, "PG": 0, "PI": 0, "PS": 0, "PA": 0, "CL": 0, "SM": 0, "CHOL": 0}, "TYR-9-PROA": {"PC": [3.3206975074526657e-07, -0.0003245102421185929, 0.042514029406524795], "PE": 0, "PG": 0, "PI": 0, "PS": 0, "PA": 0, "CL": 0, "SM": 0, "CHOL": [0.46142360255555837, 2.7731558513589047, 16.66666666666702]}, "GLU-10-PROA": {"PC": [2.1284436730710527e-06, -0.0011086111808908557, 0.08604893910492474], "PE": 0, "PG": 0, "PI": 0, "PS": 0, "PA": 0, "CL": 0, "SM": 0, "CHOL": 0}, "VAL-11-PROA": {"PC": [1.2955444903528983e-05, -0.00394521654604097, 0.12464529325144799], "PE": 0, "PG": 0, "PI": 0, "PS": 0, "PA": 0, "CL": 0, "SM": 0, "CHOL": [5.711179421413959e-06, -0.001738263797126536, 0.08261608435752368]}, "HSD-12-PROA": {"PC": [1.0297741373511754e-08, -2.7669326015848092e-05, 0.012051751754850955], "PE": 0, "PG": 0, "PI": 0, "PS": 0, "PA": 0, "CL": 0, "SM": 0, "CHOL": [5.672448150911755e-09, -1.6048289167168878e-05, 0.007115906024864676]}, "HSD-13-PROA": {"PC": [5.995933620211714e-09, -2.1519618962166987e-05, 0.014436569760735141], "PE": 0, "PG": 0, "PI": 0, "PS": 0, "PA": 0, "CL": 0, "SM": 0, "CHOL": [0.02050575390290595, -0.6007563455824924, 4.3121438697044825]}, "GLN-14-PROA": {"PC": [8.897005773220114e-09, -3.2614175825232395e-05, 0.012451176791018417], "PE": 0, "PG": 0, "PI": 0, "PS": 0, "PA": 0, "CL": 0, "SM": 0, "CHOL": [3.685590908345644e-07, -0.00033341108418870384, 0.040937733249558406]}, "LYS-15-PROA": {"PC": [1.0179998167564354e-09, -7.164819525602343e-06, 0.008120104023445924], "PE": 0, "PG": 0, "PI": 0, "PS": 0, "PA": 0, "CL": 0, "SM": 0, "CHOL": [6.356150427389141e-08, -0.00010578303933382981, 0.024013269836675268]}, "LEU-16-PROA": {"PC": [1.8957025522927585e-09, -1.0163288489423017e-05, 0.00819275592610003], "PE": 0, "PG": 0, "PI": 0, "PS": 0, "PA": 0, "CL": 0, "SM": 0, "CHOL": [4.439037136159123e-06, -0.0015897620800757162, 0.12098071052606695]}, "VAL-17-PROA": {"PC": [1.3269052368270407e-09, -8.758616771343664e-06, 0.00785451147560919], "PE": 0, "PG": 0, "PI": 0, "PS": 0, "PA": 0, "CL": 0, "SM": 0, "CHOL": [2.491253357673754e-07, -0.00022581445358323186, 0.0278192227958656]}, "PHE-18-PROA": {"PC": [5.330552301920622e-09, -2.171987355809346e-05, 0.012097286289692855], "PE": 0, "PG": 0, "PI": 0, "PS": 0, "PA": 0, "CL": 0, "SM": 0, "CHOL": [4.6880070401572324e-09, -1.4291219912179645e-05, 0.009088022162226114]}, "PHE-19-PROA": {"PC": [1.1810982534272197e-08, -4.191049516806495e-05, 0.012925129366051913], "PE": 0, "PG": 0, "PI": 0, "PS": 0, "PA": 0, "CL": 0, "SM": 0, "CHOL": [1.1593986120063822e-07, -0.00016502474705075746, 0.027594374769108535]}, "ALA-20-PROA": {"PC": [1.1175505483731771e-07, -0.0001512446524593866, 0.0353930827168287], "PE": 0, "PG": 0, "PI": 0, "PS": 0, "PA": 0, "CL": 0, "SM": 0, "CHOL": [9.691456563859111e-09, -3.023633686706636e-05, 0.012452384300584495]}, "GLU-21-PROA": {"PC": [6.777989185446533e-08, -0.00014083079441813419, 0.02104796478618853], "PE": 0, "PG": 0, "PI": 0, "PS": 0, "PA": 0, "CL": 0, "SM": 0, "CHOL": [5.117497194005889e-07, -0.0005321282324493091, 0.05212885099428183]}, "ASP-22-PROA": {"PC": [4.590724554494173e-07, -0.0004523957667596376, 0.03531705887888149], "PE": 0, "PG": 0, "PI": 0, "PS": 0, "PA": 0, "CL": 0, "SM": 0, "CHOL": [5.473955053722956e-07, -0.00044612509828532835, 0.038869896382058164]}, "VAL-23-PROA": {"PC": [3.426471924773975e-08, -8.131391195793439e-05, 0.02201863574543364], "PE": 0, "PG": 0, "PI": 0, "PS": 0, "PA": 0, "CL": 0, "SM": 0, "CHOL": [-0.1352139718514605, 1.4873536903660645, 20.942242226135395]}, "ASN-26-PROA": {"PC": [5.611865056698167e-07, -0.0005366906705086757, 0.0492082074518949], "PE": 0, "PG": 0, "PI": 0, "PS": 0, "PA": 0, "CL": 0, "SM": 0, "CHOL": [0.020255257655115263, -0.42281930547677704, 2.454506011822511]}, "LYS-27-PROA": {"PC": [-0.0005575362012950385, 0.035405674923728495, -0.0391439377055477], "PE": 0, "PG": 0, "PI": 0, "PS": 0, "PA": 0, "CL": 0, "SM": 0, "CHOL": 0}, "GLY-28-PROA": {"PC": [3.7052881812460864e-05, -0.006298464901220202, 0.18233796931138366], "PE": 0, "PG": 0, "PI": 0, "PS": 0, "PA": 0, "CL": 0, "SM": 0, "CHOL": 0}, "ALA-29-PROA": {"PC": [3.26020767645884e-05, -0.006066672304892703, 0.22928054013223204], "PE": 0, "PG": 0, "PI": 0, "PS": 0, "PA": 0, "CL": 0, "SM": 0, "CHOL": 0}, "ILE-30-PROA": {"PC": [3.7327810400631954e-08, -7.41727555269192e-05, 0.01896377794030076], "PE": 0, "PG": 0, "PI": 0, "PS": 0, "PA": 0, "CL": 0, "SM": 0, "CHOL": 0}, "ILE-31-PROA": {"PC": [2.3355665750653305e-09, -1.5821641880750818e-05, 0.0089377659285687], "PE": 0, "PG": 0, "PI": 0, "PS": 0, "PA": 0, "CL": 0, "SM": 0, "CHOL": [2.0345236695065784e-08, -4.545488836750362e-05, 0.016753944265732484]}, "GLY-32-PROA": {"PC": [1.2330370612303841e-08, -4.0558303426676045e-05, 0.013768247238846197], "PE": 0, "PG": 0, "PI": 0, "PS": 0, "PA": 0, "CL": 0, "SM": 0, "CHOL": [0.00011058285824030876, -0.01694992905661131, 0.4069370111629504]}, "LEU-33-PROA": {"PC": [1.7154998857033167e-07, -0.0001854471045954929, 0.02759893844047247], "PE": 0, "PG": 0, "PI": 0, "PS": 0, "PA": 0, "CL": 0, "SM": 0, "CHOL": [3.7606120152223827e-06, -0.0016532961930431772, 0.07543695998294765]}, "MET-34-PROA": {"PC": [2.1829829232532814e-07, -0.00021087977322744615, 0.030626101325709882], "PE": 0, "PG": 0, "PI": 0, "PS": 0, "PA": 0, "CL": 0, "SM": 0, "CHOL": [7.058943385007438e-08, -7.999716119692106e-05, 0.020782421973184414]}, "VAL-35-PROA": {"PC": [1.1285311208153244e-08, -3.4116835833003575e-05, 0.016488929560166628], "PE": 0, "PG": 0, "PI": 0, "PS": 0, "PA": 0, "CL": 0, "SM": 0, "CHOL": [1.585747124251609e-07, -0.0002273386658326761, 0.031185501515637558]}, "GLY-36-PROA": {"PC": [2.808244806777677e-09, -1.682604642627398e-05, 0.009229569159999947], "PE": 0, "PG": 0, "PI": 0, "PS": 0, "PA": 0, "CL": 0, "SM": 0, "CHOL": [1.9760470712261155e-08, -5.6969784139033195e-05, 0.019373531688310908]}, "GLY-37-PROA": {"PC": [1.5806314093428114e-09, -8.110147897754226e-06, 0.0064817490875587296], "PE": 0, "PG": 0, "PI": 0, "PS": 0, "PA": 0, "CL": 0, "SM": 0, "CHOL": [9.781875976953145e-08, -0.00012348404113958237, 0.027471140415174993]}, "VAL-38-PROA": {"PC": [1.6973362480423027e-07, -0.00013752154794989925, 0.020946619310436496], "PE": 0, "PG": 0, "PI": 0, "PS": 0, "PA": 0, "CL": 0, "SM": 0, "CHOL": [0.0003038587672398361, -0.02776928689091529, 0.4977985778033795]}, "VAL-39-PROA": {"PC": [5.254220916689197e-07, -0.00045776243676984085, 0.050428558945308954], "PE": 0, "PG": 0, "PI": 0, "PS": 0, "PA": 0, "CL": 0, "SM": 0, "CHOL": [5.462521996335726e-09, -2.1006937092027455e-05, 0.015615203273704465]}, "ILE-40-PROA": {"PC": [-0.3647164548393516, 7.659045551626395, -25.262997035584853], "PE": 0, "PG": 0, "PI": 0, "PS": 0, "PA": 0, "CL": 0, "SM": 0, "CHOL": 0}, "VAL-59-PROB": {"PC": 0, "PE": 0, "PG": 0, "PI": 0, "PS": 0, "PA": 0, "CL": 0, "SM": 0, "CHOL": 0}, "PHE-60-PROB": {"PC": 0, "PE": 0, "PG": 0, "PI": 0, "PS": 0, "PA": 0, "CL": 0, "SM": 0, "CHOL": 0}, "GLU-63-PROB": {"PC": 0, "PE": 0, "PG": 0, "PI": 0, "PS": 0, "PA": 0, "CL": 0, "SM": 0, "CHOL": 0}, "ASP-64-PROB": {"PC": 0, "PE": 0, "PG": 0, "PI": 0, "PS": 0, "PA": 0, "CL": 0, "SM": 0, "CHOL": 0}, "GLY-66-PROB": {"PC": 0, "PE": 0, "PG": 0, "PI": 0, "PS": 0, "PA": 0, "CL": 0,