{"PHE-3-PROA": {"PC": [7.929101711136523e-08, -0.00014305163577078912, 0.021118518126819655], "PE": 0, "PG": 0, "PI": 0, "PS": 0, "PA": 0, "CL": 0, "SM": 0, "CHOL": 0, "OTHER": 0}, "ARG-4-PROA": {"PC": [4.596093554178936e-09, -1.9344916090681303e-05, 0.011368630021574587], "PE": 0, "PG": 0, "PI": 0, "PS": 0, "PA": 0, "CL": 0, "SM": 0, "CHOL": 0, "OTHER": [1.1755052962254668e-06, -0.0005323524286257946, 0.0450015974863757]}, "SER-7-PROA": {"PC": [1.1474944987866458e-06, -0.0006127765740575388, 0.05222920987620823], "PE": 0, "PG": 0, "PI": 0, "PS": 0, "PA": 0, "CL": 0, "SM": 0, "CHOL": 0, "OTHER": 0}, "GLY-8-PROA": {"PC": [3.692144498004552e-07, -0.0003435167199969281, 0.044067510065024615], "PE": 0, "PG": 0, "PI": 0, "PS": 0, "PA": 0, "CL": 0, "SM": 0, "CHOL": 0, "OTHER": [1.3131227472583163e-08, -2.8011262614269713e-05, 0.011194536724804437]}, "TYR-9-PROA": {"PC": [4.6232059530725153e-07, -0.0004157346551453911, 0.04835610530729591], "PE": 0, "PG": 0, "PI": 0, "PS": 0, "PA": 0, "CL": 0, "SM": 0, "CHOL": 0, "OTHER": [8.05125713979637e-09, -2.5587477414470364e-05, 0.011093276242556993]}, "GLU-10-PROA": {"PC": [2.6292648624839607e-09, -1.752606369785782e-05, 0.008837383352381715], "PE": 0, "PG": 0, "PI": 0, "PS": 0, "PA": 0, "CL": 0, "SM": 0, "CHOL": 0, "OTHER": [1.0215660268746926e-07, -0.00015063831877183394, 0.03268515179895243]}, "VAL-11-PROA": {"PC": [4.684592304866507e-07, -0.0003377410238271332, 0.03435739569392951], "PE": 0, "PG": 0, "PI": 0, "PS": 0, "PA": 0, "CL": 0, "SM": 0, "CHOL": 0, "OTHER": [-0.006049469821658748, 0.12171192972364382, 0.9765262896568034]}, "HSD-12-PROA": {"PC": [1.0987061813271404e-08, -3.285047961672751e-05, 0.012605293925565463], "PE": 0, "PG": 0, "PI": 0, "PS": 0, "PA": 0, "CL": 0, "SM": 0, "CHOL": 0, "OTHER": [2.7930480489885882e-06, -0.0013371023937016413, 0.07959421826510793]}, "HSD-13-PROA": {"PC": [1.3721139423423074e-09, -1.0646480439865303e-05, 0.0068420368058807945], "PE": 0, "PG": 0, "PI": 0, "PS": 0, "PA": 0, "CL": 0, "SM": 0, "CHOL": 0, "OTHER": [1.036477799682031, 4.156275976724942, 16.66666666666702]}, "GLN-14-PROA": {"PC": [4.517249110825144e-08, -8.273105377155107e-05, 0.021428567054746432], "PE": 0, "PG": 0, "PI": 0, "PS": 0, "PA": 0, "CL": 0, "SM": 0, "CHOL": 0, "OTHER": [7.649818915395019e-07, -0.00048567305930549237, 0.04432346799402879]}, "LYS-15-PROA": {"PC": [7.268963715887336e-09, -2.669062132247621e-05, 0.012053555740338624], "PE": 0, "PG": 0, "PI": 0, "PS": 0, "PA": 0, "CL": 0, "SM": 0, "CHOL": 0, "OTHER": [8.467732876945492e-06, -0.0017196161281478922, 0.07570999749325291]}, "LEU-16-PROA": {"PC": [7.70958945901112e-08, -0.00013494795894617158, 0.02875812667358012], "PE": 0, "PG": 0, "PI": 0, "PS": 0, "PA": 0, "CL": 0, "SM": 0, "CHOL": 0, "OTHER": [1.9244748199012704e-08, -4.7570638037871716e-05, 0.01872957320916987]}, "VAL-17-PROA": {"PC": [1.555757360738589e-08, -5.455935807772049e-05, 0.012041416340968647], "PE": 0, "PG": 0, "PI": 0, "PS": 0, "PA": 0, "CL": 0, "SM": 0, "CHOL": 0, "OTHER": [1.5394306585857432e-05, -0.003998265461146407, 0.16244934895792204]}, "PHE-18-PROA": {"PC": [6.542847315790366e-08, -0.00012227601839650417, 0.025531431044162507], "PE": 0, "PG": 0, "PI": 0, "PS": 0, "PA": 0, "CL": 0, "SM": 0, "CHOL": 0, "OTHER": [2.325426426537899e-09, -1.7283080390499418e-06, 0.001293462982942326]}, "PHE-19-PROA": {"PC": [1.2603910807358762e-08, -3.784379197083052e-05, 0.014782571898663223], "PE": 0, "PG": 0, "PI": 0, "PS": 0, "PA": 0, "CL": 0, "SM": 0, "CHOL": 0, "OTHER": [-0.012833004527320693, 0.30722275137260496, -0.7181467868832694]}, "ALA-20-PROA": {"PC": [2.0644153331594574e-08, -6.670215423617047e-05, 0.01762892573894164], "PE": 0, "PG": 0, "PI": 0, "PS": 0, "PA": 0, "CL": 0, "SM": 0, "CHOL": 0, "OTHER": [6.108957137489807e-07, -0.00032924293510971963, 0.06272904447775232]}, "GLU-21-PROA": {"PC": [1.2831096194534564e-06, -0.0007888203723784936, 0.062036220504581935], "PE": 0, "PG": 0, "PI": 0, "PS": 0, "PA": 0, "CL": 0, "SM": 0, "CHOL": 0, "OTHER": 0}, "VAL-23-PROA": {"PC": [2.049254297381188e-07, -0.00022342978649767399, 0.029559158575881147], "PE": 0, "PG": 0, "PI": 0, "PS": 0, "PA": 0, "CL": 0, "SM": 0, "CHOL": 0, "OTHER": 0}, "ALA-29-PROA": {"PC": [0.0008785995925710208, -0.07262449590746725, 0.9009685123008934], "PE": 0, "PG": 0, "PI": 0, "PS": 0, "PA": 0, "CL": 0, "SM": 0, "CHOL": 0, "OTHER": [0.001284011882971145, -0.05076751345165552, 0.26647582280781906]}, "ILE-30-PROA": {"PC": [1.0549393679782574e-06, -0.0006686170001073473, 0.05813895742318561], "PE": 0, "PG": 0, "PI": 0, "PS": 0, "PA": 0, "CL": 0, "SM": 0, "CHOL": 0, "OTHER": [-0.0022242550436147577, 0.06945321165500591, 0.18620811312563806]}, "ILE-31-PROA": {"PC": [5.917909266961016e-07, -0.00047412865200409024, 0.051596179125838554], "PE": 0, "PG": 0, "PI": 0, "PS": 0, "PA": 0, "CL": 0, "SM": 0, "CHOL": 0, "OTHER": [7.368820893481392e-10, -5.2876204384863865e-06, 0.007033832467586076]}, "GLY-32-PROA": {"PC": [5.912398191867396e-10, -5.194636287163842e-06, 0.006488511930043964], "PE": 0, "PG": 0, "PI": 0, "PS": 0, "PA": 0, "CL": 0, "SM": 0, "CHOL": 0, "OTHER": [5.2053860570355914e-05, -0.006940732960020462, 0.15375086103031474]}, "LEU-33-PROA": {"PC": [3.592669936316711e-07, -0.0003531277892270458, 0.030157806627793406], "PE": 0, "PG": 0, "PI": 0, "PS": 0, "PA": 0, "CL": 0, "SM": 0, "CHOL": 0, "OTHER": [1.9018832181833483e-09, -7.084463087412884e-06, 0.004107718474398062]}, "MET-34-PROA": {"PC": [1.1064189274923836e-07, -0.00017450116716727872, 0.02568049189562233], "PE": 0, "PG": 0, "PI": 0, "PS": 0, "PA": 0, "CL": 0, "SM": 0, "CHOL": 0, "OTHER": [2.4366828723584152e-08, -4.294758578949848e-05, 0.013336317804372999]}, "VAL-35-PROA": {"PC": [4.228106593115817e-08, -9.257104816632673e-05, 0.021488523299965652], "PE": 0, "PG": 0, "PI": 0, "PS": 0, "PA": 0, "CL": 0, "SM": 0, "CHOL": 0, "OTHER": [8.032657292805646e-09, -2.8161037601312492e-05, 0.01663636018228505]}, "GLY-36-PROA": {"PC": [6.072155738295435e-09, -2.3002598538776638e-05, 0.009822621893433416], "PE": 0, "PG": 0, "PI": 0, "PS": 0, "PA": 0, "CL": 0, "SM": 0, "CHOL": 0, "OTHER": [11.293579931973083, -124.68112244898353, 342.54650297620344]}, "GLY-37-PROA": {"PC": [2.914475505768825e-08, -6.512697010756801e-05, 0.01991989512297871], "PE": 0, "PG": 0, "PI": 0, "PS": 0, "PA": 0, "CL": 0, "SM": 0, "CHOL": 0, "OTHER": [-7.306006397509803e-05, 0.007093519436802419, -0.006882561038721705]}, "VAL-38-PROA": {"PC": [7.778512729657869e-08, -0.00011378338634642454, 0.029407529887330013], "PE": 0, "PG": 0, "PI": 0, "PS": 0, "PA": 0, "CL": 0, "SM": 0, "CHOL": 0, "OTHER": [0.010795965516420036, -0.27975127022201984, 1.7230935673401195]}, "VAL-39-PROA": {"PC": [3.3019227055312405e-08, -5.7590442994093654e-05, 0.016426000941125292], "PE": 0, "PG": 0, "PI": 0, "PS": 0, "PA": 0, "CL": 0, "SM": 0, "CHOL": 0, "OTHER": [-6.547021480835706e-05, 0.010413501786564071, 0.07208181422766634]}, "ILE-40-PROA": {"PC": [2.0748275900949816e-07, -0.0002385009241258433, 0.034788877447977526], "PE": 0, "PG": 0, "PI": 0, "PS": 0, "PA": 0, "CL": 0, "SM": 0, "CHOL": 0, "OTHER": [0.008316059724483987, -0.28544301190370147, 2.236191166082201]}, "GLY-50-PROB": {"PC": 0, "PE": 0, "PG": 0, "PI": 0, "PS": 0, "PA": 0, "CL": 0, "SM": 0, "CHOL": 0, "OTHER": 0}, "TYR-51-PROB": {"PC": 0, "PE": 0, "PG": 0, "PI": 0, "PS": 0, "PA": 0, "CL": 0, "SM": 0, "CHOL": 0, "OTHER": 0}, "GLU-52-PROB": {"PC": 0, "PE": 0, "PG": 0, "PI": 0, "PS": 0, "PA": 0, "CL": 0, "SM": 0, "CHOL": 0, "OTHER": 0}, "VAL-53-PROB": {"PC": 0, "PE": 0, "PG": 0, "PI": 0, "PS": 0, "PA": 0, "CL": 0, "SM": 0, "CHOL": 0, "OTHER": 0}, "HSD-54-PROB": {"PC": 0, "PE": 0, "PG": 0, "PI": 0, "PS": 0, "PA": 0, "CL": 0, "SM": 0, "CHOL": 0, "OTHER": 0}, "ALA-71-PROB": {"PC": 0, "PE": 0, "PG": 0, "PI": 0, "PS": 0, "PA": 0, "CL": 0, "SM": 0, "CHOL": 0, "OTHER": 0}, "ILE-72-PROB": {"PC": 0, "PE": 0, "PG": 0, "PI": 0, "PS": 0, "PA": 0, "CL": 0, "SM": 0, "CHOL": 0, "OTHER": 0}, "ILE-73-PROB": {"PC": 0, "PE": 0, "PG": 0, "PI": 0, "PS": 0, "PA": 0, "CL": 0,