{"TYR-9-PROA": {"PC": [3.488346210326888e-05, -0.005849556341664824, 0.14842428534915098], "PE": 0, "PG": 0, "PI": 0, "PS": 0, "PA": 0, "CL": 0, "SM": 0, "CHOL": [-0.15227450875259063, 0.7993403290966777, 7.348935235720754]}, "GLU-10-PROA": {"PC": [2.3042311517905896e-08, -6.176070516274141e-05, 0.01922220283522475], "PE": 0, "PG": 0, "PI": 0, "PS": 0, "PA": 0, "CL": 0, "SM": 0, "CHOL": [2.233340361887405e-09, -1.0717907848052192e-05, 0.00745636965316545]}, "VAL-11-PROA": {"PC": [1.814154357574338e-05, -0.003770576842370512, 0.14754512462824776], "PE": 0, "PG": 0, "PI": 0, "PS": 0, "PA": 0, "CL": 0, "SM": 0, "CHOL": [-0.0001621257947115884, 0.00827674401337757, 0.016432463240210516]}, "HSD-12-PROA": {"PC": [1.7264937054194868e-05, -0.002783347940974247, 0.09061317709467163], "PE": 0, "PG": 0, "PI": 0, "PS": 0, "PA": 0, "CL": 0, "SM": 0, "CHOL": [8.498300899288207e-09, -2.9230762071325508e-05, 0.012464677331521045]}, "HSD-13-PROA": {"PC": [-5.616533729027079e-06, 0.0009758980876014889, 0.038181991017193155], "PE": 0, "PG": 0, "PI": 0, "PS": 0, "PA": 0, "CL": 0, "SM": 0, "CHOL": [1.8622865265257296e-06, -0.0006737053231904035, 0.05226453420797277]}, "GLN-14-PROA": {"PC": [9.567669352727411e-08, -0.00013913892483491286, 0.033909294009128704], "PE": 0, "PG": 0, "PI": 0, "PS": 0, "PA": 0, "CL": 0, "SM": 0, "CHOL": [5.960564638250326e-09, -2.1955363380076652e-05, 0.014213340457191524]}, "LYS-15-PROA": {"PC": [2.4822675558961034e-07, -0.00019932600599260064, 0.026119783360472437], "PE": 0, "PG": 0, "PI": 0, "PS": 0, "PA": 0, "CL": 0, "SM": 0, "CHOL": [0.0001928054139084978, -0.011324721732785653, 0.15530555062342763]}, "LEU-16-PROA": {"PC": [5.8656595921600156e-08, -9.862404996453083e-05, 0.02359057362121168], "PE": 0, "PG": 0, "PI": 0, "PS": 0, "PA": 0, "CL": 0, "SM": 0, "CHOL": [5.828845774690072e-06, -0.001712832145219353, 0.09035552524410123]}, "VAL-17-PROA": {"PC": [9.232749773658025e-08, -0.00013363804880392487, 0.021190581178784907], "PE": 0, "PG": 0, "PI": 0, "PS": 0, "PA": 0, "CL": 0, "SM": 0, "CHOL": [1.20293392550646e-06, -0.00043027600077264676, 0.0595005086695009]}, "PHE-18-PROA": {"PC": [3.027557486001542e-08, -6.723736780190701e-05, 0.017682872947138835], "PE": 0, "PG": 0, "PI": 0, "PS": 0, "PA": 0, "CL": 0, "SM": 0, "CHOL": [1.5338132490478604e-07, -0.00018896330041307124, 0.043432764324002684]}, "PHE-19-PROA": {"PC": [7.918051434136415e-09, -4.099126597607069e-05, 0.01199349634116326], "PE": 0, "PG": 0, "PI": 0, "PS": 0, "PA": 0, "CL": 0, "SM": 0, "CHOL": [4.4569103354382666e-07, -0.0002941860295815825, 0.04521218241135086]}, "ALA-20-PROA": {"PC": [2.1015869871400007e-09, -1.1157602815637373e-05, 0.009055235309827473], "PE": 0, "PG": 0, "PI": 0, "PS": 0, "PA": 0, "CL": 0, "SM": 0, "CHOL": [-1.3928731686087792e-07, 6.597865646240651e-05, 0.016741820048793203]}, "GLU-21-PROA": {"PC": [1.1170908147437376e-08, -3.424410156973761e-05, 0.020525947164180054], "PE": 0, "PG": 0, "PI": 0, "PS": 0, "PA": 0, "CL": 0, "SM": 0, "CHOL": [0.00022097807167179777, -0.022722899671911063, 0.4867063898220332]}, "ASP-22-PROA": {"PC": [4.868075999051609e-09, -2.1287635412953392e-05, 0.012940491903805997], "PE": 0, "PG": 0, "PI": 0, "PS": 0, "PA": 0, "CL": 0, "SM": 0, "CHOL": [2.9339704867902708e-05, -0.005087235771029454, 0.17674016900410802]}, "VAL-23-PROA": {"PC": [1.4813323799030627e-07, -0.00023323138119974525, 0.02804014371644308], "PE": 0, "PG": 0, "PI": 0, "PS": 0, "PA": 0, "CL": 0, "SM": 0, "CHOL": [4.138562106123402e-05, -0.006852092330510471, 0.286188033070828]}, "GLY-24-PROA": {"PC": [1.313312421707423e-07, -0.00020292109744719452, 0.03142481700690074], "PE": 0, "PG": 0, "PI": 0, "PS": 0, "PA": 0, "CL": 0, "SM": 0, "CHOL": [3.7481962326591445e-08, -6.118754069668452e-05, 0.015324683463302645]}, "LYS-27-PROA": {"PC": [4.531125986815903e-07, -0.0003374025396850841, 0.03269014533229924], "PE": 0, "PG": 0, "PI": 0, "PS": 0, "PA": 0, "CL": 0, "SM": 0, "CHOL": 0}, "GLY-28-PROA": {"PC": [1.224545664569725e-07, -0.00020524482810528155, 0.031079826370607466], "PE": 0, "PG": 0, "PI": 0, "PS": 0, "PA": 0, "CL": 0, "SM": 0, "CHOL": [1.0169986490156579e-07, -0.00013429552445356932, 0.028822611271231886]}, "ALA-29-PROA": {"PC": [3.4267865101019293e-06, -0.0011598362122050394, 0.061286443025485526], "PE": 0, "PG": 0, "PI": 0, "PS": 0, "PA": 0, "CL": 0, "SM": 0, "CHOL": [0.12730460083636588, -2.4424215586792553, 11.077172667455244]}, "ILE-30-PROA": {"PC": [0.0004837861363588697, -0.027527984489013797, 0.3995782226466827], "PE": 0, "PG": 0, "PI": 0, "PS": 0, "PA": 0, "CL": 0, "SM": 0, "CHOL": [10.891364866672811, -120.35657682134841, 330.9335519003355]}, "ILE-31-PROA": {"PC": [-1.3545625816644144e-08, 1.5624696264779154e-05, 0.010136772868772747], "PE": 0, "PG": 0, "PI": 0, "PS": 0, "PA": 0, "CL": 0, "SM": 0, "CHOL": [3.6550498002083553e-09, -1.3161487112818402e-05, 0.009994889347698615]}, "GLY-32-PROA": {"PC": [3.606100573773297e-07, -0.000318834249469726, 0.03708676029972715], "PE": 0, "PG": 0, "PI": 0, "PS": 0, "PA": 0, "CL": 0, "SM": 0, "CHOL": [9.607900925203323e-08, -0.0001223290879339592, 0.026955663486837218]}, "LEU-33-PROA": {"PC": [2.0461574582509264e-08, -4.2122845975552984e-05, 0.021859462071016234], "PE": 0, "PG": 0, "PI": 0, "PS": 0, "PA": 0, "CL": 0, "SM": 0, "CHOL": [-0.00033542664196680686, 0.008750426587134453, 0.2907936553554769]}, "MET-34-PROA": {"PC": [2.751297821378494e-07, -0.00024223985001461812, 0.04114670952415324], "PE": 0, "PG": 0, "PI": 0, "PS": 0, "PA": 0, "CL": 0, "SM": 0, "CHOL": [2.0898409153163568e-05, -0.004606975391182712, 0.1668378712410097]}, "VAL-35-PROA": {"PC": [4.1371262157193224e-09, -1.4695253725979087e-05, 0.01224283496165114], "PE": 0, "PG": 0, "PI": 0, "PS": 0, "PA": 0, "CL": 0, "SM": 0, "CHOL": [2.7819832877830074e-09, -1.3151886508521509e-05, 0.009439897567489437]}, "GLY-36-PROA": {"PC": [3.4447776084870564e-08, -7.407148181107293e-05, 0.023779653099539316], "PE": 0, "PG": 0, "PI": 0, "PS": 0, "PA": 0, "CL": 0, "SM": 0, "CHOL": [1.4046755552209144e-08, -3.9932146491188446e-05, 0.01648317206871599]}, "GLY-37-PROA": {"PC": [3.370691528540274e-05, -0.006447330558458659, 0.16859903420503927], "PE": 0, "PG": 0, "PI": 0, "PS": 0, "PA": 0, "CL": 0, "SM": 0, "CHOL": [1.3820925705783048e-08, -2.239472210345458e-05, 0.007441242845051476]}, "VAL-38-PROA": {"PC": [0.00019081873316966028, -0.009834093606671855, 0.19958787720136403], "PE": 0, "PG": 0, "PI": 0, "PS": 0, "PA": 0, "CL": 0, "SM": 0, "CHOL": [1.6531738515417e-06, -0.0007940656240464642, 0.05698773908228149]}, "VAL-39-PROA": {"PC": [7.696391974704147e-05, -0.009861983724094959, 0.29790889234025975], "PE": 0, "PG": 0, "PI": 0, "PS": 0, "PA": 0, "CL": 0, "SM": 0, "CHOL": [1.4644565154855451e-09, -7.995664297749115e-06, 0.009447107582847327]}, "ILE-40-PROA": {"PC": [-0.008885471582809857, 0.22991697774827372, -0.22847224296290122], "PE": 0, "PG": 0, "PI": 0, "PS": 0, "PA": 0, "CL": 0, "SM": 0, "CHOL": [0.25695459888295, -4.563514217545671, 19.985080983735003]}, "ALA-71-PROB": {"PC": 0, "PE": 0, "PG": 0, "PI": 0, "PS": 0, "PA": 0, "CL": 0, "SM": 0, "CHOL": 0}, "ILE-72-PROB": {"PC": 0, "PE": 0, "PG": 0, "PI": 0, "PS": 0, "PA": 0, "CL": 0, "SM": 0, "CHOL": 0}, "ILE-73-PROB": {"PC": 0, "PE": 0, "PG": 0, "PI": 0, "PS": 0, "PA": 0, "CL": 0, "SM": 0, "CHOL": 0}, "GLY-74-PROB": {"PC": 0, "PE": 0, "PG": 0, "PI": 0, "PS": 0, "PA": 0, "CL": 0, "SM": 0, "CHOL": 0}, "LEU-75-PROB": {"PC": 0, "PE": 0, "PG": 0, "PI": 0, "PS": 0, "PA": 0, "CL": 0, "SM": 0, "CHOL": 0}, "MET-76-PROB": {"PC": 0, "PE": 0, "PG": 0, "PI": 0, "PS": 0, "PA": 0, "CL": 0, "SM": 0, "CHOL": 0}, "VAL-77-PROB": {"PC": 0, "PE": 0, "PG": 0, "PI": 0, "PS": 0, "PA": 0, "CL": 0, "SM": 0, "CHOL": 0}, "GLY-78-PROB": {"PC": 0, "PE": 0, "PG": 0, "PI": 0, "PS": 0, "PA": 0, "CL": 0, "SM": 0, "CHOL": 0}, "GLY-79-PROB": {"PC": 0, "PE": 0, "PG": 0, "PI": 0, "PS": 0, "PA": 0, "CL": 0, "SM": 0, "CHOL": 0}, "VAL-80-PROB": {"PC": 0, "PE": 0, "PG": 0, "PI": 0, "PS": 0, "PA": 0, "CL": 0, "SM": 0, "CHOL": 0}, "VAL-81-PROB": {"PC": 0, "PE": 0,