{"PHE-3-PROA": {"PC": [2.620728536202732e-07, -0.0002457617392669661, 0.03480749407422661], "PE": 0, "PG": 0, "PI": 0, "PS": 0, "PA": 0, "CL": 0, "SM": 0, "CHOL": [0.12937899015465332, -1.8899081059318, 7.406704836919853]}, "ARG-4-PROA": {"PC": [2.973715427395299e-09, -1.5431520235314448e-05, 0.009319019652582949], "PE": 0, "PG": 0, "PI": 0, "PS": 0, "PA": 0, "CL": 0, "SM": 0, "CHOL": [2.8422316478696895e-09, -1.0725713494249549e-05, 0.009429377187179578]}, "ASP-6-PROA": {"PC": [3.4230320678134753e-09, -1.7592593532398292e-05, 0.009470421652947205], "PE": 0, "PG": 0, "PI": 0, "PS": 0, "PA": 0, "CL": 0, "SM": 0, "CHOL": 0}, "GLY-8-PROA": {"PC": [6.370739147575712e-07, -0.0007023257197509269, 0.056674255270733574], "PE": 0, "PG": 0, "PI": 0, "PS": 0, "PA": 0, "CL": 0, "SM": 0, "CHOL": 0}, "TYR-9-PROA": {"PC": [9.930063134869624e-07, -0.0008048231981919055, 0.07211593181897873], "PE": 0, "PG": 0, "PI": 0, "PS": 0, "PA": 0, "CL": 0, "SM": 0, "CHOL": [-4.148483415470648e-05, 0.0037685079348823234, 0.02046617051778615]}, "GLU-10-PROA": {"PC": [1.3578365283246816e-07, -0.0001596855908531721, 0.030593189992228615], "PE": 0, "PG": 0, "PI": 0, "PS": 0, "PA": 0, "CL": 0, "SM": 0, "CHOL": [4.340718661333077e-08, -8.546208433891109e-05, 0.02632942387580598]}, "VAL-11-PROA": {"PC": [8.625855932816585e-09, -2.933767933765524e-05, 0.01740071479614896], "PE": 0, "PG": 0, "PI": 0, "PS": 0, "PA": 0, "CL": 0, "SM": 0, "CHOL": [-0.15030715167942646, 2.3487178960948114, -7.16736121043845]}, "HSD-12-PROA": {"PC": [1.1763793016078485e-09, -8.443467032260545e-06, 0.007154676254228769], "PE": 0, "PG": 0, "PI": 0, "PS": 0, "PA": 0, "CL": 0, "SM": 0, "CHOL": [3.965255518516676e-08, -7.068793674719148e-05, 0.01675770471508698]}, "HSD-13-PROA": {"PC": [1.9352101772017042e-08, -5.858470336786101e-05, 0.015596586409114325], "PE": 0, "PG": 0, "PI": 0, "PS": 0, "PA": 0, "CL": 0, "SM": 0, "CHOL": 0}, "GLN-14-PROA": {"PC": [8.994291466363392e-09, -2.9098336251014372e-05, 0.01430907938817267], "PE": 0, "PG": 0, "PI": 0, "PS": 0, "PA": 0, "CL": 0, "SM": 0, "CHOL": [3.684715729640011e-06, -0.001243187466850588, 0.08004484098821033]}, "LYS-15-PROA": {"PC": [1.7564521528054906e-08, -4.99237773096204e-05, 0.01683781779270296], "PE": 0, "PG": 0, "PI": 0, "PS": 0, "PA": 0, "CL": 0, "SM": 0, "CHOL": [5.342412638377349e-05, -0.004674192667504035, 0.0965316342723254]}, "LEU-16-PROA": {"PC": [2.926217437862081e-07, -0.0002884662038931802, 0.03793657325662307], "PE": 0, "PG": 0, "PI": 0, "PS": 0, "PA": 0, "CL": 0, "SM": 0, "CHOL": [1.0155269640042315e-08, -6.0999819482226316e-05, 0.011476835038184308]}, "VAL-17-PROA": {"PC": [8.058757655653335e-08, -0.00012063083262323848, 0.022701810137129293], "PE": 0, "PG": 0, "PI": 0, "PS": 0, "PA": 0, "CL": 0, "SM": 0, "CHOL": [4.658701470911429e-07, -0.0002926801247502578, 0.03448799491955315]}, "PHE-18-PROA": {"PC": [2.0966640302529743e-07, -0.00016004963405650595, 0.02269094312036467], "PE": 0, "PG": 0, "PI": 0, "PS": 0, "PA": 0, "CL": 0, "SM": 0, "CHOL": [1.4302079974163102e-08, -4.3494506440985686e-05, 0.018020525821535766]}, "PHE-19-PROA": {"PC": [2.08142216413976e-07, -0.0002111053485536895, 0.026365891169186816], "PE": 0, "PG": 0, "PI": 0, "PS": 0, "PA": 0, "CL": 0, "SM": 0, "CHOL": [6.230434882282571e-09, -2.552212558294667e-05, 0.011938180142085945]}, "ALA-20-PROA": {"PC": [4.648616538539882e-09, -2.2064435215817236e-05, 0.009651832087380094], "PE": 0, "PG": 0, "PI": 0, "PS": 0, "PA": 0, "CL": 0, "SM": 0, "CHOL": [2.5041397854395107e-07, -0.00035849036829524884, 0.04294229275495239]}, "GLU-21-PROA": {"PC": [9.117936874378726e-07, -0.0005522878412819567, 0.04615742695946245], "PE": 0, "PG": 0, "PI": 0, "PS": 0, "PA": 0, "CL": 0, "SM": 0, "CHOL": [6.485793984321949e-07, -0.0003865715509753927, 0.052446006174012225]}, "ASP-22-PROA": {"PC": [8.196259032506217e-07, -0.0006293942017586457, 0.06298546652821657], "PE": 0, "PG": 0, "PI": 0, "PS": 0, "PA": 0, "CL": 0, "SM": 0, "CHOL": [-6.555542825775622e-07, 4.847640323443031e-05, 0.04043100038750517]}, "VAL-23-PROA": {"PC": [2.706213122927679e-07, -0.00020283958180585324, 0.044847786017612586], "PE": 0, "PG": 0, "PI": 0, "PS": 0, "PA": 0, "CL": 0, "SM": 0, "CHOL": [6.346557850794904e-06, -0.0015219284532151022, 0.06835176369262085]}, "GLY-24-PROA": {"PC": [5.384093763001008e-06, -0.0017012999068127586, 0.08048267642221509], "PE": 0, "PG": 0, "PI": 0, "PS": 0, "PA": 0, "CL": 0, "SM": 0, "CHOL": [1.5086992858167788e-07, -0.0001935265171106899, 0.03569695472827231]}, "SER-25-PROA": {"PC": [2.754825544919722e-05, -0.005842770190984474, 0.1666830294620486], "PE": 0, "PG": 0, "PI": 0, "PS": 0, "PA": 0, "CL": 0, "SM": 0, "CHOL": [1.7218993486268397e-06, -0.0007505914829800414, 0.0707718606373203]}, "LYS-27-PROA": {"PC": [2.941940288776458e-06, -0.001304312833776487, 0.07553230863319439], "PE": 0, "PG": 0, "PI": 0, "PS": 0, "PA": 0, "CL": 0, "SM": 0, "CHOL": 0}, "GLY-28-PROA": {"PC": [1.6507631185614343e-08, -4.725339105754335e-05, 0.020483347302075815], "PE": 0, "PG": 0, "PI": 0, "PS": 0, "PA": 0, "CL": 0, "SM": 0, "CHOL": 0}, "ALA-29-PROA": {"PC": [5.9893760302162955e-09, -2.2798525312344846e-05, 0.015934578372196438], "PE": 0, "PG": 0, "PI": 0, "PS": 0, "PA": 0, "CL": 0, "SM": 0, "CHOL": 0}, "ILE-30-PROA": {"PC": [1.3767782541292697e-06, -0.0007197028584626603, 0.06416336566122594], "PE": 0, "PG": 0, "PI": 0, "PS": 0, "PA": 0, "CL": 0, "SM": 0, "CHOL": [-6.055138148152577, 5.781842318729052, 123.05209573518096]}, "ILE-31-PROA": {"PC": [3.094101542668732e-08, -5.977799555480064e-05, 0.015733253729899324], "PE": 0, "PG": 0, "PI": 0, "PS": 0, "PA": 0, "CL": 0, "SM": 0, "CHOL": [1.9927424353714124e-06, -0.0008942562721051651, 0.07545841210841547]}, "GLY-32-PROA": {"PC": [4.837081966336748e-08, -9.578318702513584e-05, 0.02595902346241013], "PE": 0, "PG": 0, "PI": 0, "PS": 0, "PA": 0, "CL": 0, "SM": 0, "CHOL": [8.95677388209732e-08, -0.00012871650553466214, 0.028107070520656433]}, "LEU-33-PROA": {"PC": [1.2617192697730525e-06, -0.0008591600699959512, 0.07935431644036284], "PE": 0, "PG": 0, "PI": 0, "PS": 0, "PA": 0, "CL": 0, "SM": 0, "CHOL": [9.993154905310395e-11, -5.399150723430423e-07, 0.001105966676332291]}, "MET-34-PROA": {"PC": [3.6461993053582266e-08, -6.467575648791479e-05, 0.014432124930535093], "PE": 0, "PG": 0, "PI": 0, "PS": 0, "PA": 0, "CL": 0, "SM": 0, "CHOL": [2.209906992759558e-07, -0.00018710021935241456, 0.032688072776081024]}, "VAL-35-PROA": {"PC": [8.229730449610313e-09, -2.8515153194163776e-05, 0.015140339774395627], "PE": 0, "PG": 0, "PI": 0, "PS": 0, "PA": 0, "CL": 0, "SM": 0, "CHOL": [2.964794233002265e-09, -1.908556733501395e-05, 0.007800715348392868]}, "GLY-36-PROA": {"PC": [1.3743130157825276e-09, -8.510591521663294e-06, 0.006685677085249494], "PE": 0, "PG": 0, "PI": 0, "PS": 0, "PA": 0, "CL": 0, "SM": 0, "CHOL": [6.463428728233583e-06, -0.0014216619097985046, 0.05560293832492849]}, "GLY-37-PROA": {"PC": [2.2553825199234893e-09, -1.096092037295102e-05, 0.006217317797867199], "PE": 0, "PG": 0, "PI": 0, "PS": 0, "PA": 0, "CL": 0, "SM": 0, "CHOL": 0}, "VAL-38-PROA": {"PC": [7.621304292685988e-09, -1.426349560139132e-05, 0.005535981779996045], "PE": 0, "PG": 0, "PI": 0, "PS": 0, "PA": 0, "CL": 0, "SM": 0, "CHOL": 0}, "VAL-39-PROA": {"PC": [6.194422818446195e-09, -2.4178475456564217e-05, 0.012817443598096473], "PE": 0, "PG": 0, "PI": 0, "PS": 0, "PA": 0, "CL": 0, "SM": 0, "CHOL": [1.262334943140583e-08, -3.308889484025097e-05, 0.01748662104173776]}, "ILE-40-PROA": {"PC": [7.27299017977638e-06, -0.002453222567733953, 0.10456666249016698], "PE": 0, "PG": 0, "PI": 0, "PS": 0, "PA": 0, "CL": 0, "SM": 0, "CHOL": [5.28901464655697e-05, -0.006936947751097478, 0.15723572919975315]}, "ALA-41-PROA": {"PC": [9.457013046949598e-09, -2.875444019583393e-05, 0.014268283523093643], "PE": 0, "PG": 0, "PI": 0, "PS": 0, "PA": 0, "CL": 0, "SM": 0, "CHOL": [1.9529026899941435e-08, -4.979157827428032e-05, 0.024057323430823705]}, "PHE-45-PROB": {"PC": 0, "PE": 0, "PG": 0, "PI": 0, "PS": 0, "PA": 0, "CL": 0, "SM": 0,