{"HSD-5-PROA": {"PC": [8.857219790937206e-07, -0.00046311301442229156, 0.04582514670007665], "PE": 0, "PG": 0, "PI": 0, "PS": 0, "PA": 0, "CL": 0, "SM": 0, "CHOL": [5.203193888398607e-05, -0.007425551623034083, 0.20190559740095884]}, "GLY-8-PROA": {"PC": [6.211873277277046e-06, -0.0023589017968522782, 0.09836212642054254], "PE": 0, "PG": 0, "PI": 0, "PS": 0, "PA": 0, "CL": 0, "SM": 0, "CHOL": 0}, "TYR-9-PROA": {"PC": [1.2231008662330532e-06, -0.0008033427032116674, 0.07220640688327223], "PE": 0, "PG": 0, "PI": 0, "PS": 0, "PA": 0, "CL": 0, "SM": 0, "CHOL": [3.743696250603957e-05, -0.004900540257183251, 0.1397947384048942]}, "GLU-10-PROA": {"PC": [7.837573650626345e-08, -0.00013415489293157882, 0.026469715484487785], "PE": 0, "PG": 0, "PI": 0, "PS": 0, "PA": 0, "CL": 0, "SM": 0, "CHOL": [-6.594223472804693e-07, -4.938136461877819e-05, 0.0798943744048891]}, "VAL-11-PROA": {"PC": [6.323316461285646e-07, -0.0005943560938446419, 0.05294265557524853], "PE": 0, "PG": 0, "PI": 0, "PS": 0, "PA": 0, "CL": 0, "SM": 0, "CHOL": [0.0007826972209488038, -0.037092738477411354, 0.46590319904294564]}, "HSD-12-PROA": {"PC": [2.1845471576594266e-08, -5.185220962656028e-05, 0.01835177505740041], "PE": 0, "PG": 0, "PI": 0, "PS": 0, "PA": 0, "CL": 0, "SM": 0, "CHOL": [3.3463917709572355e-08, -7.191769049994875e-05, 0.026345745147630113]}, "HSD-13-PROA": {"PC": [2.3237124484180317e-06, -0.0008121892951369206, 0.05530680978814937], "PE": 0, "PG": 0, "PI": 0, "PS": 0, "PA": 0, "CL": 0, "SM": 0, "CHOL": [8.924283981894326e-07, -0.0003070479688187682, 0.04025055164330678]}, "GLN-14-PROA": {"PC": [3.2527738076980466e-08, -7.334997291935015e-05, 0.022238367907884353], "PE": 0, "PG": 0, "PI": 0, "PS": 0, "PA": 0, "CL": 0, "SM": 0, "CHOL": [3.5563400743756333e-06, -0.0016505640762027656, 0.12219571332622492]}, "LYS-15-PROA": {"PC": [5.0130692670775445e-08, -0.00011427675924110299, 0.024138537048017637], "PE": 0, "PG": 0, "PI": 0, "PS": 0, "PA": 0, "CL": 0, "SM": 0, "CHOL": [-1.750882490309368e-05, 0.0029066502788123705, 0.07016536399895758]}, "LEU-16-PROA": {"PC": [4.7786638336104976e-08, -7.965094034881666e-05, 0.016549619275177202], "PE": 0, "PG": 0, "PI": 0, "PS": 0, "PA": 0, "CL": 0, "SM": 0, "CHOL": [1.2516643136570944e-07, -0.00029888973003044814, 0.029288205712601025]}, "VAL-17-PROA": {"PC": [9.113335580861091e-08, -0.00013799298997891328, 0.026214264737004066], "PE": 0, "PG": 0, "PI": 0, "PS": 0, "PA": 0, "CL": 0, "SM": 0, "CHOL": [2.5697287967448935e-08, -6.442164535839036e-05, 0.020542881980594365]}, "PHE-18-PROA": {"PC": [2.5743334177627234e-07, -0.00026676824014585076, 0.029891133752914998], "PE": 0, "PG": 0, "PI": 0, "PS": 0, "PA": 0, "CL": 0, "SM": 0, "CHOL": [1.7925833001464044e-08, -4.508521356984239e-05, 0.012127238007083579]}, "PHE-19-PROA": {"PC": [1.217764548876007e-07, -0.00016663422659464857, 0.02830502772225606], "PE": 0, "PG": 0, "PI": 0, "PS": 0, "PA": 0, "CL": 0, "SM": 0, "CHOL": [1.396164007719085e-09, -8.313994773382147e-06, 0.009012003107732144]}, "ALA-20-PROA": {"PC": [1.291914318827351e-07, -0.00016820076304017274, 0.03217663404155008], "PE": 0, "PG": 0, "PI": 0, "PS": 0, "PA": 0, "CL": 0, "SM": 0, "CHOL": [1.1622764214539716e-08, -3.8270706585829774e-05, 0.013669392342741575]}, "GLU-21-PROA": {"PC": [4.571245466888699e-07, -0.00035496473053082977, 0.03636527977953812], "PE": 0, "PG": 0, "PI": 0, "PS": 0, "PA": 0, "CL": 0, "SM": 0, "CHOL": [-0.0005389085908559412, 0.0039739306991211296, 0.577475236335312]}, "ASP-22-PROA": {"PC": [5.83165044409648e-07, -0.0004324492440755854, 0.036000872698474], "PE": 0, "PG": 0, "PI": 0, "PS": 0, "PA": 0, "CL": 0, "SM": 0, "CHOL": [1.917764937794742e-06, -0.000988397468903, 0.07122612693184961]}, "VAL-23-PROA": {"PC": [7.08945041819859e-07, -0.0006069864391711325, 0.0543496748063415], "PE": 0, "PG": 0, "PI": 0, "PS": 0, "PA": 0, "CL": 0, "SM": 0, "CHOL": 0}, "GLY-24-PROA": {"PC": [1.2125853416349675e-07, -0.00012440123605313546, 0.02013402194205756], "PE": 0, "PG": 0, "PI": 0, "PS": 0, "PA": 0, "CL": 0, "SM": 0, "CHOL": 0}, "LYS-27-PROA": {"PC": [1.6476191633227773e-05, -0.00398945076980061, 0.11812528299278889], "PE": 0, "PG": 0, "PI": 0, "PS": 0, "PA": 0, "CL": 0, "SM": 0, "CHOL": 0}, "GLY-28-PROA": {"PC": [6.100757648580358e-06, -0.002326373177176017, 0.11477175430623306], "PE": 0, "PG": 0, "PI": 0, "PS": 0, "PA": 0, "CL": 0, "SM": 0, "CHOL": [-0.01086271436176392, 0.4079514022485199, -1.6619411426374238]}, "ALA-29-PROA": {"PC": [-0.00011812878032115457, 0.003941090148972814, 0.1286850928768144], "PE": 0, "PG": 0, "PI": 0, "PS": 0, "PA": 0, "CL": 0, "SM": 0, "CHOL": 0}, "ILE-30-PROA": {"PC": [0.006927044457324428, -0.22689204134118365, 1.9216482302902846], "PE": 0, "PG": 0, "PI": 0, "PS": 0, "PA": 0, "CL": 0, "SM": 0, "CHOL": 0}, "ILE-31-PROA": {"PC": [9.845445359046209e-08, -0.0001357672510691615, 0.023405232044948602], "PE": 0, "PG": 0, "PI": 0, "PS": 0, "PA": 0, "CL": 0, "SM": 0, "CHOL": [1.3115822633763473e-07, -0.00014034500588216178, 0.02229618703237137]}, "GLY-32-PROA": {"PC": [1.3019226996752458e-07, -0.00017475798570853275, 0.038474982796220615], "PE": 0, "PG": 0, "PI": 0, "PS": 0, "PA": 0, "CL": 0, "SM": 0, "CHOL": [-2.3179697595444215e-10, 5.845434316741229e-07, 0.007082906201916858]}, "LEU-33-PROA": {"PC": [4.684585251389264e-08, -9.153745981147728e-05, 0.023003686261288125], "PE": 0, "PG": 0, "PI": 0, "PS": 0, "PA": 0, "CL": 0, "SM": 0, "CHOL": [5.820195104801911e-08, -0.00010350140673306799, 0.018587489636716505]}, "MET-34-PROA": {"PC": [1.8385049724008172e-07, -0.00017569511778603471, 0.024027970017027372], "PE": 0, "PG": 0, "PI": 0, "PS": 0, "PA": 0, "CL": 0, "SM": 0, "CHOL": [1.3627108585328428e-09, -9.079138670507574e-06, 0.00488162397978061]}, "VAL-35-PROA": {"PC": [6.110886225714858e-09, -2.3122007650815196e-05, 0.014159545287163889], "PE": 0, "PG": 0, "PI": 0, "PS": 0, "PA": 0, "CL": 0, "SM": 0, "CHOL": [2.204813261726526e-08, -4.4990485536483206e-05, 0.018613531638838623]}, "GLY-36-PROA": {"PC": [1.381223546356356e-07, -0.00018288621929094854, 0.03399288647656785], "PE": 0, "PG": 0, "PI": 0, "PS": 0, "PA": 0, "CL": 0, "SM": 0, "CHOL": [-1.3532872909381334e-09, 6.385010208317615e-06, 0.00534351091203669]}, "GLY-37-PROA": {"PC": [1.0612651552348182e-08, -3.345329607839219e-05, 0.015072122779239744], "PE": 0, "PG": 0, "PI": 0, "PS": 0, "PA": 0, "CL": 0, "SM": 0, "CHOL": [2.585815705849235e-10, -1.1588220669471419e-06, 0.0012643495500205236]}, "VAL-38-PROA": {"PC": [7.85681533192006e-08, -9.767913960907503e-05, 0.020894198959254637], "PE": 0, "PG": 0, "PI": 0, "PS": 0, "PA": 0, "CL": 0, "SM": 0, "CHOL": [1.8761978469919255e-06, -0.0008924514718526991, 0.0632505980981615]}, "VAL-39-PROA": {"PC": [7.490634699244746e-09, -3.157481743770656e-05, 0.013194091726960514], "PE": 0, "PG": 0, "PI": 0, "PS": 0, "PA": 0, "CL": 0, "SM": 0, "CHOL": [1.274057796175289e-06, -0.0006171044628842777, 0.06778406291677422]}, "ILE-40-PROA": {"PC": [7.615207521903412e-06, -0.00334306621905579, 0.12065662407436327], "PE": 0, "PG": 0, "PI": 0, "PS": 0, "PA": 0, "CL": 0, "SM": 0, "CHOL": [-0.12850875766880748, 2.7696165496344243, -8.492555467894233]}, "ASP-42-PROB": {"PC": [5.416908620048677e-07, -0.00046903752514504605, 0.05537163175329487], "PE": 0, "PG": 0, "PI": 0, "PS": 0, "PA": 0, "CL": 0, "SM": 0, "CHOL": [2.312213079255421e-06, -0.0007995584930129317, 0.05375879636303628]}, "ALA-43-PROB": {"PC": 0, "PE": 0, "PG": 0, "PI": 0, "PS": 0, "PA": 0, "CL": 0, "SM": 0, "CHOL": 0}, "GLN-56-PROB": {"PC": 0, "PE": 0, "PG": 0, "PI": 0, "PS": 0, "PA": 0, "CL": 0, "SM": 0, "CHOL": 0}, "LYS-57-PROB": {"PC": 0, "PE": 0, "PG": 0, "PI": 0, "PS": 0, "PA": 0, "CL": 0, "SM": 0, "CHOL": 0}, "LEU-58-PROB": {"PC": 0, "PE": 0, "PG": 0, "PI": 0, "PS": 0, "PA": 0, "CL": 0, "SM": 0, "CHOL": 0}, "VAL-59-PROB": {"PC": 0, "PE": 0, "PG": 0, "PI": 0, "PS": 0, "PA": 0, "CL": 0, "SM": 0, "CHOL": 0}, "PHE-60-PROB": {"PC": 0, "PE": 0, "PG": 0, "PI": 0, "PS": 0, "PA": 0, "CL": 0, "SM": 0, "CHOL": 0}, "PHE-61-PROB": {"PC": 0, "PE": 0, "PG": 0, "PI": 0,