{"GLU-10-PROA": {"PC": [3.616360605142468e-08, -6.53487787281719e-05, 0.017603296724050088], "PE": 0, "PG": 0, "PI": 0, "PS": 0, "PA": 0, "CL": 0, "SM": 0, "CHOL": [1.288350968948216e-05, -0.0017027439476047512, 0.05587267490988276]}, "VAL-11-PROA": {"PC": [8.364881130979128e-08, -0.00012628551468436703, 0.037481454787671245], "PE": 0, "PG": 0, "PI": 0, "PS": 0, "PA": 0, "CL": 0, "SM": 0, "CHOL": 0}, "HSD-12-PROA": {"PC": [4.425424845785578e-09, -2.7184960011984905e-05, 0.010147260904910001], "PE": 0, "PG": 0, "PI": 0, "PS": 0, "PA": 0, "CL": 0, "SM": 0, "CHOL": [1.995234841424897e-06, -0.0008147104504041363, 0.06949333945947418]}, "HSD-13-PROA": {"PC": [6.833266537972674e-06, -0.0017765758630251414, 0.07402754188564016], "PE": 0, "PG": 0, "PI": 0, "PS": 0, "PA": 0, "CL": 0, "SM": 0, "CHOL": [1.6914117188861816e-05, -0.0038292403496468365, 0.16244677121998577]}, "GLN-14-PROA": {"PC": [8.388140861291505e-09, -2.8958323288399658e-05, 0.013855294369411705], "PE": 0, "PG": 0, "PI": 0, "PS": 0, "PA": 0, "CL": 0, "SM": 0, "CHOL": 0}, "LYS-15-PROA": {"PC": [2.8271012175860333e-07, -0.0002581845363448474, 0.03767040963479158], "PE": 0, "PG": 0, "PI": 0, "PS": 0, "PA": 0, "CL": 0, "SM": 0, "CHOL": [-0.015996714861366695, 0.4084687340219274, -1.212302944519122]}, "LEU-16-PROA": {"PC": [2.630249334090393e-08, -6.291224532517715e-05, 0.016117628013159215], "PE": 0, "PG": 0, "PI": 0, "PS": 0, "PA": 0, "CL": 0, "SM": 0, "CHOL": [8.872809040097959e-07, -0.0005321003351595331, 0.041336839069383166]}, "VAL-17-PROA": {"PC": [1.4429115841960032e-07, -0.00017031792905344652, 0.024687760778189995], "PE": 0, "PG": 0, "PI": 0, "PS": 0, "PA": 0, "CL": 0, "SM": 0, "CHOL": [3.4811968128058107e-09, -1.6484764243533533e-05, 0.009133201337951652]}, "PHE-18-PROA": {"PC": [1.0103550179512827e-06, -0.0006495665246236685, 0.051014946450328696], "PE": 0, "PG": 0, "PI": 0, "PS": 0, "PA": 0, "CL": 0, "SM": 0, "CHOL": [6.000603766955109e-09, -1.154149656159354e-05, 0.010050496750865775]}, "PHE-19-PROA": {"PC": [1.3384117634309765e-07, -0.00016274567108679155, 0.025211565231337205], "PE": 0, "PG": 0, "PI": 0, "PS": 0, "PA": 0, "CL": 0, "SM": 0, "CHOL": [3.673311592819277e-09, -1.635316723321931e-05, 0.013805904294025482]}, "ALA-20-PROA": {"PC": [-2.7248263041420414e-06, 0.0003629311757451457, 0.04544189320986633], "PE": 0, "PG": 0, "PI": 0, "PS": 0, "PA": 0, "CL": 0, "SM": 0, "CHOL": [9.916743010031508e-09, -3.2291817228790715e-05, 0.01214929065653374]}, "GLU-21-PROA": {"PC": [1.0349362288543585e-06, -0.0007200365092914979, 0.06327518839793753], "PE": 0, "PG": 0, "PI": 0, "PS": 0, "PA": 0, "CL": 0, "SM": 0, "CHOL": [0.0007274690961474905, -0.04846008217345306, 0.5806463455112987]}, "ASP-22-PROA": {"PC": [8.910158421299981e-06, -0.0018220770739568782, 0.0668223238566029], "PE": 0, "PG": 0, "PI": 0, "PS": 0, "PA": 0, "CL": 0, "SM": 0, "CHOL": [1.0082077682769772e-05, -0.002428708657185839, 0.09754338821514302]}, "VAL-23-PROA": {"PC": [2.7271096970976913e-06, -0.0010577897903768115, 0.05923495303451916], "PE": 0, "PG": 0, "PI": 0, "PS": 0, "PA": 0, "CL": 0, "SM": 0, "CHOL": 0}, "GLY-24-PROA": {"PC": [1.0483034255232381e-07, -0.0001707916129632394, 0.02887009426305655], "PE": 0, "PG": 0, "PI": 0, "PS": 0, "PA": 0, "CL": 0, "SM": 0, "CHOL": 0}, "LYS-27-PROA": {"PC": [0.00010093195831010817, -0.010281778204186472, 0.2358348643248368], "PE": 0, "PG": 0, "PI": 0, "PS": 0, "PA": 0, "CL": 0, "SM": 0, "CHOL": 0}, "GLY-28-PROA": {"PC": [5.17547675021199e-06, -0.0018719067448051247, 0.08270519856614449], "PE": 0, "PG": 0, "PI": 0, "PS": 0, "PA": 0, "CL": 0, "SM": 0, "CHOL": [0.0427212870623498, -1.2345960790150092, 6.767859298750963]}, "ALA-29-PROA": {"PC": [3.261744129987754e-05, -0.006995137918661009, 0.2829313569266306], "PE": 0, "PG": 0, "PI": 0, "PS": 0, "PA": 0, "CL": 0, "SM": 0, "CHOL": [-0.1796528634304559, 3.1612119869616992, -10.417590517907062]}, "ILE-30-PROA": {"PC": [0.008505510815013904, -0.24545129469754068, 1.841374001685066], "PE": 0, "PG": 0, "PI": 0, "PS": 0, "PA": 0, "CL": 0, "SM": 0, "CHOL": 0}, "ILE-31-PROA": {"PC": [1.664644479644584e-07, -0.0001898001199688397, 0.026577049059308692], "PE": 0, "PG": 0, "PI": 0, "PS": 0, "PA": 0, "CL": 0, "SM": 0, "CHOL": [-3.8406645879359844e-08, 4.143340341391088e-05, 0.015035033237771904]}, "GLY-32-PROA": {"PC": [2.720470464815686e-07, -0.00031199338177223166, 0.0342268793704018], "PE": 0, "PG": 0, "PI": 0, "PS": 0, "PA": 0, "CL": 0, "SM": 0, "CHOL": [4.930570815796548e-07, 0.002866638802874928, 16.666666666302866]}, "LEU-33-PROA": {"PC": [2.726592873616468e-08, -4.565644616326109e-05, 0.011579083641063097], "PE": 0, "PG": 0, "PI": 0, "PS": 0, "PA": 0, "CL": 0, "SM": 0, "CHOL": [5.405173701428205e-06, -0.0011561979528746436, 0.050334894968767536]}, "MET-34-PROA": {"PC": [6.900825796665628e-07, -0.00044586709023396127, 0.03621289021944909], "PE": 0, "PG": 0, "PI": 0, "PS": 0, "PA": 0, "CL": 0, "SM": 0, "CHOL": [7.541037611786194e-10, -5.1365619912151175e-06, 0.00602084455566376]}, "VAL-35-PROA": {"PC": [2.3230894345234635e-09, -1.3685791362150579e-05, 0.009189581856239356], "PE": 0, "PG": 0, "PI": 0, "PS": 0, "PA": 0, "CL": 0, "SM": 0, "CHOL": [-1.145480504183181e-06, 0.00012985434961204582, 0.03854008523819001]}, "GLY-36-PROA": {"PC": [4.5509124891404634e-07, -0.00032434298190924974, 0.037065774031622624], "PE": 0, "PG": 0, "PI": 0, "PS": 0, "PA": 0, "CL": 0, "SM": 0, "CHOL": [-1.3500822297564017e-10, 5.910026138525972e-07, 0.0015121305118343791]}, "GLY-37-PROA": {"PC": [1.0361940699682735e-07, -0.00014246094404694073, 0.03925953101587157], "PE": 0, "PG": 0, "PI": 0, "PS": 0, "PA": 0, "CL": 0, "SM": 0, "CHOL": [3.7122085021111086e-10, -2.2464735342365754e-06, 0.0026957648414211426]}, "VAL-38-PROA": {"PC": [4.0684823578258345e-08, -7.282781771505969e-05, 0.020287965278744845], "PE": 0, "PG": 0, "PI": 0, "PS": 0, "PA": 0, "CL": 0, "SM": 0, "CHOL": [6.541768422351341e-06, -0.0023858468660856278, 0.10486178056547976]}, "VAL-39-PROA": {"PC": [1.3288571449222006e-08, -4.9853285158436996e-05, 0.015097841530627952], "PE": 0, "PG": 0, "PI": 0, "PS": 0, "PA": 0, "CL": 0, "SM": 0, "CHOL": 0}, "LYS-57-PROB": {"PC": 0, "PE": 0, "PG": 0, "PI": 0, "PS": 0, "PA": 0, "CL": 0, "SM": 0, "CHOL": 0}, "LEU-58-PROB": {"PC": 0, "PE": 0, "PG": 0, "PI": 0, "PS": 0, "PA": 0, "CL": 0, "SM": 0, "CHOL": 0}, "VAL-59-PROB": {"PC": 0, "PE": 0, "PG": 0, "PI": 0, "PS": 0, "PA": 0, "CL": 0, "SM": 0, "CHOL": 0}, "PHE-60-PROB": {"PC": 0, "PE": 0, "PG": 0, "PI": 0, "PS": 0, "PA": 0, "CL": 0, "SM": 0, "CHOL": 0}, "PHE-61-PROB": {"PC": 0, "PE": 0, "PG": 0, "PI": 0, "PS": 0, "PA": 0, "CL": 0, "SM": 0, "CHOL": 0}, "ALA-62-PROB": {"PC": 0, "PE": 0, "PG": 0, "PI": 0, "PS": 0, "PA": 0, "CL": 0, "SM": 0, "CHOL": 0}, "ILE-72-PROB": {"PC": 0, "PE": 0, "PG": 0, "PI": 0, "PS": 0, "PA": 0, "CL": 0, "SM": 0, "CHOL": 0}, "ILE-73-PROB": {"PC": 0, "PE": 0, "PG": 0, "PI": 0, "PS": 0, "PA": 0, "CL": 0, "SM": 0, "CHOL": 0}, "GLY-74-PROB": {"PC": 0, "PE": 0, "PG": 0, "PI": 0, "PS": 0, "PA": 0, "CL": 0, "SM": 0, "CHOL": 0}, "LEU-75-PROB": {"PC": 0, "PE": 0, "PG": 0, "PI": 0, "PS": 0, "PA": 0, "CL": 0, "SM": 0, "CHOL": 0}, "MET-76-PROB": {"PC": 0, "PE": 0, "PG": 0, "PI": 0, "PS": 0, "PA": 0, "CL": 0, "SM": 0, "CHOL": 0}, "VAL-77-PROB": {"PC": 0, "PE": 0, "PG": 0, "PI": 0, "PS": 0, "PA": 0, "CL": 0, "SM": 0, "CHOL": 0}, "GLY-78-PROB": {"PC": 0, "PE": 0, "PG": 0, "PI": 0, "PS": 0, "PA": 0, "CL": 0, "SM": 0, "CHOL": 0}, "GLY-79-PROB": {"PC": 0, "PE": 0, "PG": 0, "PI": 0, "PS": 0, "PA": 0, "CL": 0, "SM": 0, "CHOL": 0}, "VAL-80-PROB": {"PC": 0, "PE": 0, "PG": 0, "PI": 0, "PS": 0, "PA": 0, "CL": 0, "SM": 0, "CHOL": 0}, "VAL-81-PROB": {"PC": 0, "PE": 0, "PG": 0, "PI": 0, "PS": 0, "PA": 0, "CL": 0, "SM": 0, "CHOL": 0}, "ILE-82-PROB": {"PC": 0, "PE": 0, "PG": 0, "PI": 0, "PS": 0, "PA": 0, "CL": 0, "SM": 0, "CHOL": 0}, "ALA-83-PROB": {"PC": 0, "PE": 0, "PG": 0, "PI": 0, "PS": 0, "PA": 0, "CL": 0, "SM": 0, "CHOL": 0}, "ASP-84-PROC": {"PC": 0, "PE": 0, "PG": 0, "PI": 0, "PS": 0, "PA": 0, "CL": 0, "SM": 0,