{"PHE-3-PROA": {"PC": [2.3122411286806447e-08, -6.946485750545198e-05, 0.017251847273550128], "PE": 0, "PG": 0, "PI": 0, "PS": 0, "PA": 0, "CL": 0, "SM": 0, "CHOL": [4.645007448323855e-06, -0.001987657423187048, 0.088669543296553]}, "ARG-4-PROA": {"PC": [1.2597019310256965e-08, -3.7789664378276515e-05, 0.017486358918180168], "PE": 0, "PG": 0, "PI": 0, "PS": 0, "PA": 0, "CL": 0, "SM": 0, "CHOL": [1.4645971372786816e-07, -0.0001738290924222081, 0.028766197174948053]}, "ASP-6-PROA": {"PC": [1.0771184010768873e-05, -0.0022585958965967027, 0.08204667291073293], "PE": 0, "PG": 0, "PI": 0, "PS": 0, "PA": 0, "CL": 0, "SM": 0, "CHOL": [0.00012614333883504363, -0.015007624618852071, 0.31236048479276557]}, "SER-7-PROA": {"PC": [3.5974693269490546e-05, -0.007323275888627572, 0.22484958004044195], "PE": 0, "PG": 0, "PI": 0, "PS": 0, "PA": 0, "CL": 0, "SM": 0, "CHOL": 0}, "GLY-8-PROA": {"PC": [1.1793031269089398e-06, -0.000830695808252301, 0.05543350587359348], "PE": 0, "PG": 0, "PI": 0, "PS": 0, "PA": 0, "CL": 0, "SM": 0, "CHOL": 0}, "TYR-9-PROA": {"PC": [8.766062624749995e-07, -0.0004277177277234352, 0.037639500132700725], "PE": 0, "PG": 0, "PI": 0, "PS": 0, "PA": 0, "CL": 0, "SM": 0, "CHOL": [-0.9650212799371538, 13.706029977907454, -41.9427405671287]}, "GLU-10-PROA": {"PC": [8.421529400003719e-09, -3.273782857834962e-05, 0.011539949475283456], "PE": 0, "PG": 0, "PI": 0, "PS": 0, "PA": 0, "CL": 0, "SM": 0, "CHOL": [2.188009250763686e-08, -4.6793268366185296e-05, 0.018046446381294146]}, "VAL-11-PROA": {"PC": [1.1410298139837305e-06, -0.0006375474216530339, 0.0461390877129137], "PE": 0, "PG": 0, "PI": 0, "PS": 0, "PA": 0, "CL": 0, "SM": 0, "CHOL": [0.0020370303657537233, -0.10395580245490675, 1.3878833052416288]}, "HSD-12-PROA": {"PC": [1.2600759690512504e-08, -3.902696563090721e-05, 0.012332890756806013], "PE": 0, "PG": 0, "PI": 0, "PS": 0, "PA": 0, "CL": 0, "SM": 0, "CHOL": [3.989596370817442e-08, -6.756765164753309e-05, 0.024848974509853492]}, "HSD-13-PROA": {"PC": [2.4519322366515446e-09, -1.2318741704551895e-05, 0.009306972844013614], "PE": 0, "PG": 0, "PI": 0, "PS": 0, "PA": 0, "CL": 0, "SM": 0, "CHOL": 0}, "GLN-14-PROA": {"PC": [6.881318954532133e-08, -0.00011210008246276717, 0.030229783306907527], "PE": 0, "PG": 0, "PI": 0, "PS": 0, "PA": 0, "CL": 0, "SM": 0, "CHOL": [1.1189606904023217e-06, -0.0005546767460817728, 0.04711707255007705]}, "LYS-15-PROA": {"PC": [6.294362947939029e-09, -3.3157226180984824e-05, 0.01092279519813222], "PE": 0, "PG": 0, "PI": 0, "PS": 0, "PA": 0, "CL": 0, "SM": 0, "CHOL": [2.476890475822938e-05, -0.004461366713919365, 0.15087812274124943]}, "LEU-16-PROA": {"PC": [9.33260078507427e-09, -3.898224966891803e-05, 0.012649928314574304], "PE": 0, "PG": 0, "PI": 0, "PS": 0, "PA": 0, "CL": 0, "SM": 0, "CHOL": [1.4930122844757293e-06, -0.00046459999767764444, 0.03652201717026342]}, "VAL-17-PROA": {"PC": [6.5337984964251945e-09, -2.5563665000843822e-05, 0.013321738197032636], "PE": 0, "PG": 0, "PI": 0, "PS": 0, "PA": 0, "CL": 0, "SM": 0, "CHOL": [2.0099379165816852e-07, -0.00025513937639449943, 0.029305608231011995]}, "PHE-18-PROA": {"PC": [7.767836026415776e-09, -2.589176403532543e-05, 0.013414504096891443], "PE": 0, "PG": 0, "PI": 0, "PS": 0, "PA": 0, "CL": 0, "SM": 0, "CHOL": [8.205213516517728e-07, -0.0005791463020394702, 0.0527989676902428]}, "PHE-19-PROA": {"PC": [4.467040752422943e-09, -2.3155626911593392e-05, 0.009863906146511206], "PE": 0, "PG": 0, "PI": 0, "PS": 0, "PA": 0, "CL": 0, "SM": 0, "CHOL": [1.364221533726138e-08, -3.470665063300624e-05, 0.0132072860333491]}, "ALA-20-PROA": {"PC": [3.321718488110661e-09, -1.613110446480382e-05, 0.011882993457235936], "PE": 0, "PG": 0, "PI": 0, "PS": 0, "PA": 0, "CL": 0, "SM": 0, "CHOL": [9.183160889409613e-09, -3.684666774749922e-05, 0.012541983108805341]}, "GLU-21-PROA": {"PC": [1.2329306874854038e-07, -0.000132590223880786, 0.02266857622585634], "PE": 0, "PG": 0, "PI": 0, "PS": 0, "PA": 0, "CL": 0, "SM": 0, "CHOL": [5.64455862275534e-06, -0.0018992342321764698, 0.074387940915144]}, "ASP-22-PROA": {"PC": [4.845285221112293e-07, -0.0004197829268749056, 0.04883918235846122], "PE": 0, "PG": 0, "PI": 0, "PS": 0, "PA": 0, "CL": 0, "SM": 0, "CHOL": [2.181134928235195e-05, -0.003623193668189201, 0.1279272574011746]}, "VAL-23-PROA": {"PC": [4.0149714189725135e-07, -0.0002831112860547233, 0.03282464605469041], "PE": 0, "PG": 0, "PI": 0, "PS": 0, "PA": 0, "CL": 0, "SM": 0, "CHOL": [-0.013800900138745952, 0.4054363314917438, -1.1014521815743572]}, "LYS-27-PROA": {"PC": [-0.003161569641416477, 0.1028426157121167, -0.05098524164620032], "PE": 0, "PG": 0, "PI": 0, "PS": 0, "PA": 0, "CL": 0, "SM": 0, "CHOL": 0}, "GLY-28-PROA": {"PC": [0.0003813708086376998, -0.029266047290345012, 0.3858474345402465], "PE": 0, "PG": 0, "PI": 0, "PS": 0, "PA": 0, "CL": 0, "SM": 0, "CHOL": [7.467349777125371e-05, -0.006483732805887902, 0.17667273538053213]}, "ALA-29-PROA": {"PC": [0.003624191513275602, -0.1220305186541257, 1.0353470948964618], "PE": 0, "PG": 0, "PI": 0, "PS": 0, "PA": 0, "CL": 0, "SM": 0, "CHOL": 0}, "ILE-30-PROA": {"PC": [7.416746572950388e-07, -0.0003363010251848705, 0.031024456300308645], "PE": 0, "PG": 0, "PI": 0, "PS": 0, "PA": 0, "CL": 0, "SM": 0, "CHOL": 0}, "ILE-31-PROA": {"PC": [4.7013047869510956e-08, -8.528301693847967e-05, 0.02682164335884023], "PE": 0, "PG": 0, "PI": 0, "PS": 0, "PA": 0, "CL": 0, "SM": 0, "CHOL": [1.4127657845037674e-07, -0.00019587574798279696, 0.03825615751432119]}, "GLY-32-PROA": {"PC": [9.385652600707855e-09, -2.8358022744845634e-05, 0.01437710232234277], "PE": 0, "PG": 0, "PI": 0, "PS": 0, "PA": 0, "CL": 0, "SM": 0, "CHOL": [4.9931279416309836e-08, -6.977401374155435e-05, 0.021762423432967717]}, "LEU-33-PROA": {"PC": [4.377274647857849e-08, -6.676805728704133e-05, 0.01889918064998536], "PE": 0, "PG": 0, "PI": 0, "PS": 0, "PA": 0, "CL": 0, "SM": 0, "CHOL": [7.73974868502051e-05, -0.008996551630260512, 0.22116962399643267]}, "MET-34-PROA": {"PC": [4.438640700577672e-08, -8.975278375499265e-05, 0.020708986420880357], "PE": 0, "PG": 0, "PI": 0, "PS": 0, "PA": 0, "CL": 0, "SM": 0, "CHOL": [9.370216802373217e-07, -0.0006971699357029036, 0.06267445779322825]}, "VAL-35-PROA": {"PC": [1.2803344637367786e-08, -3.931694090386613e-05, 0.01308583098818995], "PE": 0, "PG": 0, "PI": 0, "PS": 0, "PA": 0, "CL": 0, "SM": 0, "CHOL": [2.2350103528532556e-08, -5.7272323702258333e-05, 0.02038237755331405]}, "GLY-36-PROA": {"PC": [7.275383619741751e-09, -4.0860125275349656e-05, 0.009570491399118001], "PE": 0, "PG": 0, "PI": 0, "PS": 0, "PA": 0, "CL": 0, "SM": 0, "CHOL": [5.816359922382814e-05, -0.009893971029815787, 0.3367319285841651]}, "GLY-37-PROA": {"PC": [3.1211844273611324e-09, -1.0385210889695753e-05, 0.006609196256848795], "PE": 0, "PG": 0, "PI": 0, "PS": 0, "PA": 0, "CL": 0, "SM": 0, "CHOL": 0}, "VAL-38-PROA": {"PC": [1.8465390409864773e-08, -4.4715269932828695e-05, 0.015097956811294187], "PE": 0, "PG": 0, "PI": 0, "PS": 0, "PA": 0, "CL": 0, "SM": 0, "CHOL": 0}, "VAL-39-PROA": {"PC": [8.610210912796498e-08, -0.00011406689309583364, 0.021476267424823593], "PE": 0, "PG": 0, "PI": 0, "PS": 0, "PA": 0, "CL": 0, "SM": 0, "CHOL": [4.518498543470087e-06, -0.001519448228467448, 0.07510031344339423]}, "ILE-40-PROA": {"PC": [7.2431721261188305e-06, -0.002189258557252543, 0.10542180480989156], "PE": 0, "PG": 0, "PI": 0, "PS": 0, "PA": 0, "CL": 0, "SM": 0, "CHOL": 0}, "GLY-70-PROB": {"PC": 0, "PE": 0, "PG": 0, "PI": 0, "PS": 0, "PA": 0, "CL": 0, "SM": 0, "CHOL": 0}, "ALA-71-PROB": {"PC": 0, "PE": 0, "PG": 0, "PI": 0, "PS": 0, "PA": 0, "CL": 0, "SM": 0, "CHOL": 0}, "ILE-72-PROB": {"PC": 0, "PE": 0, "PG": 0, "PI": 0, "PS": 0, "PA": 0, "CL": 0, "SM": 0, "CHOL": 0}, "ILE-73-PROB": {"PC": 0, "PE": 0, "PG": 0, "PI": 0, "PS": 0, "PA": 0, "CL": 0, "SM": 0, "CHOL": 0}, "GLY-74-PROB": {"PC": 0, "PE": 0, "PG": 0, "PI": 0, "PS": 0, "PA": 0, "CL": 0, "SM": 0, "CHOL": 0}, "LEU-75-PROB": {"PC": 0, "PE": 0, "PG": 0, "PI": 0, "PS": 0, "PA": 0, "CL": 0, "SM": 0, "CHOL": 0}, "MET-76-PROB": {"PC": 0, "PE": 0,