{"ASP-0-PROA": {"PC": 0, "PE": 0, "PG": 0, "PI": 0, "PS": 0, "PA": 0, "CL": 0, "SM": 0, "CHOL": 0}, "ALA-1-PROA": {"PC": [3.376181132830649e-06, -0.0014439028030204975, 0.07473516094779968], "PE": 0, "PG": 0, "PI": 0, "PS": 0, "PA": 0, "CL": 0, "SM": 0, "CHOL": [3.3125175684302594e-05, -0.005364513460203753, 0.17487325684913566]}, "GLU-2-PROA": {"PC": [3.1891605805603165e-07, -0.00023683387725714067, 0.033058200429878226], "PE": 0, "PG": 0, "PI": 0, "PS": 0, "PA": 0, "CL": 0, "SM": 0, "CHOL": [4.445538431688025e-06, -0.0012237984227803636, 0.07093883379599404]}, "PHE-3-PROA": {"PC": [6.486493182586675e-07, -0.0004341788262857992, 0.046607154617838625], "PE": 0, "PG": 0, "PI": 0, "PS": 0, "PA": 0, "CL": 0, "SM": 0, "CHOL": [3.640108243304201e-06, -0.0012546400514732929, 0.07990891494599786]}, "ARG-4-PROA": {"PC": [3.796607434558593e-09, -1.6757724217183225e-05, 0.009581890745405528], "PE": 0, "PG": 0, "PI": 0, "PS": 0, "PA": 0, "CL": 0, "SM": 0, "CHOL": [4.17513943464446e-07, -0.0002661693735561724, 0.033671501422642885]}, "TYR-9-PROA": {"PC": [6.050401146515727e-08, -0.00011909888633166029, 0.02582526103685624], "PE": 0, "PG": 0, "PI": 0, "PS": 0, "PA": 0, "CL": 0, "SM": 0, "CHOL": 0}, "GLU-10-PROA": {"PC": [4.362537983270661e-07, -0.00030780078833474547, 0.04028617206192816], "PE": 0, "PG": 0, "PI": 0, "PS": 0, "PA": 0, "CL": 0, "SM": 0, "CHOL": [1.6600534252401647e-05, -0.002511501272347136, 0.09461633597795029]}, "VAL-11-PROA": {"PC": [2.3801080107949e-06, -0.0011219975469945011, 0.0973308058809011], "PE": 0, "PG": 0, "PI": 0, "PS": 0, "PA": 0, "CL": 0, "SM": 0, "CHOL": 0}, "HSD-12-PROA": {"PC": [1.4334940852643018e-08, -6.689869475786302e-05, 0.013701079185177493], "PE": 0, "PG": 0, "PI": 0, "PS": 0, "PA": 0, "CL": 0, "SM": 0, "CHOL": [-2.408036447618074e-19, 4.390210432779034e-18, 0.25000000000000033]}, "HSD-13-PROA": {"PC": [4.230708823200711e-05, -0.0074771390481021245, 0.17853223989312392], "PE": 0, "PG": 0, "PI": 0, "PS": 0, "PA": 0, "CL": 0, "SM": 0, "CHOL": [1.036477799682031, 4.156275976724942, 16.66666666666702]}, "GLN-14-PROA": {"PC": [1.5469261868031557e-09, -9.07256966065924e-06, 0.011512930550943993], "PE": 0, "PG": 0, "PI": 0, "PS": 0, "PA": 0, "CL": 0, "SM": 0, "CHOL": [1.5608296297608234e-06, -0.0006626761524855076, 0.05055976010466445]}, "LYS-15-PROA": {"PC": [9.333384220914644e-08, -0.00010507257965857773, 0.030646583192763446], "PE": 0, "PG": 0, "PI": 0, "PS": 0, "PA": 0, "CL": 0, "SM": 0, "CHOL": [6.22435765919313e-06, -0.0008570105339236152, 0.022507918411987484]}, "LEU-16-PROA": {"PC": [7.249042397516284e-09, -3.370105387593182e-05, 0.009940843395005816], "PE": 0, "PG": 0, "PI": 0, "PS": 0, "PA": 0, "CL": 0, "SM": 0, "CHOL": [1.7714951462451417e-07, -0.00013144664932069, 0.02091392349931347]}, "VAL-17-PROA": {"PC": [8.919988543706385e-09, -2.9909671028308556e-05, 0.0107732264366051], "PE": 0, "PG": 0, "PI": 0, "PS": 0, "PA": 0, "CL": 0, "SM": 0, "CHOL": [1.0988845640700617e-08, -3.156342511363175e-05, 0.01746803540172794]}, "PHE-18-PROA": {"PC": [5.178383566937677e-09, -2.268718017612032e-05, 0.011533875427142315], "PE": 0, "PG": 0, "PI": 0, "PS": 0, "PA": 0, "CL": 0, "SM": 0, "CHOL": [9.421914082606528e-06, -0.0024754711508550753, 0.10854530275667172]}, "PHE-19-PROA": {"PC": [3.422384957745022e-07, -0.0003131798275577638, 0.036084894891626], "PE": 0, "PG": 0, "PI": 0, "PS": 0, "PA": 0, "CL": 0, "SM": 0, "CHOL": [5.3659773860242005e-08, -7.511138600695511e-05, 0.018033191736577203]}, "ALA-20-PROA": {"PC": [1.093155858439643e-08, -4.084436247885286e-05, 0.014907508956739729], "PE": 0, "PG": 0, "PI": 0, "PS": 0, "PA": 0, "CL": 0, "SM": 0, "CHOL": [8.849524472399497e-07, -0.0006415290805436531, 0.08093841297720843]}, "GLU-21-PROA": {"PC": [-1.271530343169597e-07, -9.830814886254925e-05, 0.042803707693670284], "PE": 0, "PG": 0, "PI": 0, "PS": 0, "PA": 0, "CL": 0, "SM": 0, "CHOL": [7.346758499676877e-05, -0.008079386425641833, 0.16459611924321416]}, "ASP-22-PROA": {"PC": [9.803395759134107e-07, -0.0008169656665172418, 0.056882120474351136], "PE": 0, "PG": 0, "PI": 0, "PS": 0, "PA": 0, "CL": 0, "SM": 0, "CHOL": [0.00019560309521480713, -0.011722874425777675, 0.23402735508620817]}, "VAL-23-PROA": {"PC": [9.521389961964122e-06, -0.002590124341327188, 0.09884933010913963], "PE": 0, "PG": 0, "PI": 0, "PS": 0, "PA": 0, "CL": 0, "SM": 0, "CHOL": [-0.016165853816497534, 0.3367761071494032, -0.2073832791004035]}, "GLY-24-PROA": {"PC": [6.212650982377253e-06, -0.002091813030890758, 0.11077055100966096], "PE": 0, "PG": 0, "PI": 0, "PS": 0, "PA": 0, "CL": 0, "SM": 0, "CHOL": [5.683685292556177e-09, -1.1418004147426739e-05, 0.0064144046897284205]}, "SER-25-PROA": {"PC": [4.2519946621915154e-06, -0.0011498888878888486, 0.07872426111338207], "PE": 0, "PG": 0, "PI": 0, "PS": 0, "PA": 0, "CL": 0, "SM": 0, "CHOL": [0.02657709557272023, 0.2897419942884237, 2.8174297865655733]}, "ASN-26-PROA": {"PC": [7.027822252885951e-05, -0.011263030311862345, 0.42271614224561294], "PE": 0, "PG": 0, "PI": 0, "PS": 0, "PA": 0, "CL": 0, "SM": 0, "CHOL": [0.04809440620752882, -1.3420167406589514, 9.257380419349552]}, "LYS-27-PROA": {"PC": [9.272825922414001e-06, -0.002205352719090863, 0.08634669738475606], "PE": 0, "PG": 0, "PI": 0, "PS": 0, "PA": 0, "CL": 0, "SM": 0, "CHOL": 0}, "GLY-28-PROA": {"PC": [1.1121950271382019e-05, -0.004427926799331635, 0.1449095650342969], "PE": 0, "PG": 0, "PI": 0, "PS": 0, "PA": 0, "CL": 0, "SM": 0, "CHOL": [0.13749094965824168, 1.5137753557372404, 16.66666666666702]}, "ALA-29-PROA": {"PC": [1.2851420846720552e-06, -0.0007434447745622784, 0.0518053619585397], "PE": 0, "PG": 0, "PI": 0, "PS": 0, "PA": 0, "CL": 0, "SM": 0, "CHOL": 0}, "ILE-30-PROA": {"PC": [1.1118083004051399e-05, -0.002740337330985548, 0.13779312000057334], "PE": 0, "PG": 0, "PI": 0, "PS": 0, "PA": 0, "CL": 0, "SM": 0, "CHOL": [0.001439630719822113, -0.07867437073220787, 0.7491732387319572]}, "ILE-31-PROA": {"PC": [8.367079748138652e-08, -0.00011454551823664263, 0.02326386173500951], "PE": 0, "PG": 0, "PI": 0, "PS": 0, "PA": 0, "CL": 0, "SM": 0, "CHOL": [8.006352767485178e-05, -0.010593605961713472, 0.32721126185030824]}, "GLY-32-PROA": {"PC": [1.7742017317556376e-05, -0.0033861256967343315, 0.11016851918157866], "PE": 0, "PG": 0, "PI": 0, "PS": 0, "PA": 0, "CL": 0, "SM": 0, "CHOL": [1.442362307593314e-09, -6.4513637807989495e-06, 0.006663850562456166]}, "LEU-33-PROA": {"PC": [3.7068083702539853e-09, -1.5617277446562947e-05, 0.010065009737731986], "PE": 0, "PG": 0, "PI": 0, "PS": 0, "PA": 0, "CL": 0, "SM": 0, "CHOL": [1.1226928042571694e-06, -0.000519458095178908, 0.044136368831347104]}, "MET-34-PROA": {"PC": [2.9575436807090303e-08, -6.07468621210764e-05, 0.019271324985429262], "PE": 0, "PG": 0, "PI": 0, "PS": 0, "PA": 0, "CL": 0, "SM": 0, "CHOL": [4.147827380515674e-09, -1.926678415888062e-05, 0.009860997626061402]}, "VAL-35-PROA": {"PC": [1.659425444930909e-09, -9.28983118157809e-06, 0.01110103310702387], "PE": 0, "PG": 0, "PI": 0, "PS": 0, "PA": 0, "CL": 0, "SM": 0, "CHOL": [5.672803228463485e-08, -8.313825839887585e-05, 0.020736753513342674]}, "GLY-36-PROA": {"PC": [3.1506836377267486e-07, -0.000192777157024738, 0.04495572210470349], "PE": 0, "PG": 0, "PI": 0, "PS": 0, "PA": 0, "CL": 0, "SM": 0, "CHOL": [-3.7540033845743376e-09, 6.726725348067864e-06, 0.00517165765607427]}, "GLY-37-PROA": {"PC": [1.704288842179736e-09, -7.336274008391613e-06, 0.005883585265381724], "PE": 0, "PG": 0, "PI": 0, "PS": 0, "PA": 0, "CL": 0, "SM": 0, "CHOL": [1.1364876261885354e-06, -0.00044257186609861774, 0.03532722211203599]}, "VAL-38-PROA": {"PC": [1.9327257385735132e-08, -2.357097091658686e-05, 0.007088739286871597], "PE": 0, "PG": 0, "PI": 0, "PS": 0, "PA": 0, "CL": 0, "SM": 0, "CHOL": [2.0775123786599727e-06, -0.0008271101394029877, 0.061460214831471675]}, "VAL-39-PROA": {"PC": [1.2743259345907323e-08, -4.2790758769292415e-05, 0.015253151132983504], "PE": 0, "PG": 0, "PI": 0, "PS": 0, "PA": 0, "CL": 0, "SM": 0,