{"PHE-3-PROA": {"PC": [4.7219766434073775e-07, -0.00034451898792965647, 0.049078782829401174], "PE": 0, "PG": 0, "PI": 0, "PS": 0, "PA": 0, "CL": 0, "SM": 0, "CHOL": [-0.00011101570185902726, 0.006677227412247398, 0.13251092333642417]}, "ARG-4-PROA": {"PC": [1.8861740028843514e-08, -4.889610635396766e-05, 0.020294854954744774], "PE": 0, "PG": 0, "PI": 0, "PS": 0, "PA": 0, "CL": 0, "SM": 0, "CHOL": [6.766413968026974e-08, -0.00013944711558586774, 0.02664047932740213]}, "SER-7-PROA": {"PC": [2.2156820043072643e-06, -0.0010849348299309578, 0.07482809648661906], "PE": 0, "PG": 0, "PI": 0, "PS": 0, "PA": 0, "CL": 0, "SM": 0, "CHOL": [0.005492091201725952, -0.16407319973176474, 0.7840374959992004]}, "GLY-8-PROA": {"PC": [1.4582224642110252e-07, -0.0002228132274263919, 0.032554793079720985], "PE": 0, "PG": 0, "PI": 0, "PS": 0, "PA": 0, "CL": 0, "SM": 0, "CHOL": [-0.01288788643160258, 0.3052371189101987, -0.44447106806476905]}, "TYR-9-PROA": {"PC": [1.8753842120491854e-07, -0.0002887837529148228, 0.033747998117137926], "PE": 0, "PG": 0, "PI": 0, "PS": 0, "PA": 0, "CL": 0, "SM": 0, "CHOL": [0.052179962894249504, -0.48005565862710187, 1.2577496907854566]}, "GLU-10-PROA": {"PC": [7.266061096278534e-08, -0.00012282363753586377, 0.023990141575813348], "PE": 0, "PG": 0, "PI": 0, "PS": 0, "PA": 0, "CL": 0, "SM": 0, "CHOL": [3.483866236638239e-09, -1.3676415412951284e-05, 0.01016592886172661]}, "VAL-11-PROA": {"PC": [3.5295516083379685e-05, -0.007575913462738131, 0.23699571814145962], "PE": 0, "PG": 0, "PI": 0, "PS": 0, "PA": 0, "CL": 0, "SM": 0, "CHOL": [0.00022558757687015597, -0.018057661010363893, 0.3633559795725574]}, "HSD-12-PROA": {"PC": [1.4134574290638223e-07, -0.00015030710331177772, 0.03069354326144561], "PE": 0, "PG": 0, "PI": 0, "PS": 0, "PA": 0, "CL": 0, "SM": 0, "CHOL": [1.1223059937735261e-08, -3.387376094905962e-05, 0.016150924304798354]}, "HSD-13-PROA": {"PC": [1.2440579691164958e-07, -0.0002154530929746505, 0.028693959332395724], "PE": 0, "PG": 0, "PI": 0, "PS": 0, "PA": 0, "CL": 0, "SM": 0, "CHOL": [0.0008941889000187509, -0.051175341563029636, 0.5597466113947241]}, "GLN-14-PROA": {"PC": [1.075594423793118e-07, -0.00012495534144336298, 0.0299945952532476], "PE": 0, "PG": 0, "PI": 0, "PS": 0, "PA": 0, "CL": 0, "SM": 0, "CHOL": [5.416483099979746e-06, -0.0016012957334516462, 0.07507080111714584]}, "LYS-15-PROA": {"PC": [1.684721915419997e-07, -0.00021205008291858056, 0.033839619096983076], "PE": 0, "PG": 0, "PI": 0, "PS": 0, "PA": 0, "CL": 0, "SM": 0, "CHOL": [8.512342557856274e-05, -0.00839276335074674, 0.1798557226017285]}, "LEU-16-PROA": {"PC": [3.4619453654835745e-06, -0.0013252013366788253, 0.07336107661354369], "PE": 0, "PG": 0, "PI": 0, "PS": 0, "PA": 0, "CL": 0, "SM": 0, "CHOL": [6.433448347818109e-06, -0.0016337277515213792, 0.07657461184141388]}, "VAL-17-PROA": {"PC": [3.6374139118683516e-07, -0.0003156187088685065, 0.03340554472671346], "PE": 0, "PG": 0, "PI": 0, "PS": 0, "PA": 0, "CL": 0, "SM": 0, "CHOL": [9.955816895441912e-08, -0.00013200780163205393, 0.022800483143967227]}, "PHE-18-PROA": {"PC": [7.500694906541383e-09, -2.945786090773366e-05, 0.012273980424613003], "PE": 0, "PG": 0, "PI": 0, "PS": 0, "PA": 0, "CL": 0, "SM": 0, "CHOL": [4.351652372496017e-07, -0.00048801212178380826, 0.043519100121948796]}, "PHE-19-PROA": {"PC": [2.5689215027530957e-07, -0.0002476155280587536, 0.036489206465574034], "PE": 0, "PG": 0, "PI": 0, "PS": 0, "PA": 0, "CL": 0, "SM": 0, "CHOL": [2.434809527937715e-08, -4.7495481983236266e-05, 0.014146180418834394]}, "ALA-20-PROA": {"PC": [2.5784823328519693e-08, -8.053733433049168e-05, 0.01697800206225464], "PE": 0, "PG": 0, "PI": 0, "PS": 0, "PA": 0, "CL": 0, "SM": 0, "CHOL": [1.300873246291233e-06, -0.0008321888490728616, 0.05882232485889628]}, "VAL-23-PROA": {"PC": [4.885220104710813e-06, -0.001767972913437613, 0.09170814580391902], "PE": 0, "PG": 0, "PI": 0, "PS": 0, "PA": 0, "CL": 0, "SM": 0, "CHOL": [5.794202022354223e-06, -0.0015747390003062868, 0.07823175485486561]}, "ALA-29-PROA": {"PC": [2.753532302744822e-07, -0.00020588590201113752, 0.02609692076565555], "PE": 0, "PG": 0, "PI": 0, "PS": 0, "PA": 0, "CL": 0, "SM": 0, "CHOL": 0}, "ILE-30-PROA": {"PC": [7.05092862606374e-06, -0.002520375960222789, 0.10343398780798188], "PE": 0, "PG": 0, "PI": 0, "PS": 0, "PA": 0, "CL": 0, "SM": 0, "CHOL": [0.08412340498391382, -1.7312829365545754, 8.473982520546041]}, "ILE-31-PROA": {"PC": [1.32631461371016e-08, -3.8777079639093854e-05, 0.012801898069996185], "PE": 0, "PG": 0, "PI": 0, "PS": 0, "PA": 0, "CL": 0, "SM": 0, "CHOL": [-8.266502444502254e-06, 0.0026742345299661384, -0.0002206665576978683]}, "GLY-32-PROA": {"PC": [1.35114203033111e-07, -0.00017638292806804474, 0.029003704977331405], "PE": 0, "PG": 0, "PI": 0, "PS": 0, "PA": 0, "CL": 0, "SM": 0, "CHOL": [1.65908784861309e-08, -3.1668569436104744e-05, 0.012700879383857121]}, "LEU-33-PROA": {"PC": [2.634044933491398e-08, -6.058038113925871e-05, 0.015122120743750044], "PE": 0, "PG": 0, "PI": 0, "PS": 0, "PA": 0, "CL": 0, "SM": 0, "CHOL": [4.2720757343152076e-05, -0.006790137664259619, 0.1795473180652656]}, "MET-34-PROA": {"PC": [4.3873259679758333e-07, -0.0003621144897200358, 0.04916661490882102], "PE": 0, "PG": 0, "PI": 0, "PS": 0, "PA": 0, "CL": 0, "SM": 0, "CHOL": [1.5262704345419465e-06, -0.000938519317772959, 0.0734860029140654]}, "VAL-35-PROA": {"PC": [4.5010736654285105e-07, -0.0003395487916752057, 0.04021094917883668], "PE": 0, "PG": 0, "PI": 0, "PS": 0, "PA": 0, "CL": 0, "SM": 0, "CHOL": [2.8535920408060606e-08, -7.100518517527518e-05, 0.019615870009203513]}, "GLY-36-PROA": {"PC": [3.727022078291182e-09, -1.868247582467888e-05, 0.011515404414420402], "PE": 0, "PG": 0, "PI": 0, "PS": 0, "PA": 0, "CL": 0, "SM": 0, "CHOL": [1.2937859203330853e-06, -0.0008012939872244719, 0.07767865193437162]}, "GLY-37-PROA": {"PC": [1.4829609824745168e-07, -0.00013663356574267828, 0.020351176757439908], "PE": 0, "PG": 0, "PI": 0, "PS": 0, "PA": 0, "CL": 0, "SM": 0, "CHOL": [1.1353461995990704e-08, -3.200345941632606e-05, 0.012897007552788364]}, "VAL-38-PROA": {"PC": [5.717770850196872e-08, -8.661827452880305e-05, 0.025212796339599438], "PE": 0, "PG": 0, "PI": 0, "PS": 0, "PA": 0, "CL": 0, "SM": 0, "CHOL": [2.5523235991081296e-07, -0.00019140083739716638, 0.025122366703450263]}, "VAL-39-PROA": {"PC": [4.5461382700215775e-08, -8.286413470514889e-05, 0.02523017141367191], "PE": 0, "PG": 0, "PI": 0, "PS": 0, "PA": 0, "CL": 0, "SM": 0, "CHOL": [8.737639643308715e-09, -3.381412789665212e-05, 0.01507268784574683]}, "ILE-40-PROA": {"PC": [1.1254464124945839e-06, -0.0007453320407861349, 0.07986043404029923], "PE": 0, "PG": 0, "PI": 0, "PS": 0, "PA": 0, "CL": 0, "SM": 0, "CHOL": 0}, "TYR-51-PROB": {"PC": 0, "PE": 0, "PG": 0, "PI": 0, "PS": 0, "PA": 0, "CL": 0, "SM": 0, "CHOL": 0}, "VAL-53-PROB": {"PC": 0, "PE": 0, "PG": 0, "PI": 0, "PS": 0, "PA": 0, "CL": 0, "SM": 0, "CHOL": 0}, "HSD-55-PROB": {"PC": 0, "PE": 0, "PG": 0, "PI": 0, "PS": 0, "PA": 0, "CL": 0, "SM": 0, "CHOL": 0}, "ALA-71-PROB": {"PC": 0, "PE": 0, "PG": 0, "PI": 0, "PS": 0, "PA": 0, "CL": 0, "SM": 0, "CHOL": 0}, "ILE-72-PROB": {"PC": 0, "PE": 0, "PG": 0, "PI": 0, "PS": 0, "PA": 0, "CL": 0, "SM": 0, "CHOL": 0}, "ILE-73-PROB": {"PC": 0, "PE": 0, "PG": 0, "PI": 0, "PS": 0, "PA": 0, "CL": 0, "SM": 0, "CHOL": 0}, "GLY-74-PROB": {"PC": 0, "PE": 0, "PG": 0, "PI": 0, "PS": 0, "PA": 0, "CL": 0, "SM": 0, "CHOL": 0}, "LEU-75-PROB": {"PC": 0, "PE": 0, "PG": 0, "PI": 0, "PS": 0, "PA": 0, "CL": 0, "SM": 0, "CHOL": 0}, "MET-76-PROB": {"PC": 0, "PE": 0, "PG": 0, "PI": 0, "PS": 0, "PA": 0, "CL": 0, "SM": 0, "CHOL": 0}, "VAL-77-PROB": {"PC": 0, "PE": 0, "PG": 0, "PI": 0, "PS": 0, "PA": 0, "CL": 0, "SM": 0, "CHOL": 0}, "GLY-78-PROB": {"PC": 0, "PE": 0, "PG": 0, "PI": 0, "PS": 0, "PA": 0, "CL": 0, "SM": 0, "CHOL": 0}, "GLY-79-PROB": {"PC": 0, "PE": 0, "PG": 0, "PI": 0, "PS": 0, "PA": 0, "CL": 0, "SM": 0, "CHOL": 0}, "VAL-80-PROB": {"PC": 0, "PE": 0, "PG": 0, "PI": 0, "PS": 0, "PA": 0, "CL": 0, "SM": 0, "CHOL": 0},