{"PHE-3-PROA": {"PC": [7.0343262476631e-07, -0.00045318682636344795, 0.05189221392874427], "PE": 0, "PG": 0, "PI": 0, "PS": 0, "PA": 0, "CL": 0, "SM": 0, "CHOL": 0, "OTHER": [5.1710588768699476e-05, -0.008051129332630877, 0.3976664642065988]}, "TYR-9-PROA": {"PC": [-1.4523985824815499e-06, 0.00018863726314605114, 0.033553683937869325], "PE": 0, "PG": 0, "PI": 0, "PS": 0, "PA": 0, "CL": 0, "SM": 0, "CHOL": 0, "OTHER": [0.14173658360380137, -2.955989306209456, 14.116923829775441]}, "GLU-10-PROA": {"PC": [1.1835717030607521e-09, -7.19646497594394e-06, 0.006511791479839846], "PE": 0, "PG": 0, "PI": 0, "PS": 0, "PA": 0, "CL": 0, "SM": 0, "CHOL": 0, "OTHER": [8.48734327589684e-07, -0.0005036909412123334, 0.07815975414081536]}, "VAL-11-PROA": {"PC": [1.2412120671133374e-06, -0.000766652083910006, 0.06482877605572791], "PE": 0, "PG": 0, "PI": 0, "PS": 0, "PA": 0, "CL": 0, "SM": 0, "CHOL": 0, "OTHER": 0}, "HSD-12-PROA": {"PC": [1.4137018293960697e-09, -1.0868769649057231e-05, 0.0074863802860389555], "PE": 0, "PG": 0, "PI": 0, "PS": 0, "PA": 0, "CL": 0, "SM": 0, "CHOL": 0, "OTHER": [0.00037348322800874657, -0.03330816756655983, 0.6982619104323831]}, "HSD-13-PROA": {"PC": [3.700856189234328e-09, -1.9756334857778762e-05, 0.010196429186238727], "PE": 0, "PG": 0, "PI": 0, "PS": 0, "PA": 0, "CL": 0, "SM": 0, "CHOL": 0, "OTHER": [0.057602339484458004, 0.9798157946306305, 16.666666666667027]}, "GLN-14-PROA": {"PC": [5.811383551886593e-09, -2.420839735129317e-05, 0.011302109357098732], "PE": 0, "PG": 0, "PI": 0, "PS": 0, "PA": 0, "CL": 0, "SM": 0, "CHOL": 0, "OTHER": [6.320640445790749e-07, -0.00041358975227779346, 0.04560365551453688]}, "LYS-15-PROA": {"PC": [2.0372705899872956e-09, -1.1421792883888434e-05, 0.009274864905795844], "PE": 0, "PG": 0, "PI": 0, "PS": 0, "PA": 0, "CL": 0, "SM": 0, "CHOL": 0, "OTHER": [0.002849120537836041, -0.14265904958495595, 1.0182193244045874]}, "LEU-16-PROA": {"PC": [2.8207719588428835e-08, -7.028162839078296e-05, 0.01540005718257194], "PE": 0, "PG": 0, "PI": 0, "PS": 0, "PA": 0, "CL": 0, "SM": 0, "CHOL": 0, "OTHER": [2.1450411305735125e-08, -4.574178735041968e-05, 0.0172707922111394]}, "VAL-17-PROA": {"PC": [4.3314636311649095e-09, -2.4103558705349864e-05, 0.010417267498544542], "PE": 0, "PG": 0, "PI": 0, "PS": 0, "PA": 0, "CL": 0, "SM": 0, "CHOL": 0, "OTHER": [4.286998551026569e-07, -0.0003302971128455168, 0.03387769156087199]}, "PHE-18-PROA": {"PC": [5.966859519401402e-08, -0.00010300301376033455, 0.0188429500041201], "PE": 0, "PG": 0, "PI": 0, "PS": 0, "PA": 0, "CL": 0, "SM": 0, "CHOL": 0, "OTHER": [3.6531292330656277e-08, -3.926319615947059e-05, 0.007836439233599094]}, "PHE-19-PROA": {"PC": [1.0842787598071926e-08, -4.031638317575271e-05, 0.014062948327403901], "PE": 0, "PG": 0, "PI": 0, "PS": 0, "PA": 0, "CL": 0, "SM": 0, "CHOL": 0, "OTHER": [-3.081506960183698e-05, 0.0021569854146733635, 0.20656794737222847]}, "ALA-20-PROA": {"PC": [2.5048509378496385e-08, -6.848172445979747e-05, 0.01817739493958883], "PE": 0, "PG": 0, "PI": 0, "PS": 0, "PA": 0, "CL": 0, "SM": 0, "CHOL": 0, "OTHER": [4.5394536870428315e-05, -0.004724429207832506, 0.11209075789142815]}, "GLU-21-PROA": {"PC": [5.599114592485934e-07, -0.00037384320008301255, 0.03600467879598789], "PE": 0, "PG": 0, "PI": 0, "PS": 0, "PA": 0, "CL": 0, "SM": 0, "CHOL": 0, "OTHER": 0}, "ASP-22-PROA": {"PC": [2.811027315448643e-07, -0.00026704919394489486, 0.03788746724138579], "PE": 0, "PG": 0, "PI": 0, "PS": 0, "PA": 0, "CL": 0, "SM": 0, "CHOL": 0, "OTHER": [0.631799580235981, 1.3350654221299767, -10.577096933408065]}, "VAL-23-PROA": {"PC": [4.762408162850676e-06, -0.001608796767004269, 0.08563257480218392], "PE": 0, "PG": 0, "PI": 0, "PS": 0, "PA": 0, "CL": 0, "SM": 0, "CHOL": 0, "OTHER": 0}, "GLY-24-PROA": {"PC": [3.735733319392493e-09, -1.6071930446894864e-05, 0.010404707438775194], "PE": 0, "PG": 0, "PI": 0, "PS": 0, "PA": 0, "CL": 0, "SM": 0, "CHOL": 0, "OTHER": 0}, "LYS-27-PROA": {"PC": [5.965010720390466e-06, -0.0018484544434838647, 0.08742580792537939], "PE": 0, "PG": 0, "PI": 0, "PS": 0, "PA": 0, "CL": 0, "SM": 0, "CHOL": 0, "OTHER": 0}, "GLY-28-PROA": {"PC": [2.7506780970350526e-07, -0.0002810290388045297, 0.028073980433519677], "PE": 0, "PG": 0, "PI": 0, "PS": 0, "PA": 0, "CL": 0, "SM": 0, "CHOL": 0, "OTHER": 0}, "ALA-29-PROA": {"PC": [1.077333621446698e-06, -0.0005532133654178804, 0.047917049173442264], "PE": 0, "PG": 0, "PI": 0, "PS": 0, "PA": 0, "CL": 0, "SM": 0, "CHOL": 0, "OTHER": 0}, "ILE-30-PROA": {"PC": [1.5343743701152282e-07, -0.0001994297108046223, 0.02957428786870376], "PE": 0, "PG": 0, "PI": 0, "PS": 0, "PA": 0, "CL": 0, "SM": 0, "CHOL": 0, "OTHER": 0}, "ILE-31-PROA": {"PC": [5.520817372531816e-09, -2.1771121546705117e-05, 0.01152022450870542], "PE": 0, "PG": 0, "PI": 0, "PS": 0, "PA": 0, "CL": 0, "SM": 0, "CHOL": 0, "OTHER": [3.8438421975071583e-07, -0.0003314223040298861, 0.05015698296851867]}, "GLY-32-PROA": {"PC": [3.2502438391703464e-09, -1.3713433143140459e-05, 0.009243910601333482], "PE": 0, "PG": 0, "PI": 0, "PS": 0, "PA": 0, "CL": 0, "SM": 0, "CHOL": 0, "OTHER": [-0.00031897477918082297, 0.026141750630154996, -0.07383845280297585]}, "LEU-33-PROA": {"PC": [2.856942782045492e-08, -7.107526886326236e-05, 0.01921569887909984], "PE": 0, "PG": 0, "PI": 0, "PS": 0, "PA": 0, "CL": 0, "SM": 0, "CHOL": 0, "OTHER": [-5.972732140698822e-08, 9.340007743979746e-05, -0.005827310368587409]}, "MET-34-PROA": {"PC": [3.591709144186653e-08, -7.134448631449766e-05, 0.02122829544670454], "PE": 0, "PG": 0, "PI": 0, "PS": 0, "PA": 0, "CL": 0, "SM": 0, "CHOL": 0, "OTHER": [-7.600526951437723e-09, 5.769838310833529e-06, 0.010539385983380957]}, "VAL-35-PROA": {"PC": [1.3683386835456108e-08, -3.8247234206585374e-05, 0.01490989149464653], "PE": 0, "PG": 0, "PI": 0, "PS": 0, "PA": 0, "CL": 0, "SM": 0, "CHOL": 0, "OTHER": [2.6623654635863474e-08, -6.621869711257537e-05, 0.02138404206011054]}, "GLY-36-PROA": {"PC": [1.6521738201976661e-09, -1.559096230044095e-05, 0.006167068340303479], "PE": 0, "PG": 0, "PI": 0, "PS": 0, "PA": 0, "CL": 0, "SM": 0, "CHOL": 0, "OTHER": 0}, "GLY-37-PROA": {"PC": [4.658567122440983e-09, -2.03325119834821e-05, 0.01117792537586613], "PE": 0, "PG": 0, "PI": 0, "PS": 0, "PA": 0, "CL": 0, "SM": 0, "CHOL": 0, "OTHER": [-0.2925688887280393, 0.6018265881486353, 14.505708094191478]}, "VAL-38-PROA": {"PC": [1.4422124227476898e-08, -3.536626796741022e-05, 0.015470431424975709], "PE": 0, "PG": 0, "PI": 0, "PS": 0, "PA": 0, "CL": 0, "SM": 0, "CHOL": 0, "OTHER": [0.033901752187682814, -0.7028731403274532, 3.1725490692881335]}, "ILE-40-PROA": {"PC": [5.844143647710108e-08, -9.567526170068495e-05, 0.027179355133939927], "PE": 0, "PG": 0, "PI": 0, "PS": 0, "PA": 0, "CL": 0, "SM": 0, "CHOL": 0, "OTHER": 0}, "ILE-72-PROB": {"PC": 0, "PE": 0, "PG": 0, "PI": 0, "PS": 0, "PA": 0, "CL": 0, "SM": 0, "CHOL": 0, "OTHER": 0}, "ILE-73-PROB": {"PC": 0, "PE": 0, "PG": 0, "PI": 0, "PS": 0, "PA": 0, "CL": 0, "SM": 0, "CHOL": 0, "OTHER": 0}, "GLY-74-PROB": {"PC": 0, "PE": 0, "PG": 0, "PI": 0, "PS": 0, "PA": 0, "CL": 0, "SM": 0, "CHOL": 0, "OTHER": 0}, "LEU-75-PROB": {"PC": 0, "PE": 0, "PG": 0, "PI": 0, "PS": 0, "PA": 0, "CL": 0, "SM": 0, "CHOL": 0, "OTHER": 0}, "MET-76-PROB": {"PC": 0, "PE": 0, "PG": 0, "PI": 0, "PS": 0, "PA": 0, "CL": 0, "SM": 0, "CHOL": 0, "OTHER": 0}, "VAL-77-PROB": {"PC": 0, "PE": 0, "PG": 0, "PI": 0, "PS": 0, "PA": 0, "CL": 0, "SM": 0, "CHOL": 0, "OTHER": 0}, "GLY-78-PROB": {"PC": 0, "PE": 0, "PG": 0, "PI": 0, "PS": 0, "PA": 0, "CL": 0, "SM": 0, "CHOL": 0, "OTHER": 0}, "GLY-79-PROB": {"PC": 0, "PE": 0, "PG": 0, "PI": 0, "PS": 0, "PA": 0, "CL": 0, "SM": 0, "CHOL": 0, "OTHER": 0}, "VAL-80-PROB": {"PC": 0, "PE": 0, "PG": 0, "PI": 0, "PS": 0, "PA": 0, "CL": 0, "SM": 0, "CHOL": 0, "OTHER": 0}, "VAL-81-PROB": {"PC": 0, "PE": 0, "PG": 0, "PI": 0, "PS": 0, "PA": 0, "CL": 0, "SM": 0, "CHOL": 0, "OTHER": 0}, "ILE-82-PROB": {"PC": 0, "PE": 0, "PG": 0, "PI": 0, "PS": 0, "PA": 0, "CL": 0, "SM": 0, "CHOL": 0, "OTHER": 0}, "ALA-83-PROB": {"PC": 0, "PE": 0, "PG": 0, "PI": 0,