{"TYR-9-PROA": {"PC": [-2.7653082927485938e-05, 0.00597487142849994, 0.0007465590109555076], "PE": 0, "PG": 0, "PI": 0, "PS": 0, "PA": 0, "CL": 0, "SM": 0, "CHOL": 0}, "VAL-11-PROA": {"PC": [0.00016590931000314793, -0.014883041172862894, 0.25368346261456315], "PE": 0, "PG": 0, "PI": 0, "PS": 0, "PA": 0, "CL": 0, "SM": 0, "CHOL": 0}, "HSD-12-PROA": {"PC": [1.293979744169065e-06, -0.00048692521232773317, 0.03989672269754534], "PE": 0, "PG": 0, "PI": 0, "PS": 0, "PA": 0, "CL": 0, "SM": 0, "CHOL": [2.501374547826588e-07, -0.0002425420682316813, 0.036488465126501717]}, "HSD-13-PROA": {"PC": [3.744794412358882e-06, -0.0016671406354351716, 0.09026819228133605], "PE": 0, "PG": 0, "PI": 0, "PS": 0, "PA": 0, "CL": 0, "SM": 0, "CHOL": [2.7471805035030554e-07, -0.00019203259531833038, 0.04053568339677503]}, "GLN-14-PROA": {"PC": [7.731982216719605e-09, -3.057814905988896e-05, 0.014093088461919432], "PE": 0, "PG": 0, "PI": 0, "PS": 0, "PA": 0, "CL": 0, "SM": 0, "CHOL": 0}, "LYS-15-PROA": {"PC": [4.120896226294538e-07, -0.0003644209374315692, 0.03273544487883762], "PE": 0, "PG": 0, "PI": 0, "PS": 0, "PA": 0, "CL": 0, "SM": 0, "CHOL": [1.650028274227646e-06, -0.0007599926223318024, 0.052032433586452466]}, "LEU-16-PROA": {"PC": [2.4354181841324427e-08, -6.273894818636477e-05, 0.01942493357206676], "PE": 0, "PG": 0, "PI": 0, "PS": 0, "PA": 0, "CL": 0, "SM": 0, "CHOL": [9.052664813500526e-06, -0.0014298058211253118, 0.0982620232528322]}, "VAL-17-PROA": {"PC": [1.12851541939812e-08, -3.848911208902913e-05, 0.015709983786256352], "PE": 0, "PG": 0, "PI": 0, "PS": 0, "PA": 0, "CL": 0, "SM": 0, "CHOL": [1.738655992631731e-06, -0.000854359774587639, 0.07646527175263848]}, "PHE-18-PROA": {"PC": [1.072362055958426e-07, -0.00013488276364069995, 0.030570604215072465], "PE": 0, "PG": 0, "PI": 0, "PS": 0, "PA": 0, "CL": 0, "SM": 0, "CHOL": [2.9535144760265826e-06, -0.001183512708209362, 0.08780518433413628]}, "PHE-19-PROA": {"PC": [1.618651294824799e-07, -0.0001748535742822335, 0.02876958572331575], "PE": 0, "PG": 0, "PI": 0, "PS": 0, "PA": 0, "CL": 0, "SM": 0, "CHOL": [6.190435136034007e-09, -1.913164170412184e-05, 0.008820321138810506]}, "ALA-20-PROA": {"PC": [7.040250083765419e-08, -0.00013126768848492962, 0.0288058992357896], "PE": 0, "PG": 0, "PI": 0, "PS": 0, "PA": 0, "CL": 0, "SM": 0, "CHOL": [8.018117658258675e-07, -0.0005170650023670054, 0.05061908541665776]}, "GLU-21-PROA": {"PC": [7.360568110462709e-06, -0.0024511905264044047, 0.12764186573810737], "PE": 0, "PG": 0, "PI": 0, "PS": 0, "PA": 0, "CL": 0, "SM": 0, "CHOL": [9.714835554664338e-07, -0.0005038798353311936, 0.0610278883610194]}, "ASP-22-PROA": {"PC": [2.5242912502016846e-05, -0.005997451368630791, 0.1790958872518283], "PE": 0, "PG": 0, "PI": 0, "PS": 0, "PA": 0, "CL": 0, "SM": 0, "CHOL": [1.5584678737124752e-06, -0.0010436802923114276, 0.09021526798768767]}, "VAL-23-PROA": {"PC": [4.551096478178082e-06, -0.001659773129477315, 0.08101626244988477], "PE": 0, "PG": 0, "PI": 0, "PS": 0, "PA": 0, "CL": 0, "SM": 0, "CHOL": [7.219171456574294e-06, -0.00229150696987205, 0.09400985782935689]}, "GLY-24-PROA": {"PC": [4.23153447768251e-08, -9.656250912128438e-05, 0.020298628177418763], "PE": 0, "PG": 0, "PI": 0, "PS": 0, "PA": 0, "CL": 0, "SM": 0, "CHOL": [7.495790980094899e-06, -0.0023160298891611807, 0.11440896957409366]}, "SER-25-PROA": {"PC": [3.556791776146602e-07, -0.00029684253431994817, 0.038975774810698825], "PE": 0, "PG": 0, "PI": 0, "PS": 0, "PA": 0, "CL": 0, "SM": 0, "CHOL": 0}, "ASN-26-PROA": {"PC": [1.0156469829449993e-06, -0.0005947379394893213, 0.0705289087012295], "PE": 0, "PG": 0, "PI": 0, "PS": 0, "PA": 0, "CL": 0, "SM": 0, "CHOL": 0}, "LYS-27-PROA": {"PC": [2.72254056726069e-05, -0.003893500935290716, 0.12245569555849872], "PE": 0, "PG": 0, "PI": 0, "PS": 0, "PA": 0, "CL": 0, "SM": 0, "CHOL": 0}, "GLY-28-PROA": {"PC": [3.241911012231469e-06, -0.0013479108069010806, 0.0985949897767747], "PE": 0, "PG": 0, "PI": 0, "PS": 0, "PA": 0, "CL": 0, "SM": 0, "CHOL": 0}, "ALA-29-PROA": {"PC": [2.5311396473031464e-05, -0.0034181311898086706, 0.09816597922574241], "PE": 0, "PG": 0, "PI": 0, "PS": 0, "PA": 0, "CL": 0, "SM": 0, "CHOL": 0}, "ILE-30-PROA": {"PC": [0.000845032140115475, -0.028544261442960267, 0.3995013747197024], "PE": 0, "PG": 0, "PI": 0, "PS": 0, "PA": 0, "CL": 0, "SM": 0, "CHOL": 0}, "ILE-31-PROA": {"PC": [5.2093895014269e-08, -9.259793461445124e-05, 0.02311158782438811], "PE": 0, "PG": 0, "PI": 0, "PS": 0, "PA": 0, "CL": 0, "SM": 0, "CHOL": [3.9613609189954295e-06, -0.0016719140732687665, 0.13365698765145195]}, "GLY-32-PROA": {"PC": [7.297086461679892e-08, -0.00012016480279861969, 0.030281973935819953], "PE": 0, "PG": 0, "PI": 0, "PS": 0, "PA": 0, "CL": 0, "SM": 0, "CHOL": [7.620495175121372e-06, -0.002186209153313119, 0.1143562885595607]}, "LEU-33-PROA": {"PC": [1.9225311806436973e-08, -5.601727350826743e-05, 0.01287001452786811], "PE": 0, "PG": 0, "PI": 0, "PS": 0, "PA": 0, "CL": 0, "SM": 0, "CHOL": [7.266559151122312e-05, -0.005822490357982277, 0.1815685141003391]}, "MET-34-PROA": {"PC": [1.3539598320749905e-08, -4.025063816496972e-05, 0.014577552663248627], "PE": 0, "PG": 0, "PI": 0, "PS": 0, "PA": 0, "CL": 0, "SM": 0, "CHOL": [1.034782644218235e-05, -0.0029056519282123824, 0.1360988951097963]}, "VAL-35-PROA": {"PC": [4.775279583930141e-09, -1.934531576096664e-05, 0.011678577069179736], "PE": 0, "PG": 0, "PI": 0, "PS": 0, "PA": 0, "CL": 0, "SM": 0, "CHOL": [3.552924001448271e-05, -0.007433151162379952, 0.24896062257618076]}, "GLY-36-PROA": {"PC": [1.669162442081924e-08, -4.904593234616394e-05, 0.015961969479649236], "PE": 0, "PG": 0, "PI": 0, "PS": 0, "PA": 0, "CL": 0, "SM": 0, "CHOL": [1.2873361663546145e-08, -2.497753230358188e-05, 0.010762513436458806]}, "GLY-37-PROA": {"PC": [1.7327644410020907e-08, -3.125519369180854e-05, 0.010060778401080434], "PE": 0, "PG": 0, "PI": 0, "PS": 0, "PA": 0, "CL": 0, "SM": 0, "CHOL": [1.5505877946266189e-06, -0.000847571318114788, 0.05802515262757222]}, "VAL-38-PROA": {"PC": [0.00011605990049125882, -0.010772420780408768, 0.22498942665605723], "PE": 0, "PG": 0, "PI": 0, "PS": 0, "PA": 0, "CL": 0, "SM": 0, "CHOL": [7.586759381282558e-08, -0.00010841714336884567, 0.02704729186078833]}, "VAL-39-PROA": {"PC": [0.6640079787198865, 3.3266799733866295, 16.66666666666702], "PE": 0, "PG": 0, "PI": 0, "PS": 0, "PA": 0, "CL": 0, "SM": 0, "CHOL": [3.7590344362893483e-08, -5.1485443426938844e-05, 0.013654071832136615]}, "ILE-40-PROA": {"PC": [0.00039431545821875825, -0.039412801218757704, 0.7152403665089726], "PE": 0, "PG": 0, "PI": 0, "PS": 0, "PA": 0, "CL": 0, "SM": 0, "CHOL": [1.1012241052179427e-08, -2.558830572542491e-05, 0.00966144085346045]}, "ALA-41-PROA": {"PC": [2.1163777757437205e-06, -0.0010376639428273003, 0.09043741826772997], "PE": 0, "PG": 0, "PI": 0, "PS": 0, "PA": 0, "CL": 0, "SM": 0, "CHOL": [3.362330948124694e-08, -8.254302230088827e-05, 0.02256486722392979]}, "ASN-68-PROB": {"PC": 0, "PE": 0, "PG": 0, "PI": 0, "PS": 0, "PA": 0, "CL": 0, "SM": 0, "CHOL": 0}, "GLY-70-PROB": {"PC": 0, "PE": 0, "PG": 0, "PI": 0, "PS": 0, "PA": 0, "CL": 0, "SM": 0, "CHOL": 0}, "ALA-71-PROB": {"PC": 0, "PE": 0, "PG": 0, "PI": 0, "PS": 0, "PA": 0, "CL": 0, "SM": 0, "CHOL": 0}, "ILE-72-PROB": {"PC": 0, "PE": 0, "PG": 0, "PI": 0, "PS": 0, "PA": 0, "CL": 0, "SM": 0, "CHOL": 0}, "ILE-73-PROB": {"PC": 0, "PE": 0, "PG": 0, "PI": 0, "PS": 0, "PA": 0, "CL": 0, "SM": 0, "CHOL": 0}, "GLY-74-PROB": {"PC": 0, "PE": 0, "PG": 0, "PI": 0, "PS": 0, "PA": 0, "CL": 0, "SM": 0, "CHOL": 0}, "LEU-75-PROB": {"PC": 0, "PE": 0, "PG": 0, "PI": 0, "PS": 0, "PA": 0, "CL": 0, "SM": 0, "CHOL": 0}, "MET-76-PROB": {"PC": 0, "PE": 0, "PG": 0, "PI": 0, "PS": 0, "PA": 0, "CL": 0, "SM": 0, "CHOL": 0}, "VAL-77-PROB": {"PC": 0, "PE": 0, "PG": 0, "PI": 0, "PS": 0, "PA": 0, "CL": 0, "SM": 0, "CHOL": 0}, "GLY-78-PROB": {"PC": 0, "PE": 0, "PG": 0, "PI": 0, "PS": 0, "PA": 0, "CL": 0, "SM": 0, "CHOL": 0}, "GLY-79-PROB": {"PC": 0, "PE": 0, "PG": 0, "PI": 0, "PS": 0, "PA": 0, "CL": 0, "SM": 0, "CHOL": 0},