{"PHE-3-PROA": {"PC": [2.4029026187768843e-07, -0.00041099703918113454, 0.03710908016046199], "PE": 0, "PG": 0, "PI": 0, "PS": 0, "PA": 0, "CL": 0, "SM": 0, "CHOL": 0, "OTHER": 0}, "ARG-4-PROA": {"PC": [1.4426424963377967e-07, -0.00022663291152718657, 0.03434039008598402], "PE": 0, "PG": 0, "PI": 0, "PS": 0, "PA": 0, "CL": 0, "SM": 0, "CHOL": 0, "OTHER": [0.46142360255555837, 2.7731558513589047, 16.66666666666702]}, "TYR-9-PROA": {"PC": [1.3738586021465675e-06, -0.0005873601782632818, 0.04074116361962173], "PE": 0, "PG": 0, "PI": 0, "PS": 0, "PA": 0, "CL": 0, "SM": 0, "CHOL": 0, "OTHER": 0}, "GLU-10-PROA": {"PC": [2.7620103538538748e-09, -1.265037944287424e-05, 0.011055559180368487], "PE": 0, "PG": 0, "PI": 0, "PS": 0, "PA": 0, "CL": 0, "SM": 0, "CHOL": 0, "OTHER": 0}, "VAL-11-PROA": {"PC": [1.2183371356183245e-06, -0.0005929592160060186, 0.05213844767023823], "PE": 0, "PG": 0, "PI": 0, "PS": 0, "PA": 0, "CL": 0, "SM": 0, "CHOL": 0, "OTHER": [0.354385001397214, 1.0418621983393253, -14.177327814423936]}, "HSD-12-PROA": {"PC": [3.922391728939159e-09, -1.899705235801234e-05, 0.008762223298098845], "PE": 0, "PG": 0, "PI": 0, "PS": 0, "PA": 0, "CL": 0, "SM": 0, "CHOL": 0, "OTHER": 0}, "HSD-13-PROA": {"PC": [4.7622053478507436e-08, -8.868670992403419e-05, 0.021645266686920007], "PE": 0, "PG": 0, "PI": 0, "PS": 0, "PA": 0, "CL": 0, "SM": 0, "CHOL": 0, "OTHER": [1.490476381272979e-09, -7.830701841804213e-06, 0.008200264220849922]}, "GLN-14-PROA": {"PC": [5.403726990158481e-09, -2.0432284707121482e-05, 0.007823661576244697], "PE": 0, "PG": 0, "PI": 0, "PS": 0, "PA": 0, "CL": 0, "SM": 0, "CHOL": 0, "OTHER": [2.912661415931094e-08, -4.0785880732356955e-05, 0.011104639483990894]}, "LYS-15-PROA": {"PC": [9.935282360507797e-09, -3.7303536964892904e-05, 0.0141182367211809], "PE": 0, "PG": 0, "PI": 0, "PS": 0, "PA": 0, "CL": 0, "SM": 0, "CHOL": 0, "OTHER": [8.150940758250567e-09, -2.0669022345124962e-05, 0.009004126848075176]}, "LEU-16-PROA": {"PC": [2.036869606109299e-09, -1.627003341892925e-05, 0.007449997764091517], "PE": 0, "PG": 0, "PI": 0, "PS": 0, "PA": 0, "CL": 0, "SM": 0, "CHOL": 0, "OTHER": [4.887203347550734e-05, -0.00439254346425638, 0.07363257152068517]}, "VAL-17-PROA": {"PC": [3.1294308474693504e-08, -5.694670749952977e-05, 0.018313468675931383], "PE": 0, "PG": 0, "PI": 0, "PS": 0, "PA": 0, "CL": 0, "SM": 0, "CHOL": 0, "OTHER": [-1.2006815442555127e-07, 7.46406095225279e-05, 0.015384153806006946]}, "PHE-18-PROA": {"PC": [9.13068347926341e-09, -2.803746121581179e-05, 0.00978961903486105], "PE": 0, "PG": 0, "PI": 0, "PS": 0, "PA": 0, "CL": 0, "SM": 0, "CHOL": 0, "OTHER": [1.9883069671826826e-05, -0.005246250686141295, 0.22013265386381492]}, "PHE-19-PROA": {"PC": [8.942938453350616e-10, -7.347017981996458e-06, 0.006242930978274465], "PE": 0, "PG": 0, "PI": 0, "PS": 0, "PA": 0, "CL": 0, "SM": 0, "CHOL": 0, "OTHER": [1.759005100856882e-06, -0.0008861559313069041, 0.10486337398905676]}, "ALA-20-PROA": {"PC": [1.1853494551490854e-09, -9.321273210395721e-06, 0.006497978745042978], "PE": 0, "PG": 0, "PI": 0, "PS": 0, "PA": 0, "CL": 0, "SM": 0, "CHOL": 0, "OTHER": [6.3488687862885455e-06, -0.0012867215711563032, 0.06688161310867938]}, "GLU-21-PROA": {"PC": [2.335957247211616e-09, -1.803865836180551e-05, 0.008095025003792408], "PE": 0, "PG": 0, "PI": 0, "PS": 0, "PA": 0, "CL": 0, "SM": 0, "CHOL": 0, "OTHER": [-1.2085647973890076e-06, -0.0007599087871848907, 0.1508415457857667]}, "VAL-23-PROA": {"PC": [7.487305409014815e-07, -0.000490106915145539, 0.05112324256665602], "PE": 0, "PG": 0, "PI": 0, "PS": 0, "PA": 0, "CL": 0, "SM": 0, "CHOL": 0, "OTHER": [2.3547186452197818e-05, -0.002997375770745617, 0.11941529273593332]}, "GLY-28-PROA": {"PC": [6.489306012851372e-09, -4.085680613818581e-05, 0.00942335558797055], "PE": 0, "PG": 0, "PI": 0, "PS": 0, "PA": 0, "CL": 0, "SM": 0, "CHOL": 0, "OTHER": [0.0003337170854282859, -0.017379985042742744, 0.1356331441754364]}, "ALA-29-PROA": {"PC": [9.067470871203282e-08, -0.00014692169065797243, 0.03435868964901515], "PE": 0, "PG": 0, "PI": 0, "PS": 0, "PA": 0, "CL": 0, "SM": 0, "CHOL": 0, "OTHER": 0}, "ILE-30-PROA": {"PC": [1.0152238746725151e-07, -0.00017759546932106789, 0.03088153856817769], "PE": 0, "PG": 0, "PI": 0, "PS": 0, "PA": 0, "CL": 0, "SM": 0, "CHOL": 0, "OTHER": [3.513776380871581e-08, -4.992287281693952e-05, 0.015471990208441538]}, "ILE-31-PROA": {"PC": [1.1608507702856883e-08, -3.351502578840907e-05, 0.010814786254582895], "PE": 0, "PG": 0, "PI": 0, "PS": 0, "PA": 0, "CL": 0, "SM": 0, "CHOL": 0, "OTHER": [-3.341675456676547e-05, 0.005549503646921631, 0.029788742070073825]}, "GLY-32-PROA": {"PC": [7.516766225174393e-10, -7.435896795210182e-06, 0.005828895929222978], "PE": 0, "PG": 0, "PI": 0, "PS": 0, "PA": 0, "CL": 0, "SM": 0, "CHOL": 0, "OTHER": [6.932827899938835e-08, -0.0001457783360564053, 0.027721327560070043]}, "LEU-33-PROA": {"PC": [2.8783443803157968e-09, -1.3858815490419555e-05, 0.009293871898986103], "PE": 0, "PG": 0, "PI": 0, "PS": 0, "PA": 0, "CL": 0, "SM": 0, "CHOL": 0, "OTHER": [2.4283274271575725e-06, -0.0012207437133177287, 0.10983007277127539]}, "MET-34-PROA": {"PC": [1.2396740740816294e-08, -3.930192310362186e-05, 0.015079555146714671], "PE": 0, "PG": 0, "PI": 0, "PS": 0, "PA": 0, "CL": 0, "SM": 0, "CHOL": 0, "OTHER": [1.5784413683583261e-07, -0.0001243490819133037, 0.034848508199349496]}, "VAL-35-PROA": {"PC": [1.228431294705749e-09, -8.272287815976869e-06, 0.006389819107111594], "PE": 0, "PG": 0, "PI": 0, "PS": 0, "PA": 0, "CL": 0, "SM": 0, "CHOL": 0, "OTHER": [0.014140482807440097, -0.4032762104133099, 2.529367454904573]}, "GLY-36-PROA": {"PC": [5.1100527141939555e-09, -2.1145047128923626e-05, 0.013044495737677072], "PE": 0, "PG": 0, "PI": 0, "PS": 0, "PA": 0, "CL": 0, "SM": 0, "CHOL": 0, "OTHER": [1.5083629984883306e-09, -7.02874056681194e-06, 0.005536443862380247]}, "GLY-37-PROA": {"PC": [1.6579698840715358e-11, -4.400251716066538e-06, 0.0073638266132604584], "PE": 0, "PG": 0, "PI": 0, "PS": 0, "PA": 0, "CL": 0, "SM": 0, "CHOL": 0, "OTHER": [3.1796074874775135e-08, -5.128388823974894e-05, 0.013370986521096702]}, "VAL-38-PROA": {"PC": [1.352643567307779e-09, -8.264664549099929e-06, 0.008472231909677861], "PE": 0, "PG": 0, "PI": 0, "PS": 0, "PA": 0, "CL": 0, "SM": 0, "CHOL": 0, "OTHER": [0.00010468703962702075, -0.010511841008268442, 0.1930151154610496]}, "VAL-39-PROA": {"PC": [6.824184360549805e-09, -3.025789902136206e-05, 0.0099474228032799], "PE": 0, "PG": 0, "PI": 0, "PS": 0, "PA": 0, "CL": 0, "SM": 0, "CHOL": 0, "OTHER": [-11.788806431663962, 143.78478664193506, -422.4442640692836]}, "ILE-40-PROA": {"PC": [2.4838592524740634e-08, -5.2466966791729005e-05, 0.018874758065969322], "PE": 0, "PG": 0, "PI": 0, "PS": 0, "PA": 0, "CL": 0, "SM": 0, "CHOL": 0, "OTHER": [0.0006500545657142353, -0.04563275358146742, 0.48422440630252905]}, "ALA-71-PROB": {"PC": 0, "PE": 0, "PG": 0, "PI": 0, "PS": 0, "PA": 0, "CL": 0, "SM": 0, "CHOL": 0, "OTHER": 0}, "ILE-72-PROB": {"PC": 0, "PE": 0, "PG": 0, "PI": 0, "PS": 0, "PA": 0, "CL": 0, "SM": 0, "CHOL": 0, "OTHER": 0}, "ILE-73-PROB": {"PC": 0, "PE": 0, "PG": 0, "PI": 0, "PS": 0, "PA": 0, "CL": 0, "SM": 0, "CHOL": 0, "OTHER": 0}, "GLY-74-PROB": {"PC": 0, "PE": 0, "PG": 0, "PI": 0, "PS": 0, "PA": 0, "CL": 0, "SM": 0, "CHOL": 0, "OTHER": 0}, "LEU-75-PROB": {"PC": 0, "PE": 0, "PG": 0, "PI": 0, "PS": 0, "PA": 0, "CL": 0, "SM": 0, "CHOL": 0, "OTHER": 0}, "MET-76-PROB": {"PC": 0, "PE": 0, "PG": 0, "PI": 0, "PS": 0, "PA": 0, "CL": 0, "SM": 0, "CHOL": 0, "OTHER": 0}, "VAL-77-PROB": {"PC": 0, "PE": 0, "PG": 0, "PI": 0, "PS": 0, "PA": 0, "CL": 0, "SM": 0, "CHOL": 0, "OTHER": 0}, "GLY-78-PROB": {"PC": 0, "PE": 0, "PG": 0, "PI": 0, "PS": 0, "PA": 0, "CL": 0, "SM": 0, "CHOL": 0, "OTHER": 0}, "GLY-79-PROB": {"PC": 0, "PE": 0, "PG": 0, "PI": 0, "PS": 0, "PA": 0, "CL": 0, "SM": 0, "CHOL": 0, "OTHER": 0}, "VAL-80-PROB": {"PC": 0, "PE": 0, "PG": 0, "PI": 0, "PS": 0, "PA": 0, "CL": 0, "SM": 0, "CHOL": 0, "OTHER": 0}, "VAL-81-PROB": {"PC": 0, "PE": 0, "PG": 0, "PI": 0, "PS": 0,