{"PHE-3-PROA": {"PC": [8.65282256291809e-09, -2.9290214700751327e-05, 0.014109544043998964], "PE": 0, "PG": 0, "PI": 0, "PS": 0, "PA": 0, "CL": 0, "SM": 0, "CHOL": [0.00332505283859142, -0.1334341729615142, 1.3024950633668997]}, "ARG-4-PROA": {"PC": [4.794877487558393e-09, -1.5436779225437446e-05, 0.010055872450319912], "PE": 0, "PG": 0, "PI": 0, "PS": 0, "PA": 0, "CL": 0, "SM": 0, "CHOL": [1.4206916296099554e-06, -0.0008581300344906806, 0.053085986936765486]}, "SER-7-PROA": {"PC": [5.5514021463278146e-08, -0.00010785126848311556, 0.02676753014983239], "PE": 0, "PG": 0, "PI": 0, "PS": 0, "PA": 0, "CL": 0, "SM": 0, "CHOL": 0}, "TYR-9-PROA": {"PC": [8.579358293302826e-07, -0.0005491087982479095, 0.046829578569164795], "PE": 0, "PG": 0, "PI": 0, "PS": 0, "PA": 0, "CL": 0, "SM": 0, "CHOL": 0}, "GLU-10-PROA": {"PC": [2.857250429230964e-09, -1.544671231070033e-05, 0.010686354796535822], "PE": 0, "PG": 0, "PI": 0, "PS": 0, "PA": 0, "CL": 0, "SM": 0, "CHOL": [1.0229391793917631e-07, -0.0001337104308098557, 0.031637611373787004]}, "VAL-11-PROA": {"PC": [2.463906956066573e-07, -0.00028681248408358496, 0.03675566371693375], "PE": 0, "PG": 0, "PI": 0, "PS": 0, "PA": 0, "CL": 0, "SM": 0, "CHOL": [1.036477799682031, 4.156275976724942, 16.66666666666702]}, "HSD-12-PROA": {"PC": [2.2780151660846918e-08, -7.222249027714546e-05, 0.01872336417883996], "PE": 0, "PG": 0, "PI": 0, "PS": 0, "PA": 0, "CL": 0, "SM": 0, "CHOL": [-5.0903959333040054e-08, 7.997812229711121e-05, 0.009961300002444435]}, "HSD-13-PROA": {"PC": [1.1070457145068528e-07, -0.00014671711499207634, 0.03207554987524665], "PE": 0, "PG": 0, "PI": 0, "PS": 0, "PA": 0, "CL": 0, "SM": 0, "CHOL": [6.783576932509255e-05, -0.007842445710762312, 0.1776040915343704]}, "GLN-14-PROA": {"PC": [4.094459768720685e-07, -0.0003221636103693155, 0.03582079200967187], "PE": 0, "PG": 0, "PI": 0, "PS": 0, "PA": 0, "CL": 0, "SM": 0, "CHOL": [1.913510518676605e-08, -3.237541936155825e-05, 0.011029569849494816]}, "LYS-15-PROA": {"PC": [5.1332882700063165e-08, -0.0001064321712920699, 0.023557970155142043], "PE": 0, "PG": 0, "PI": 0, "PS": 0, "PA": 0, "CL": 0, "SM": 0, "CHOL": [-2.8034682492950496e-07, -9.174558159396729e-05, 0.05788554029691795]}, "LEU-16-PROA": {"PC": [7.250069489286231e-08, -0.00014447344217819559, 0.027379030504823043], "PE": 0, "PG": 0, "PI": 0, "PS": 0, "PA": 0, "CL": 0, "SM": 0, "CHOL": [2.4831403325185493e-08, -9.213600022930005e-05, 0.017199340699371617]}, "VAL-17-PROA": {"PC": [1.9072744495555384e-07, -0.0001864031543348136, 0.03134010653687278], "PE": 0, "PG": 0, "PI": 0, "PS": 0, "PA": 0, "CL": 0, "SM": 0, "CHOL": [1.7737133449407798e-06, -0.000760670696890681, 0.04753545697064486]}, "PHE-18-PROA": {"PC": [2.506049997425007e-07, -0.0002867150414002556, 0.029871108625920895], "PE": 0, "PG": 0, "PI": 0, "PS": 0, "PA": 0, "CL": 0, "SM": 0, "CHOL": [5.7487906695389095e-09, -1.977981105090119e-05, 0.010264612441597612]}, "PHE-19-PROA": {"PC": [2.519817069310727e-08, -4.8271535066222855e-05, 0.016526038148606707], "PE": 0, "PG": 0, "PI": 0, "PS": 0, "PA": 0, "CL": 0, "SM": 0, "CHOL": [-2.2105853062267632e-07, 0.00015713492333549876, 0.0069493230885559806]}, "ALA-20-PROA": {"PC": [4.5910941951624175e-07, -0.0003165358053650541, 0.03299890004857471], "PE": 0, "PG": 0, "PI": 0, "PS": 0, "PA": 0, "CL": 0, "SM": 0, "CHOL": [2.6018546307478638e-08, -5.8894485773364265e-05, 0.021088539428707576]}, "ASP-22-PROA": {"PC": [4.601806738243559e-06, -0.0016390162266342178, 0.0683634483967186], "PE": 0, "PG": 0, "PI": 0, "PS": 0, "PA": 0, "CL": 0, "SM": 0, "CHOL": [4.363177550202449e-05, -0.0051678521351778755, 0.1751261075405278]}, "VAL-23-PROA": {"PC": [4.375986658111002e-06, -0.0018403644865456119, 0.09916744479847514], "PE": 0, "PG": 0, "PI": 0, "PS": 0, "PA": 0, "CL": 0, "SM": 0, "CHOL": [1.3049023593605182e-05, -0.003705499826622189, 0.12084556688019202]}, "GLY-28-PROA": {"PC": [2.6102250406156915e-07, -0.0003048035717123036, 0.04991125612903497], "PE": 0, "PG": 0, "PI": 0, "PS": 0, "PA": 0, "CL": 0, "SM": 0, "CHOL": [-0.40117119752505126, 11.367658579689953, -74.36327117735559]}, "ALA-29-PROA": {"PC": [-0.000369006326979141, 0.03305017087676631, -0.15201968878841152], "PE": 0, "PG": 0, "PI": 0, "PS": 0, "PA": 0, "CL": 0, "SM": 0, "CHOL": 0}, "ILE-30-PROA": {"PC": [-9.097162789648707e-06, 0.0026737748927940772, -0.025919530620552318], "PE": 0, "PG": 0, "PI": 0, "PS": 0, "PA": 0, "CL": 0, "SM": 0, "CHOL": [5.1546325674346985e-05, -0.007255313270942558, 0.1878312336202395]}, "ILE-31-PROA": {"PC": [2.466395335254789e-08, -4.968007668333652e-05, 0.01518375564108149], "PE": 0, "PG": 0, "PI": 0, "PS": 0, "PA": 0, "CL": 0, "SM": 0, "CHOL": [5.323046552247635e-09, -2.0592042324312778e-05, 0.012886222502339166]}, "GLY-32-PROA": {"PC": [9.015899691639045e-08, -0.00012556952326842053, 0.029170377726575783], "PE": 0, "PG": 0, "PI": 0, "PS": 0, "PA": 0, "CL": 0, "SM": 0, "CHOL": [6.359851816312109e-08, -0.00010784797554118547, 0.024006615960279788]}, "LEU-33-PROA": {"PC": [4.2113365020564877e-07, -0.00042010978833176976, 0.04983459227463372], "PE": 0, "PG": 0, "PI": 0, "PS": 0, "PA": 0, "CL": 0, "SM": 0, "CHOL": [1.3821914151326475e-08, -4.246530155515645e-05, 0.01700907166150842]}, "MET-34-PROA": {"PC": [8.741314538902789e-07, -0.0005336022398250187, 0.05651043438286919], "PE": 0, "PG": 0, "PI": 0, "PS": 0, "PA": 0, "CL": 0, "SM": 0, "CHOL": [2.0440891368341746e-07, -0.00018374515327240654, 0.028429622676280776]}, "VAL-35-PROA": {"PC": [1.1906446521201957e-08, -3.580280934293764e-05, 0.015124215618572447], "PE": 0, "PG": 0, "PI": 0, "PS": 0, "PA": 0, "CL": 0, "SM": 0, "CHOL": [1.539762894013161e-08, -4.057353367292177e-05, 0.013203297683777537]}, "GLY-36-PROA": {"PC": [2.1289822205467638e-08, -4.8729323443906926e-05, 0.018242894129152462], "PE": 0, "PG": 0, "PI": 0, "PS": 0, "PA": 0, "CL": 0, "SM": 0, "CHOL": [-7.571141485774989e-06, 0.001137210609956149, 0.06585493334882428]}, "GLY-37-PROA": {"PC": [6.27676300847244e-08, -8.895921014476486e-05, 0.023837149822461868], "PE": 0, "PG": 0, "PI": 0, "PS": 0, "PA": 0, "CL": 0, "SM": 0, "CHOL": [1.7307153100007416e-07, -0.0001148972917643951, 0.015458649543325634]}, "VAL-38-PROA": {"PC": [3.43202888513994e-08, -6.989451936937297e-05, 0.019943924305993958], "PE": 0, "PG": 0, "PI": 0, "PS": 0, "PA": 0, "CL": 0, "SM": 0, "CHOL": [3.48127088808735e-08, -5.35592579369035e-05, 0.014907695506747736]}, "VAL-39-PROA": {"PC": [4.0979818678898066e-07, -0.00046421226754314945, 0.04807608027895587], "PE": 0, "PG": 0, "PI": 0, "PS": 0, "PA": 0, "CL": 0, "SM": 0, "CHOL": [9.077312295663904e-10, -6.352101351716511e-06, 0.009226679952852361]}, "ILE-40-PROA": {"PC": [3.050178101257072e-08, -5.7732636844561605e-05, 0.019599038585751315], "PE": 0, "PG": 0, "PI": 0, "PS": 0, "PA": 0, "CL": 0, "SM": 0, "CHOL": 0}, "ALA-41-PROA": {"PC": [2.2984392339839016e-07, -0.00027422740725349014, 0.0438529840069623], "PE": 0, "PG": 0, "PI": 0, "PS": 0, "PA": 0, "CL": 0, "SM": 0, "CHOL": [4.085458018291686e-08, -7.711074598723826e-05, 0.023002123190432325]}, "TYR-51-PROB": {"PC": 0, "PE": 0, "PG": 0, "PI": 0, "PS": 0, "PA": 0, "CL": 0, "SM": 0, "CHOL": 0}, "VAL-53-PROB": {"PC": 0, "PE": 0, "PG": 0, "PI": 0, "PS": 0, "PA": 0, "CL": 0, "SM": 0, "CHOL": 0}, "HSD-55-PROB": {"PC": 0, "PE": 0, "PG": 0, "PI": 0, "PS": 0, "PA": 0, "CL": 0, "SM": 0, "CHOL": 0}, "GLY-70-PROB": {"PC": 0, "PE": 0, "PG": 0, "PI": 0, "PS": 0, "PA": 0, "CL": 0, "SM": 0, "CHOL": 0}, "ALA-71-PROB": {"PC": 0, "PE": 0, "PG": 0, "PI": 0, "PS": 0, "PA": 0, "CL": 0, "SM": 0, "CHOL": 0}, "ILE-72-PROB": {"PC": 0, "PE": 0, "PG": 0, "PI": 0, "PS": 0, "PA": 0, "CL": 0, "SM": 0, "CHOL": 0}, "ILE-73-PROB": {"PC": 0, "PE": 0, "PG": 0, "PI": 0, "PS": 0, "PA": 0, "CL": 0, "SM": 0, "CHOL": 0}, "GLY-74-PROB": {"PC": 0, "PE": 0, "PG": 0, "PI": 0, "PS": 0, "PA": 0, "CL": 0, "SM": 0, "CHOL": 0}, "LEU-75-PROB": {"PC": 0, "PE": 0, "PG": 0, "PI": 0, "PS": 0, "PA": 0, "CL": 0, "SM": 0, "CHOL": 0}, "MET-76-PROB": {"PC": 0, "PE": 0, "PG": 0, "PI": 0, "PS": 0, "PA": 0, "CL": 0,