{"PHE-3-PROA": {"PC": [2.981447721805847e-07, -0.00025348338671100137, 0.033167603300076884], "PE": 0, "PG": 0, "PI": 0, "PS": 0, "PA": 0, "CL": 0, "SM": 0, "CHOL": 0, "OTHER": 0}, "ARG-4-PROA": {"PC": [1.3476744272660799e-08, -3.3153567203906604e-05, 0.011518043654022113], "PE": 0, "PG": 0, "PI": 0, "PS": 0, "PA": 0, "CL": 0, "SM": 0, "CHOL": 0, "OTHER": [1.1249426183870825e-07, -0.0001421612457031438, 0.030224588350088726]}, "SER-7-PROA": {"PC": [1.5865694326095476e-06, -0.0006853485586769673, 0.0465941252256856], "PE": 0, "PG": 0, "PI": 0, "PS": 0, "PA": 0, "CL": 0, "SM": 0, "CHOL": 0, "OTHER": 0}, "GLY-8-PROA": {"PC": [6.016077778003041e-07, -0.00043809841192186087, 0.04926286559660697], "PE": 0, "PG": 0, "PI": 0, "PS": 0, "PA": 0, "CL": 0, "SM": 0, "CHOL": 0, "OTHER": [0.00044516495258102264, -0.031083789968769794, 0.5358517361171996]}, "TYR-9-PROA": {"PC": [1.4517226902063366e-07, -0.00016905445350518802, 0.0333006830238621], "PE": 0, "PG": 0, "PI": 0, "PS": 0, "PA": 0, "CL": 0, "SM": 0, "CHOL": 0, "OTHER": [2.577743359284865e-06, -0.0009876127107571221, 0.057835487072367006]}, "GLU-10-PROA": {"PC": [1.9725552087297588e-08, -6.0665272429659326e-05, 0.017114566127442162], "PE": 0, "PG": 0, "PI": 0, "PS": 0, "PA": 0, "CL": 0, "SM": 0, "CHOL": 0, "OTHER": [2.115617642417655e-08, -4.169400081474589e-05, 0.01360955928446673]}, "VAL-11-PROA": {"PC": [4.684681160690365e-06, -0.0013672871034052594, 0.07758492540724285], "PE": 0, "PG": 0, "PI": 0, "PS": 0, "PA": 0, "CL": 0, "SM": 0, "CHOL": 0, "OTHER": [1.0301186622892438e-05, -0.0001814204055060439, 0.16001059496667513]}, "HSD-12-PROA": {"PC": [-2.1032474132259262e-09, 2.453188559192455e-07, 0.009011078195374002], "PE": 0, "PG": 0, "PI": 0, "PS": 0, "PA": 0, "CL": 0, "SM": 0, "CHOL": 0, "OTHER": [1.65054092258171e-05, -0.0031672500763400358, 0.12898482506036313]}, "HSD-13-PROA": {"PC": [2.127639382616506e-09, -1.1948445338861357e-05, 0.009145767339786788], "PE": 0, "PG": 0, "PI": 0, "PS": 0, "PA": 0, "CL": 0, "SM": 0, "CHOL": 0, "OTHER": 0}, "GLN-14-PROA": {"PC": [3.713410726892638e-09, -2.4266670399467247e-05, 0.008188055368572072], "PE": 0, "PG": 0, "PI": 0, "PS": 0, "PA": 0, "CL": 0, "SM": 0, "CHOL": 0, "OTHER": [7.97193877551003, -72.0663265306104, 164.21024659863443]}, "LYS-15-PROA": {"PC": [1.9750812229356576e-08, -4.336083638691145e-05, 0.01288904492372579], "PE": 0, "PG": 0, "PI": 0, "PS": 0, "PA": 0, "CL": 0, "SM": 0, "CHOL": 0, "OTHER": 0}, "LEU-16-PROA": {"PC": [6.2071826243149485e-09, -3.204675140612858e-05, 0.010900614549892418], "PE": 0, "PG": 0, "PI": 0, "PS": 0, "PA": 0, "CL": 0, "SM": 0, "CHOL": 0, "OTHER": [-0.09227515239795003, 1.296281340886401, -2.3927002381879707]}, "VAL-17-PROA": {"PC": [1.3625405722721854e-08, -4.867657349080912e-05, 0.01327236636663555], "PE": 0, "PG": 0, "PI": 0, "PS": 0, "PA": 0, "CL": 0, "SM": 0, "CHOL": 0, "OTHER": [0.016583368339111025, -0.23325460785106902, 0.8359721196224099]}, "PHE-18-PROA": {"PC": [2.109079185379583e-08, -6.146658462413453e-05, 0.01506164029351459], "PE": 0, "PG": 0, "PI": 0, "PS": 0, "PA": 0, "CL": 0, "SM": 0, "CHOL": 0, "OTHER": [-3.476325609106622e-16, 2.02395484105894e-15, 3.3333333333333486]}, "PHE-19-PROA": {"PC": [2.759672885381038e-07, -0.0002341385233476603, 0.026634779244029974], "PE": 0, "PG": 0, "PI": 0, "PS": 0, "PA": 0, "CL": 0, "SM": 0, "CHOL": 0, "OTHER": [-0.22212727946206304, 5.624134088258228, -30.53755364265203]}, "ALA-20-PROA": {"PC": [2.7333372811255308e-08, -5.628661135080785e-05, 0.01588252585017177], "PE": 0, "PG": 0, "PI": 0, "PS": 0, "PA": 0, "CL": 0, "SM": 0, "CHOL": 0, "OTHER": 0}, "GLU-21-PROA": {"PC": [2.5356884369669653e-06, -0.0009646866744142135, 0.06220933429236509], "PE": 0, "PG": 0, "PI": 0, "PS": 0, "PA": 0, "CL": 0, "SM": 0, "CHOL": 0, "OTHER": 0}, "VAL-23-PROA": {"PC": [6.548897924484988e-07, -0.0005725279574100603, 0.05738842660263551], "PE": 0, "PG": 0, "PI": 0, "PS": 0, "PA": 0, "CL": 0, "SM": 0, "CHOL": 0, "OTHER": 0}, "ALA-29-PROA": {"PC": [1.0186262061084488e-07, -0.00012767556829504283, 0.02430093219676478], "PE": 0, "PG": 0, "PI": 0, "PS": 0, "PA": 0, "CL": 0, "SM": 0, "CHOL": 0, "OTHER": 0}, "ILE-30-PROA": {"PC": [-1.8864392277056608e-08, -9.330725380398385e-06, 0.01680930945408094], "PE": 0, "PG": 0, "PI": 0, "PS": 0, "PA": 0, "CL": 0, "SM": 0, "CHOL": 0, "OTHER": 0}, "ILE-31-PROA": {"PC": [6.216905641998977e-09, -3.7088313207664124e-05, 0.010163117713262344], "PE": 0, "PG": 0, "PI": 0, "PS": 0, "PA": 0, "CL": 0, "SM": 0, "CHOL": 0, "OTHER": 0}, "GLY-32-PROA": {"PC": [4.234542432352252e-09, -2.163254114176665e-05, 0.010210875093263969], "PE": 0, "PG": 0, "PI": 0, "PS": 0, "PA": 0, "CL": 0, "SM": 0, "CHOL": 0, "OTHER": [1.804100675783584e-15, -7.956866620186921e-14, 8.333333333334387]}, "LEU-33-PROA": {"PC": [1.1458155939672228e-08, -2.9720711535238102e-05, 0.010872363795875929], "PE": 0, "PG": 0, "PI": 0, "PS": 0, "PA": 0, "CL": 0, "SM": 0, "CHOL": 0, "OTHER": [1.036477799682031, 4.156275976724942, 16.66666666666702]}, "MET-34-PROA": {"PC": [7.3494547550447e-08, -0.0001254083074307131, 0.024262501832919253], "PE": 0, "PG": 0, "PI": 0, "PS": 0, "PA": 0, "CL": 0, "SM": 0, "CHOL": 0, "OTHER": [0.0035560769954744212, -0.12298977422614592, 1.6258114888939676]}, "VAL-35-PROA": {"PC": [5.692520439842429e-08, -0.00010295952213213225, 0.022534018849672648], "PE": 0, "PG": 0, "PI": 0, "PS": 0, "PA": 0, "CL": 0, "SM": 0, "CHOL": 0, "OTHER": [-0.03681618763741988, 0.9650823709541546, -3.876424636228988]}, "GLY-36-PROA": {"PC": [7.6635328373468e-10, -6.006936091080237e-06, 0.004703108018210475], "PE": 0, "PG": 0, "PI": 0, "PS": 0, "PA": 0, "CL": 0, "SM": 0, "CHOL": 0, "OTHER": [0.3391663156295373, 2.377555872563055, 16.66666666666702]}, "GLY-37-PROA": {"PC": [1.268064877181205e-09, -8.289926319078798e-06, 0.007248879137477067], "PE": 0, "PG": 0, "PI": 0, "PS": 0, "PA": 0, "CL": 0, "SM": 0, "CHOL": 0, "OTHER": 0}, "VAL-38-PROA": {"PC": [9.171669638119682e-09, -3.100804516153828e-05, 0.014794285169020665], "PE": 0, "PG": 0, "PI": 0, "PS": 0, "PA": 0, "CL": 0, "SM": 0, "CHOL": 0, "OTHER": 0}, "VAL-39-PROA": {"PC": [2.430767757781967e-08, -4.994179634839489e-05, 0.01708926775880407], "PE": 0, "PG": 0, "PI": 0, "PS": 0, "PA": 0, "CL": 0, "SM": 0, "CHOL": 0, "OTHER": 0}, "ILE-40-PROA": {"PC": [8.867467840769762e-08, -0.00011741903620707581, 0.03222053773230432], "PE": 0, "PG": 0, "PI": 0, "PS": 0, "PA": 0, "CL": 0, "SM": 0, "CHOL": 0, "OTHER": 0}, "ALA-71-PROB": {"PC": 0, "PE": 0, "PG": 0, "PI": 0, "PS": 0, "PA": 0, "CL": 0, "SM": 0, "CHOL": 0, "OTHER": 0}, "ILE-72-PROB": {"PC": 0, "PE": 0, "PG": 0, "PI": 0, "PS": 0, "PA": 0, "CL": 0, "SM": 0, "CHOL": 0, "OTHER": 0}, "ILE-73-PROB": {"PC": 0, "PE": 0, "PG": 0, "PI": 0, "PS": 0, "PA": 0, "CL": 0, "SM": 0, "CHOL": 0, "OTHER": 0}, "GLY-74-PROB": {"PC": 0, "PE": 0, "PG": 0, "PI": 0, "PS": 0, "PA": 0, "CL": 0, "SM": 0, "CHOL": 0, "OTHER": 0}, "LEU-75-PROB": {"PC": 0, "PE": 0, "PG": 0, "PI": 0, "PS": 0, "PA": 0, "CL": 0, "SM": 0, "CHOL": 0, "OTHER": 0}, "MET-76-PROB": {"PC": 0, "PE": 0, "PG": 0, "PI": 0, "PS": 0, "PA": 0, "CL": 0, "SM": 0, "CHOL": 0, "OTHER": 0}, "VAL-77-PROB": {"PC": 0, "PE": 0, "PG": 0, "PI": 0, "PS": 0, "PA": 0, "CL": 0, "SM": 0, "CHOL": 0, "OTHER": 0}, "GLY-78-PROB": {"PC": 0, "PE": 0, "PG": 0, "PI": 0, "PS": 0, "PA": 0, "CL": 0, "SM": 0, "CHOL": 0, "OTHER": 0}, "GLY-79-PROB": {"PC": 0, "PE": 0, "PG": 0, "PI": 0, "PS": 0, "PA": 0, "CL": 0, "SM": 0, "CHOL": 0, "OTHER": 0}, "VAL-80-PROB": {"PC": 0, "PE": 0, "PG": 0, "PI": 0, "PS": 0, "PA": 0, "CL": 0, "SM": 0, "CHOL": 0, "OTHER": 0}, "VAL-81-PROB": {"PC": 0, "PE": 0, "PG": 0, "PI": 0, "PS": 0, "PA": 0, "CL": 0, "SM": 0, "CHOL": 0, "OTHER": 0}, "ILE-82-PROB": {"PC": 0, "PE": 0, "PG": 0, "PI": 0, "PS": 0, "PA": 0, "CL": 0, "SM": 0, "CHOL": 0, "OTHER": 0}, "ARG-88-PROC": {"PC": 0, "PE": 0, "PG": 0, "PI": 0, "PS": 0, "PA": 0, "CL": 0, "SM": 0, "CHOL": 0, "OTHER": 0}, "TYR-93-PROC": {"PC": 0, "PE": 0, "PG": 0, "PI": 0, "PS": 0, "PA": 0, "CL": 0, "SM": 0, "CHOL": 0, "OTHER": 0},