{"GLU-10-PROA": {"PC": [3.629933702068523e-07, -0.00038217825541816876, 0.040894174732574715], "PE": 0, "PG": 0, "PI": 0, "PS": 0, "PA": 0, "CL": 0, "SM": 0, "CHOL": [0.00041483474841966694, -0.028131977560882825, 0.5198363708621911]}, "VAL-11-PROA": {"PC": [0.012728553543108406, -0.46703613902969376, 3.9646074606447845], "PE": 0, "PG": 0, "PI": 0, "PS": 0, "PA": 0, "CL": 0, "SM": 0, "CHOL": 0}, "HSD-12-PROA": {"PC": [6.789139857827413e-07, -0.0003961186320759159, 0.04169251939647765], "PE": 0, "PG": 0, "PI": 0, "PS": 0, "PA": 0, "CL": 0, "SM": 0, "CHOL": [0.05494629955235885, -1.103974052541895, 4.201330887573083]}, "HSD-13-PROA": {"PC": [2.455926369633277e-06, -0.0012344751236194975, 0.07757636757932794], "PE": 0, "PG": 0, "PI": 0, "PS": 0, "PA": 0, "CL": 0, "SM": 0, "CHOL": 0}, "GLN-14-PROA": {"PC": [2.1386086050577298e-08, -7.110299733131684e-05, 0.014106232255860827], "PE": 0, "PG": 0, "PI": 0, "PS": 0, "PA": 0, "CL": 0, "SM": 0, "CHOL": [1.036477799682031, 4.156275976724942, 16.66666666666702]}, "LYS-15-PROA": {"PC": [1.8724801746070594e-08, -5.053587481297592e-05, 0.019925376720808092], "PE": 0, "PG": 0, "PI": 0, "PS": 0, "PA": 0, "CL": 0, "SM": 0, "CHOL": [-0.011394143782690372, 0.31615085865171233, -0.9704480860610778]}, "LEU-16-PROA": {"PC": [2.6635705941603037e-09, -1.4916660100713606e-05, 0.008562705736193329], "PE": 0, "PG": 0, "PI": 0, "PS": 0, "PA": 0, "CL": 0, "SM": 0, "CHOL": [2.539969184592757e-06, -0.0009308932314317442, 0.05982717738370024]}, "VAL-17-PROA": {"PC": [1.0129130982348544e-07, -0.00015801438143575505, 0.028188012837749007], "PE": 0, "PG": 0, "PI": 0, "PS": 0, "PA": 0, "CL": 0, "SM": 0, "CHOL": [1.273093573902327e-07, -0.00013152664168890432, 0.021795378048192576]}, "PHE-18-PROA": {"PC": [3.149336602918843e-07, -0.00026982012067672647, 0.035452360655970266], "PE": 0, "PG": 0, "PI": 0, "PS": 0, "PA": 0, "CL": 0, "SM": 0, "CHOL": [2.133927841892572e-09, -1.1360650425060136e-05, 0.008218048129972655]}, "PHE-19-PROA": {"PC": [3.124843921207335e-08, -8.110543876294476e-05, 0.019382365849589838], "PE": 0, "PG": 0, "PI": 0, "PS": 0, "PA": 0, "CL": 0, "SM": 0, "CHOL": [1.8890980812568388e-08, -3.909298328985394e-05, 0.015057276369162879]}, "ALA-20-PROA": {"PC": [3.2498153502597085e-06, -0.001332855948156302, 0.07599083569562703], "PE": 0, "PG": 0, "PI": 0, "PS": 0, "PA": 0, "CL": 0, "SM": 0, "CHOL": [3.803026096087974e-09, -1.333940389363553e-05, 0.007310986972028233]}, "GLU-21-PROA": {"PC": [1.0561618908706253e-05, -0.002744821795834762, 0.09947607859006144], "PE": 0, "PG": 0, "PI": 0, "PS": 0, "PA": 0, "CL": 0, "SM": 0, "CHOL": [4.7612296253473065e-05, -0.00851773091083132, 0.2963635075780667]}, "ASP-22-PROA": {"PC": [4.640768958678062e-05, -0.005738591699129734, 0.15726306258980674], "PE": 0, "PG": 0, "PI": 0, "PS": 0, "PA": 0, "CL": 0, "SM": 0, "CHOL": [3.1397979940270302e-06, -0.0012318342897726508, 0.07083988062243493]}, "VAL-23-PROA": {"PC": [4.0588596849347025e-07, -0.0004232715915579656, 0.04852580810903185], "PE": 0, "PG": 0, "PI": 0, "PS": 0, "PA": 0, "CL": 0, "SM": 0, "CHOL": [-6.3195496691666735, 6.170757621054449, 126.7197953814476]}, "GLY-24-PROA": {"PC": [2.9415041810381516e-08, -7.46706166232504e-05, 0.014648608126693982], "PE": 0, "PG": 0, "PI": 0, "PS": 0, "PA": 0, "CL": 0, "SM": 0, "CHOL": [-0.028236433773788677, 1.160660728458139, -3.7917903064262397]}, "SER-25-PROA": {"PC": [1.9246810419203467e-06, -0.0007188668138099208, 0.04895731278460881], "PE": 0, "PG": 0, "PI": 0, "PS": 0, "PA": 0, "CL": 0, "SM": 0, "CHOL": 0}, "ASN-26-PROA": {"PC": [1.9469109845264354e-05, -0.0033649149895301623, 0.10258635246165938], "PE": 0, "PG": 0, "PI": 0, "PS": 0, "PA": 0, "CL": 0, "SM": 0, "CHOL": 0}, "LYS-27-PROA": {"PC": [-0.005959210090878994, 0.2343714074456206, -1.1528262514724132], "PE": 0, "PG": 0, "PI": 0, "PS": 0, "PA": 0, "CL": 0, "SM": 0, "CHOL": 0}, "GLY-28-PROA": {"PC": [0.032596458373558866, -0.7025812245299952, 3.9243848491005857], "PE": 0, "PG": 0, "PI": 0, "PS": 0, "PA": 0, "CL": 0, "SM": 0, "CHOL": [3.096767680296715e-05, -0.004933661893815685, 0.20629272541147034]}, "ALA-29-PROA": {"PC": [1.036477799682031, 4.156275976724942, 16.66666666666702], "PE": 0, "PG": 0, "PI": 0, "PS": 0, "PA": 0, "CL": 0, "SM": 0, "CHOL": [0.13620333092125267, -2.974023923064716, 15.729722112754342]}, "ILE-30-PROA": {"PC": 0, "PE": 0, "PG": 0, "PI": 0, "PS": 0, "PA": 0, "CL": 0, "SM": 0, "CHOL": 0}, "ILE-31-PROA": {"PC": [1.3181159455848373e-07, -0.00018251689786264537, 0.032052250671038784], "PE": 0, "PG": 0, "PI": 0, "PS": 0, "PA": 0, "CL": 0, "SM": 0, "CHOL": [-4.103447115337562e-12, -4.919095684360722e-06, 0.010536553167780457]}, "GLY-32-PROA": {"PC": [4.658120127514561e-08, -7.905058407745999e-05, 0.026114630915738804], "PE": 0, "PG": 0, "PI": 0, "PS": 0, "PA": 0, "CL": 0, "SM": 0, "CHOL": [-4.0920767006574605e-09, -0.00023865027579104804, 0.08411140289252296]}, "LEU-33-PROA": {"PC": [5.048701782425894e-09, -1.1546831884430732e-05, 0.003900978387072907], "PE": 0, "PG": 0, "PI": 0, "PS": 0, "PA": 0, "CL": 0, "SM": 0, "CHOL": [0.00041975874078375145, -0.02212663300779431, 0.3135638224458417]}, "MET-34-PROA": {"PC": [2.4824976812726483e-08, -5.751388161984052e-05, 0.018630455898381023], "PE": 0, "PG": 0, "PI": 0, "PS": 0, "PA": 0, "CL": 0, "SM": 0, "CHOL": [9.511690086843113e-06, -0.002149031727126102, 0.09107958253941029]}, "VAL-35-PROA": {"PC": [6.661136055642732e-09, -3.77487145371605e-05, 0.01105482115871083], "PE": 0, "PG": 0, "PI": 0, "PS": 0, "PA": 0, "CL": 0, "SM": 0, "CHOL": [5.729703453479831e-07, -0.0004651835188406914, 0.0647877467448225]}, "GLY-36-PROA": {"PC": [5.565719327989169e-08, -6.990725824117761e-05, 0.01583863261936479], "PE": 0, "PG": 0, "PI": 0, "PS": 0, "PA": 0, "CL": 0, "SM": 0, "CHOL": 0}, "GLY-37-PROA": {"PC": [1.2619535478323347e-08, -3.746521972687448e-05, 0.018560740602785578], "PE": 0, "PG": 0, "PI": 0, "PS": 0, "PA": 0, "CL": 0, "SM": 0, "CHOL": 0}, "VAL-38-PROA": {"PC": [2.3957493544130467e-07, -0.0002138373044273655, 0.030874080668402012], "PE": 0, "PG": 0, "PI": 0, "PS": 0, "PA": 0, "CL": 0, "SM": 0, "CHOL": 0}, "VAL-39-PROA": {"PC": [2.6202619427745214e-07, -0.00016888587029718782, 0.029000820589913056], "PE": 0, "PG": 0, "PI": 0, "PS": 0, "PA": 0, "CL": 0, "SM": 0, "CHOL": 0}, "ILE-40-PROA": {"PC": [0.00415827172601505, -0.20408265427079597, 1.8318343984101053], "PE": 0, "PG": 0, "PI": 0, "PS": 0, "PA": 0, "CL": 0, "SM": 0, "CHOL": 0}, "ALA-41-PROA": {"PC": [4.321522413899093e-06, -0.0018161553216680388, 0.09410129625700235], "PE": 0, "PG": 0, "PI": 0, "PS": 0, "PA": 0, "CL": 0, "SM": 0, "CHOL": [0.009247176363475815, -0.17834991339722966, 0.9974618748854264]}, "PHE-61-PROB": {"PC": 0, "PE": 0, "PG": 0, "PI": 0, "PS": 0, "PA": 0, "CL": 0, "SM": 0, "CHOL": 0}, "GLU-63-PROB": {"PC": 0, "PE": 0, "PG": 0, "PI": 0, "PS": 0, "PA": 0, "CL": 0, "SM": 0, "CHOL": 0}, "SER-67-PROB": {"PC": 0, "PE": 0, "PG": 0, "PI": 0, "PS": 0, "PA": 0, "CL": 0, "SM": 0, "CHOL": 0}, "ASN-68-PROB": {"PC": 0, "PE": 0, "PG": 0, "PI": 0, "PS": 0, "PA": 0, "CL": 0, "SM": 0, "CHOL": 0}, "LYS-69-PROB": {"PC": 0, "PE": 0, "PG": 0, "PI": 0, "PS": 0, "PA": 0, "CL": 0, "SM": 0, "CHOL": 0}, "GLY-70-PROB": {"PC": 0, "PE": 0, "PG": 0, "PI": 0, "PS": 0, "PA": 0, "CL": 0, "SM": 0, "CHOL": 0}, "ALA-71-PROB": {"PC": 0, "PE": 0, "PG": 0, "PI": 0, "PS": 0, "PA": 0, "CL": 0, "SM": 0, "CHOL": 0}, "ILE-72-PROB": {"PC": 0, "PE": 0, "PG": 0, "PI": 0, "PS": 0, "PA": 0, "CL": 0, "SM": 0, "CHOL": 0}, "ILE-73-PROB": {"PC": 0, "PE": 0, "PG": 0, "PI": 0, "PS": 0, "PA": 0, "CL": 0, "SM": 0, "CHOL": 0}, "GLY-74-PROB": {"PC": 0, "PE": 0, "PG": 0, "PI": 0, "PS": 0, "PA": 0, "CL": 0, "SM": 0, "CHOL": 0}, "LEU-75-PROB": {"PC": 0, "PE": 0, "PG": 0, "PI": 0, "PS": 0, "PA": 0, "CL": 0, "SM": 0, "CHOL": 0}, "MET-76-PROB": {"PC": 0, "PE": 0, "PG": 0, "PI": 0, "PS": 0, "PA": 0, "CL": 0, "SM": 0, "CHOL": 0}, "VAL-77-PROB": {"PC": 0, "PE": 0, "PG": 0, "PI": 0, "PS": 0, "PA": 0, "CL": 0, "SM": 0, "CHOL": 0}, "GLY-78-PROB": {"PC": 0, "PE": 0, "PG": 0, "PI": 0,