{"ASP-0-PROA": {"PC": 0, "PE": 0, "PG": 0, "PI": 0, "PS": 0, "PA": 0, "CL": 0, "SM": 0, "CHOL": 0, "OTHER": 0}, "PHE-3-PROA": {"PC": [5.140094487361692e-08, -7.90152212753611e-05, 0.021840188303290695], "PE": 0, "PG": 0, "PI": 0, "PS": 0, "PA": 0, "CL": 0, "SM": 0, "CHOL": 0, "OTHER": 0}, "ARG-4-PROA": {"PC": [7.000586697527117e-09, -2.6272146008906834e-05, 0.012364439039646506], "PE": 0, "PG": 0, "PI": 0, "PS": 0, "PA": 0, "CL": 0, "SM": 0, "CHOL": 0, "OTHER": [-5.442683678664257e-09, -1.2110725304744806e-05, 0.01716109377386758]}, "SER-7-PROA": {"PC": [4.635451599251917e-06, -0.002151857896136051, 0.11052241926854772], "PE": 0, "PG": 0, "PI": 0, "PS": 0, "PA": 0, "CL": 0, "SM": 0, "CHOL": 0, "OTHER": [2.163870778397316e-06, -0.0009487440751116961, 0.0716480933786773]}, "TYR-9-PROA": {"PC": [1.844269925084791e-06, -0.0009566756283739563, 0.0630265662954478], "PE": 0, "PG": 0, "PI": 0, "PS": 0, "PA": 0, "CL": 0, "SM": 0, "CHOL": 0, "OTHER": [0.00012795805699851022, -0.01865732394420784, 0.3719489347355179]}, "GLU-10-PROA": {"PC": [3.814694868915225e-08, -7.79553370964969e-05, 0.022779387878903223], "PE": 0, "PG": 0, "PI": 0, "PS": 0, "PA": 0, "CL": 0, "SM": 0, "CHOL": 0, "OTHER": [3.244959632004532e-10, -2.283030923358262e-06, 0.003427691271269728]}, "VAL-11-PROA": {"PC": [2.6664756046178205e-07, -0.0002066587415893236, 0.028363013769446152], "PE": 0, "PG": 0, "PI": 0, "PS": 0, "PA": 0, "CL": 0, "SM": 0, "CHOL": 0, "OTHER": 0}, "HSD-12-PROA": {"PC": [9.13490475294906e-09, -3.142448890796292e-05, 0.012049677408500525], "PE": 0, "PG": 0, "PI": 0, "PS": 0, "PA": 0, "CL": 0, "SM": 0, "CHOL": 0, "OTHER": [6.847039770575319e-08, -0.00011982893154639289, 0.028160813917698927]}, "HSD-13-PROA": {"PC": [1.0259355302424804e-09, -1.0401781826217383e-05, 0.005390451018806581], "PE": 0, "PG": 0, "PI": 0, "PS": 0, "PA": 0, "CL": 0, "SM": 0, "CHOL": 0, "OTHER": [-0.0005246911862794654, 0.012431998811687458, 0.49341819980536294]}, "GLN-14-PROA": {"PC": [1.651632103933282e-08, -5.165972755992501e-05, 0.017351562692248673], "PE": 0, "PG": 0, "PI": 0, "PS": 0, "PA": 0, "CL": 0, "SM": 0, "CHOL": 0, "OTHER": [5.775809903373833e-08, -0.00010144032457024026, 0.026442421417105327]}, "LYS-15-PROA": {"PC": [8.960753818519314e-10, -7.016708564830223e-06, 0.005423375225036049], "PE": 0, "PG": 0, "PI": 0, "PS": 0, "PA": 0, "CL": 0, "SM": 0, "CHOL": 0, "OTHER": [4.878530421019961e-06, -0.001909084803503763, 0.09580575237843611]}, "LEU-16-PROA": {"PC": [5.051045278284418e-07, -0.000360266626059466, 0.03535432071565268], "PE": 0, "PG": 0, "PI": 0, "PS": 0, "PA": 0, "CL": 0, "SM": 0, "CHOL": 0, "OTHER": [4.4631091995560035e-10, -3.153452158801853e-06, 0.004501867953865863]}, "VAL-17-PROA": {"PC": [1.0592696673198743e-07, -0.0001402799331857122, 0.023514282161004194], "PE": 0, "PG": 0, "PI": 0, "PS": 0, "PA": 0, "CL": 0, "SM": 0, "CHOL": 0, "OTHER": [9.093851239004848e-07, -0.0005645421075783112, 0.05978312680181684]}, "PHE-18-PROA": {"PC": [1.416387672425689e-07, -0.00017269143977585548, 0.024616716620391787], "PE": 0, "PG": 0, "PI": 0, "PS": 0, "PA": 0, "CL": 0, "SM": 0, "CHOL": 0, "OTHER": [8.513825185584482e-09, -2.545000288622023e-05, 0.012164194627202949]}, "PHE-19-PROA": {"PC": [6.495329577091102e-09, -2.72910581096261e-05, 0.010177895195057903], "PE": 0, "PG": 0, "PI": 0, "PS": 0, "PA": 0, "CL": 0, "SM": 0, "CHOL": 0, "OTHER": [5.417287840896471e-06, -0.002060887430953015, 0.11404677603597001]}, "ALA-20-PROA": {"PC": [1.7831937844707187e-08, -5.1770940986855175e-05, 0.01493436278804121], "PE": 0, "PG": 0, "PI": 0, "PS": 0, "PA": 0, "CL": 0, "SM": 0, "CHOL": 0, "OTHER": [1.258293534598454e-06, -0.000542983290732857, 0.07683544181424147]}, "VAL-23-PROA": {"PC": [1.0989037164408e-07, -0.0001450201341689423, 0.025037739910432424], "PE": 0, "PG": 0, "PI": 0, "PS": 0, "PA": 0, "CL": 0, "SM": 0, "CHOL": 0, "OTHER": 0}, "ALA-29-PROA": {"PC": [4.291277275802701e-06, -0.001321164559487425, 0.09038297873272796], "PE": 0, "PG": 0, "PI": 0, "PS": 0, "PA": 0, "CL": 0, "SM": 0, "CHOL": 0, "OTHER": 0}, "ILE-30-PROA": {"PC": [4.58391047543156e-08, -8.27950706217057e-05, 0.018423014493775997], "PE": 0, "PG": 0, "PI": 0, "PS": 0, "PA": 0, "CL": 0, "SM": 0, "CHOL": 0, "OTHER": 0}, "ILE-31-PROA": {"PC": [1.7210319189532545e-08, -4.386764905559901e-05, 0.017423925396010922], "PE": 0, "PG": 0, "PI": 0, "PS": 0, "PA": 0, "CL": 0, "SM": 0, "CHOL": 0, "OTHER": [1.4388473060405997e-06, -0.0007198827683777054, 0.054305950672278155]}, "GLY-32-PROA": {"PC": [1.39268041035809e-08, -3.938032889589872e-05, 0.014923797752209216], "PE": 0, "PG": 0, "PI": 0, "PS": 0, "PA": 0, "CL": 0, "SM": 0, "CHOL": 0, "OTHER": [0.00012797987925542163, -0.015357824666916665, 0.34988542572695625]}, "LEU-33-PROA": {"PC": [4.5857990050188756e-08, -6.088091249751638e-05, 0.015889948482359098], "PE": 0, "PG": 0, "PI": 0, "PS": 0, "PA": 0, "CL": 0, "SM": 0, "CHOL": 0, "OTHER": [1.2285570400741303e-07, -0.0001584142907689371, 0.03524352794131385]}, "MET-34-PROA": {"PC": [2.9648373877986575e-07, -0.0002667726532353826, 0.036318804534231704], "PE": 0, "PG": 0, "PI": 0, "PS": 0, "PA": 0, "CL": 0, "SM": 0, "CHOL": 0, "OTHER": [1.0049870412512136e-08, -2.9573365268860985e-05, 0.013443687720505899]}, "VAL-35-PROA": {"PC": [6.714458495334425e-08, -0.00011020711029769602, 0.023411414424303608], "PE": 0, "PG": 0, "PI": 0, "PS": 0, "PA": 0, "CL": 0, "SM": 0, "CHOL": 0, "OTHER": [9.674889621427593e-09, -3.4660995230281904e-05, 0.01278367163006052]}, "GLY-36-PROA": {"PC": [3.442112981943157e-10, -4.490302314845226e-06, 0.0043177599477309024], "PE": 0, "PG": 0, "PI": 0, "PS": 0, "PA": 0, "CL": 0, "SM": 0, "CHOL": 0, "OTHER": [-0.0002325823688643837, 0.01476431450970323, 0.0012053525526598756]}, "GLY-37-PROA": {"PC": [2.717267604375462e-09, -1.3289822251995332e-05, 0.008091289467176322], "PE": 0, "PG": 0, "PI": 0, "PS": 0, "PA": 0, "CL": 0, "SM": 0, "CHOL": 0, "OTHER": [1.3655236780064722e-07, -0.0001721069550793535, 0.049835051040800875]}, "VAL-38-PROA": {"PC": [4.598865050187139e-09, 8.21486604556528e-06, 0.009140508900888081], "PE": 0, "PG": 0, "PI": 0, "PS": 0, "PA": 0, "CL": 0, "SM": 0, "CHOL": 0, "OTHER": [-1.146223347690879e-06, 0.0004478746902106836, 0.00898247032064765]}, "VAL-39-PROA": {"PC": [8.188381111995159e-09, -2.925029021227939e-05, 0.013189318473574919], "PE": 0, "PG": 0, "PI": 0, "PS": 0, "PA": 0, "CL": 0, "SM": 0, "CHOL": 0, "OTHER": [3.69309020709618e-09, -1.4677013770032215e-05, 0.008100584398319479]}, "ILE-40-PROA": {"PC": [8.479003725178436e-08, -0.00012951229775961322, 0.02683822239812597], "PE": 0, "PG": 0, "PI": 0, "PS": 0, "PA": 0, "CL": 0, "SM": 0, "CHOL": 0, "OTHER": [0.20530483045311626, 1.8497965223825767, 16.66666666666702]}, "TYR-51-PROB": {"PC": 0, "PE": 0, "PG": 0, "PI": 0, "PS": 0, "PA": 0, "CL": 0, "SM": 0, "CHOL": 0, "OTHER": 0}, "ALA-71-PROB": {"PC": 0, "PE": 0, "PG": 0, "PI": 0, "PS": 0, "PA": 0, "CL": 0, "SM": 0, "CHOL": 0, "OTHER": 0}, "ILE-72-PROB": {"PC": 0, "PE": 0, "PG": 0, "PI": 0, "PS": 0, "PA": 0, "CL": 0, "SM": 0, "CHOL": 0, "OTHER": 0}, "ILE-73-PROB": {"PC": 0, "PE": 0, "PG": 0, "PI": 0, "PS": 0, "PA": 0, "CL": 0, "SM": 0, "CHOL": 0, "OTHER": 0}, "GLY-74-PROB": {"PC": 0, "PE": 0, "PG": 0, "PI": 0, "PS": 0, "PA": 0, "CL": 0, "SM": 0, "CHOL": 0, "OTHER": 0}, "LEU-75-PROB": {"PC": 0, "PE": 0, "PG": 0, "PI": 0, "PS": 0, "PA": 0, "CL": 0, "SM": 0, "CHOL": 0, "OTHER": 0}, "MET-76-PROB": {"PC": 0, "PE": 0, "PG": 0, "PI": 0, "PS": 0, "PA": 0, "CL": 0, "SM": 0, "CHOL": 0, "OTHER": 0}, "VAL-77-PROB": {"PC": 0, "PE": 0, "PG": 0, "PI": 0, "PS": 0, "PA": 0, "CL": 0, "SM": 0, "CHOL": 0, "OTHER": 0}, "GLY-78-PROB": {"PC": 0, "PE": 0, "PG": 0, "PI": 0, "PS": 0, "PA": 0, "CL": 0, "SM": 0, "CHOL": 0, "OTHER": 0}, "GLY-79-PROB": {"PC": 0, "PE": 0, "PG": 0, "PI": 0, "PS": 0, "PA": 0, "CL": 0, "SM": 0, "CHOL": 0, "OTHER": 0}, "VAL-80-PROB": {"PC": 0, "PE": 0, "PG": 0, "PI": 0, "PS": 0, "PA": 0, "CL": 0, "SM": 0, "CHOL": 0, "OTHER": 0}, "VAL-81-PROB": {"PC": 0, "PE": 0, "PG": 0, "PI": 0, "PS": 0, "PA": 0, "CL": 0,