{"ASP-0-PROA": {"PC": 0, "PE": 0, "PG": 0, "PI": 0, "PS": 0, "PA": 0, "CL": 0, "SM": 0, "CHOL": 0}, "ALA-1-PROA": {"PC": [0.0001866129987422761, -0.02032174204716316, 0.288172803964449], "PE": 0, "PG": 0, "PI": 0, "PS": 0, "PA": 0, "CL": 0, "SM": 0, "CHOL": [0.00916441672321741, -0.3566473561440943, 2.87887958906264]}, "GLU-2-PROA": {"PC": [9.188066487062932e-05, -0.013756910232271874, 0.3329711183474748], "PE": 0, "PG": 0, "PI": 0, "PS": 0, "PA": 0, "CL": 0, "SM": 0, "CHOL": [-4.181198037571817e-05, 0.005306780598021808, 0.048627679602612564]}, "PHE-3-PROA": {"PC": [4.413600386079352e-05, -0.004486449162440365, 0.1345122747596642], "PE": 0, "PG": 0, "PI": 0, "PS": 0, "PA": 0, "CL": 0, "SM": 0, "CHOL": [8.424867844549019e-05, 0.0006588615919267643, 0.04116754637342947]}, "ARG-4-PROA": {"PC": [1.1987247278165763e-05, -0.0032265208059122823, 0.11635108857059295], "PE": 0, "PG": 0, "PI": 0, "PS": 0, "PA": 0, "CL": 0, "SM": 0, "CHOL": [6.5050830346489245e-06, -0.0017532903751569756, 0.08616186218152856]}, "SER-7-PROA": {"PC": [4.263234878173084e-05, -0.007388445327552074, 0.2120232477504732], "PE": 0, "PG": 0, "PI": 0, "PS": 0, "PA": 0, "CL": 0, "SM": 0, "CHOL": [0.22464484495995762, -4.784086141806273, 23.17093562735291]}, "GLY-8-PROA": {"PC": [1.1754757656530443e-06, -0.0008176431892323036, 0.06781334235309565], "PE": 0, "PG": 0, "PI": 0, "PS": 0, "PA": 0, "CL": 0, "SM": 0, "CHOL": [1.668397323920957e-05, -0.004282531360972403, 0.16212214249239643]}, "TYR-9-PROA": {"PC": [2.803140015626247e-05, -0.007315512826450971, 0.21061160107453272], "PE": 0, "PG": 0, "PI": 0, "PS": 0, "PA": 0, "CL": 0, "SM": 0, "CHOL": [0.2144641976906296, -3.2907540881511905, 13.591695649167912]}, "GLU-10-PROA": {"PC": [1.343851091484225e-07, -0.0002028529062500369, 0.032624624152239746], "PE": 0, "PG": 0, "PI": 0, "PS": 0, "PA": 0, "CL": 0, "SM": 0, "CHOL": [2.046540033961e-08, -4.936742868718243e-05, 0.01827209712208529]}, "VAL-11-PROA": {"PC": [-6.432999399125857e-06, 0.0012552390169457217, 0.029025311383812716], "PE": 0, "PG": 0, "PI": 0, "PS": 0, "PA": 0, "CL": 0, "SM": 0, "CHOL": [0.009667464666964219, -0.33665211764510794, 2.1103815961718135]}, "HSD-12-PROA": {"PC": [2.0568754870235855e-06, -0.0009377752685639955, 0.0681107539831094], "PE": 0, "PG": 0, "PI": 0, "PS": 0, "PA": 0, "CL": 0, "SM": 0, "CHOL": [4.083411462650447e-08, -7.590168841642589e-05, 0.023541008755229388]}, "HSD-13-PROA": {"PC": [5.272877132993936e-07, -0.00038133736670333256, 0.043287882913518434], "PE": 0, "PG": 0, "PI": 0, "PS": 0, "PA": 0, "CL": 0, "SM": 0, "CHOL": [2.1479034111420905e-07, -0.0002294787444528785, 0.03529393868153307]}, "GLN-14-PROA": {"PC": [3.076848632353207e-09, -1.127867573563557e-05, 0.008014393951940127], "PE": 0, "PG": 0, "PI": 0, "PS": 0, "PA": 0, "CL": 0, "SM": 0, "CHOL": [7.018784117580435e-07, -0.0004783196076180982, 0.052874657646904986]}, "LYS-15-PROA": {"PC": [3.501227517885995e-08, -7.536821486128233e-05, 0.02205729473385567], "PE": 0, "PG": 0, "PI": 0, "PS": 0, "PA": 0, "CL": 0, "SM": 0, "CHOL": [0.0009698503981724747, -0.07534587208688474, 1.1337422606447212]}, "LEU-16-PROA": {"PC": [5.826083950077824e-08, -0.00011649744815241721, 0.01967027980412619], "PE": 0, "PG": 0, "PI": 0, "PS": 0, "PA": 0, "CL": 0, "SM": 0, "CHOL": [8.702036249142581e-07, -0.000598611724540479, 0.04887557439687648]}, "VAL-17-PROA": {"PC": [1.8938836127026096e-08, -4.996362822534895e-05, 0.01799240109818601], "PE": 0, "PG": 0, "PI": 0, "PS": 0, "PA": 0, "CL": 0, "SM": 0, "CHOL": [4.55857907685275e-06, -0.0020295078595380964, 0.10643898522607914]}, "PHE-18-PROA": {"PC": [1.9178330830780137e-07, -0.00018460978749088215, 0.02620645430350097], "PE": 0, "PG": 0, "PI": 0, "PS": 0, "PA": 0, "CL": 0, "SM": 0, "CHOL": [-1.706567736219249e-08, 8.294589716403965e-06, 0.019702279858754758]}, "PHE-19-PROA": {"PC": [1.582638402311698e-08, -4.100976037886403e-05, 0.012952140342608557], "PE": 0, "PG": 0, "PI": 0, "PS": 0, "PA": 0, "CL": 0, "SM": 0, "CHOL": [4.416387075174523e-07, -0.00034916114493664565, 0.03566064631228614]}, "ALA-20-PROA": {"PC": [7.429225848740396e-08, -0.00011325592363414089, 0.02158441118889453], "PE": 0, "PG": 0, "PI": 0, "PS": 0, "PA": 0, "CL": 0, "SM": 0, "CHOL": [5.362895860410762e-08, -9.401522961755506e-05, 0.030703804141341495]}, "GLU-21-PROA": {"PC": [7.211219014440859e-08, -0.00013474320423456057, 0.02270816946745487], "PE": 0, "PG": 0, "PI": 0, "PS": 0, "PA": 0, "CL": 0, "SM": 0, "CHOL": [1.6583836220287595e-05, -0.002867433053441526, 0.11639027464993322]}, "ASP-22-PROA": {"PC": [1.1447083469954631e-07, -0.00023673133595046385, 0.027549665005852198], "PE": 0, "PG": 0, "PI": 0, "PS": 0, "PA": 0, "CL": 0, "SM": 0, "CHOL": [-0.915695983807251, 15.582632951808987, -59.023902659757844]}, "VAL-23-PROA": {"PC": [2.7548262938223493e-07, -0.0003609366393191807, 0.03872669593276223], "PE": 0, "PG": 0, "PI": 0, "PS": 0, "PA": 0, "CL": 0, "SM": 0, "CHOL": [0.000518468404242789, -0.02592585954479611, 0.38087100554428954]}, "LYS-27-PROA": {"PC": [2.5669033690145764e-06, -0.0010581587319336073, 0.05986939588597994], "PE": 0, "PG": 0, "PI": 0, "PS": 0, "PA": 0, "CL": 0, "SM": 0, "CHOL": 0}, "GLY-28-PROA": {"PC": [1.543518076721029e-07, -0.00022500706095635105, 0.031668331452501294], "PE": 0, "PG": 0, "PI": 0, "PS": 0, "PA": 0, "CL": 0, "SM": 0, "CHOL": [9.285852748418e-07, -0.0005449572239857972, 0.05486899424524491]}, "ALA-29-PROA": {"PC": [-0.007742548358147506, 0.12262049222126796, 0.22637663456391516], "PE": 0, "PG": 0, "PI": 0, "PS": 0, "PA": 0, "CL": 0, "SM": 0, "CHOL": 0}, "ILE-30-PROA": {"PC": [6.158330851360457e-07, -0.0005011085204822611, 0.07200692912698811], "PE": 0, "PG": 0, "PI": 0, "PS": 0, "PA": 0, "CL": 0, "SM": 0, "CHOL": [7.723588507375005e-05, -0.012451513985642162, 0.32727140703514523]}, "ILE-31-PROA": {"PC": [8.770474531270654e-08, -0.0001321274465128968, 0.025390909432085756], "PE": 0, "PG": 0, "PI": 0, "PS": 0, "PA": 0, "CL": 0, "SM": 0, "CHOL": [3.010320034302272e-09, -9.529431710113324e-06, 0.0058977151301996674]}, "GLY-32-PROA": {"PC": [4.385612935291797e-09, -1.5305048693654465e-05, 0.010518656281753932], "PE": 0, "PG": 0, "PI": 0, "PS": 0, "PA": 0, "CL": 0, "SM": 0, "CHOL": [2.705111920741277e-08, -5.3242826405785285e-05, 0.016584524937293715]}, "LEU-33-PROA": {"PC": [4.657819836414836e-08, -9.045478812046961e-05, 0.02269588034803607], "PE": 0, "PG": 0, "PI": 0, "PS": 0, "PA": 0, "CL": 0, "SM": 0, "CHOL": [1.3356789969474885e-06, -0.0008735024546692738, 0.05519316174490405]}, "MET-34-PROA": {"PC": [2.6329018556677282e-08, -6.998785145653793e-05, 0.01766481934053863], "PE": 0, "PG": 0, "PI": 0, "PS": 0, "PA": 0, "CL": 0, "SM": 0, "CHOL": [4.844304300308903e-06, -0.0018136666143053787, 0.11474835596129156]}, "VAL-35-PROA": {"PC": [5.409104856118887e-09, -2.320075120934881e-05, 0.012422137797570875], "PE": 0, "PG": 0, "PI": 0, "PS": 0, "PA": 0, "CL": 0, "SM": 0, "CHOL": [3.9081918463684714e-08, -6.06305922593083e-05, 0.016967669088592537]}, "GLY-36-PROA": {"PC": [4.64792886529508e-08, -8.247667597763699e-05, 0.02084613361698055], "PE": 0, "PG": 0, "PI": 0, "PS": 0, "PA": 0, "CL": 0, "SM": 0, "CHOL": [1.8367841029441422e-09, -1.0117161239946442e-05, 0.011410189411755069]}, "GLY-37-PROA": {"PC": [-1.5101816334382827e-06, 0.0007386210709194605, -0.021308090414438832], "PE": 0, "PG": 0, "PI": 0, "PS": 0, "PA": 0, "CL": 0, "SM": 0, "CHOL": [3.610656670083183e-09, -1.3277340172010416e-05, 0.007356614891936389]}, "VAL-38-PROA": {"PC": [-0.00047712869646448586, 0.0071810322872175895, 0.18630767029380338], "PE": 0, "PG": 0, "PI": 0, "PS": 0, "PA": 0, "CL": 0, "SM": 0, "CHOL": [2.036545701274606e-08, -3.899468640133035e-05, 0.015393709560302136]}, "VAL-39-PROA": {"PC": [1.036477799682031, 4.156275976724942, 16.66666666666702], "PE": 0, "PG": 0, "PI": 0, "PS": 0, "PA": 0, "CL": 0, "SM": 0, "CHOL": [3.6209617365922624e-10, -3.5541376888563083e-06, 0.008209051812361695]}, "ILE-40-PROA": {"PC": [6.971132097650435e-05, -0.0077119168822538525, 0.23953805044785292], "PE": 0, "PG": 0,