{"ASP-0-PROA": {"PC": 0, "PE": 0, "PG": 0, "PI": 0, "PS": 0, "PA": 0, "CL": 0, "SM": 0, "CHOL": 0}, "ALA-1-PROA": {"PC": [4.245811967862156e-07, -0.0003985336300078129, 0.04010840708232622], "PE": 0, "PG": 0, "PI": 0, "PS": 0, "PA": 0, "CL": 0, "SM": 0, "CHOL": [-1.1457687277111835e-05, 0.0008021121213593989, 0.08356629903439523]}, "GLU-2-PROA": {"PC": [1.2622042187835992e-08, -3.531977799772485e-05, 0.01240654380038172], "PE": 0, "PG": 0, "PI": 0, "PS": 0, "PA": 0, "CL": 0, "SM": 0, "CHOL": [5.471358629393628e-08, -7.218695357319415e-05, 0.018885965019187483]}, "PHE-3-PROA": {"PC": [1.1136165000608633e-06, -0.000669260908771726, 0.05908244770839065], "PE": 0, "PG": 0, "PI": 0, "PS": 0, "PA": 0, "CL": 0, "SM": 0, "CHOL": [-6.809299697821636e-05, 0.00866500026471276, 0.03038191393229984]}, "ARG-4-PROA": {"PC": [2.634055888095151e-08, -6.1159481632812e-05, 0.020925687819359315], "PE": 0, "PG": 0, "PI": 0, "PS": 0, "PA": 0, "CL": 0, "SM": 0, "CHOL": [-1.6584979105487638e-07, -6.979427546475156e-05, 0.035761519617506086]}, "GLU-10-PROA": {"PC": [8.995264340291144e-09, -3.075451757429555e-05, 0.013502849393554282], "PE": 0, "PG": 0, "PI": 0, "PS": 0, "PA": 0, "CL": 0, "SM": 0, "CHOL": [-6.01555020696187e-05, 0.008218543892545909, -0.045007999789194175]}, "VAL-11-PROA": {"PC": [3.8089212028982413e-06, -0.0013160623664260724, 0.07206395501640767], "PE": 0, "PG": 0, "PI": 0, "PS": 0, "PA": 0, "CL": 0, "SM": 0, "CHOL": 0}, "HSD-12-PROA": {"PC": [7.545700763753466e-09, -2.4870486525293734e-05, 0.011987779197795636], "PE": 0, "PG": 0, "PI": 0, "PS": 0, "PA": 0, "CL": 0, "SM": 0, "CHOL": 0}, "HSD-13-PROA": {"PC": [2.9038460654808168e-05, -0.005614187782133763, 0.16031799929271892], "PE": 0, "PG": 0, "PI": 0, "PS": 0, "PA": 0, "CL": 0, "SM": 0, "CHOL": 0}, "GLN-14-PROA": {"PC": [2.7514220383574116e-09, -1.0483450574489777e-05, 0.00938400611917146], "PE": 0, "PG": 0, "PI": 0, "PS": 0, "PA": 0, "CL": 0, "SM": 0, "CHOL": [-9.301132417763059e-07, 0.00027155876753793726, 0.019161752802807592]}, "LYS-15-PROA": {"PC": [1.0617833572744981e-07, -0.00015195190947948702, 0.03479195723340471], "PE": 0, "PG": 0, "PI": 0, "PS": 0, "PA": 0, "CL": 0, "SM": 0, "CHOL": [0.00010136642147011145, -0.010325649947015523, 0.21667783034214771]}, "LEU-16-PROA": {"PC": [2.528235094102409e-07, -0.0002166918948844898, 0.028035009650598595], "PE": 0, "PG": 0, "PI": 0, "PS": 0, "PA": 0, "CL": 0, "SM": 0, "CHOL": [1.0685873773863703e-06, -0.0006005528908939053, 0.05327875392220052]}, "VAL-17-PROA": {"PC": [2.486084741198171e-08, -6.284987813191154e-05, 0.015401153209151664], "PE": 0, "PG": 0, "PI": 0, "PS": 0, "PA": 0, "CL": 0, "SM": 0, "CHOL": [1.660028404535363e-08, -3.031934698668148e-05, 0.013160238793576655]}, "PHE-18-PROA": {"PC": [1.6728801329543488e-07, -0.00016378008791379566, 0.023179015197643125], "PE": 0, "PG": 0, "PI": 0, "PS": 0, "PA": 0, "CL": 0, "SM": 0, "CHOL": [2.605239875930779e-07, -0.00023777938728729447, 0.027138438767505095]}, "PHE-19-PROA": {"PC": [6.632331014327093e-08, -0.00010372949566370859, 0.023146823746659682], "PE": 0, "PG": 0, "PI": 0, "PS": 0, "PA": 0, "CL": 0, "SM": 0, "CHOL": [3.3453175601478666e-08, -5.4601878888370306e-05, 0.013284935013115189]}, "ALA-20-PROA": {"PC": [1.4340263876706347e-07, -0.00015294396244799392, 0.02294320500730149], "PE": 0, "PG": 0, "PI": 0, "PS": 0, "PA": 0, "CL": 0, "SM": 0, "CHOL": [3.824721981727307e-08, -6.889357574175246e-05, 0.020144432431496686]}, "GLU-21-PROA": {"PC": [1.585527780765766e-07, -0.00018302335749347678, 0.03182674470326024], "PE": 0, "PG": 0, "PI": 0, "PS": 0, "PA": 0, "CL": 0, "SM": 0, "CHOL": [1.4307868059699043e-05, -0.004048019784941045, 0.13614591768792242]}, "ASP-22-PROA": {"PC": [2.005850800652702e-08, -5.783521927570886e-05, 0.01806674365106749], "PE": 0, "PG": 0, "PI": 0, "PS": 0, "PA": 0, "CL": 0, "SM": 0, "CHOL": [2.0952207166761645e-07, -0.00023053328090899842, 0.0355064697127226]}, "VAL-23-PROA": {"PC": [3.098102695023865e-08, -7.319905698443302e-05, 0.014870188088079593], "PE": 0, "PG": 0, "PI": 0, "PS": 0, "PA": 0, "CL": 0, "SM": 0, "CHOL": [0.0051100256752352686, -0.19905852275997052, 1.7308195388962322]}, "GLY-24-PROA": {"PC": [7.299340267001545e-08, -0.0001353768109736999, 0.02574884164768651], "PE": 0, "PG": 0, "PI": 0, "PS": 0, "PA": 0, "CL": 0, "SM": 0, "CHOL": [3.482584623283197e-08, -7.416023109243734e-05, 0.024712014954376138]}, "SER-25-PROA": {"PC": [1.3412639891763128e-06, -0.0008364883469469152, 0.055817091843625925], "PE": 0, "PG": 0, "PI": 0, "PS": 0, "PA": 0, "CL": 0, "SM": 0, "CHOL": [0.004699595866449829, -0.2682860895003856, 3.4984911954669373]}, "LYS-27-PROA": {"PC": [7.520799966130538e-05, -0.008471212882002076, 0.16526360855874764], "PE": 0, "PG": 0, "PI": 0, "PS": 0, "PA": 0, "CL": 0, "SM": 0, "CHOL": 0}, "GLY-28-PROA": {"PC": [7.581083120198781e-05, -0.010306303294987442, 0.22139591120570565], "PE": 0, "PG": 0, "PI": 0, "PS": 0, "PA": 0, "CL": 0, "SM": 0, "CHOL": [0.0004061330772070873, -0.03714903729347489, 0.6903531751136557]}, "ALA-29-PROA": {"PC": [7.147782905313065e-06, -0.0017578352559684792, 0.07745225722030737], "PE": 0, "PG": 0, "PI": 0, "PS": 0, "PA": 0, "CL": 0, "SM": 0, "CHOL": [6.008236985143265e-06, -0.0018276009935457242, 0.09921503099444119]}, "ILE-30-PROA": {"PC": [1.3061118407077233e-05, -0.00315162417580842, 0.11346032876561137], "PE": 0, "PG": 0, "PI": 0, "PS": 0, "PA": 0, "CL": 0, "SM": 0, "CHOL": [-0.006676329438694549, 0.20841646847408152, -0.6640740593310743]}, "ILE-31-PROA": {"PC": [1.2374021767215296e-08, -4.1892859847603124e-05, 0.012176524193414286], "PE": 0, "PG": 0, "PI": 0, "PS": 0, "PA": 0, "CL": 0, "SM": 0, "CHOL": [1.622941229159302e-06, -0.0007171889928885484, 0.05184376205996235]}, "GLY-32-PROA": {"PC": [-2.651304229164542e-07, 0.00012924228713159168, 0.01753023291960985], "PE": 0, "PG": 0, "PI": 0, "PS": 0, "PA": 0, "CL": 0, "SM": 0, "CHOL": [4.09330401891181e-09, -1.52726316004855e-05, 0.011587919182924176]}, "LEU-33-PROA": {"PC": [1.9635586445305223e-08, -4.467342109834433e-05, 0.018275444763976304], "PE": 0, "PG": 0, "PI": 0, "PS": 0, "PA": 0, "CL": 0, "SM": 0, "CHOL": [1.220951935146292e-07, -0.000132720959919112, 0.025063091508327404]}, "MET-34-PROA": {"PC": [5.152040080014675e-07, -0.0004111901731879104, 0.049157861152474926], "PE": 0, "PG": 0, "PI": 0, "PS": 0, "PA": 0, "CL": 0, "SM": 0, "CHOL": [1.4861744607573247e-09, -7.51612348753019e-06, 0.006904590507048164]}, "VAL-35-PROA": {"PC": [4.025801831328787e-09, -1.4994847936224898e-05, 0.00952138441091188], "PE": 0, "PG": 0, "PI": 0, "PS": 0, "PA": 0, "CL": 0, "SM": 0, "CHOL": [-4.229743137900223e-07, 4.6065351251707035e-05, 0.023674335867705197]}, "GLY-36-PROA": {"PC": [1.090219713549268e-06, -0.0004962047296355118, 0.0403974945326059], "PE": 0, "PG": 0, "PI": 0, "PS": 0, "PA": 0, "CL": 0, "SM": 0, "CHOL": [2.7776387026737106e-08, -5.2778858198513497e-05, 0.016851715093760693]}, "GLY-37-PROA": {"PC": [-4.9636004518773187e-08, 7.580711907265611e-05, 0.001653398347357849], "PE": 0, "PG": 0, "PI": 0, "PS": 0, "PA": 0, "CL": 0, "SM": 0, "CHOL": [1.2780020808836536e-05, -0.003276879714487672, 0.1131698333260212]}, "VAL-38-PROA": {"PC": [1.699647862297478e-07, -0.00020452112492789107, 0.030068977861969645], "PE": 0, "PG": 0, "PI": 0, "PS": 0, "PA": 0, "CL": 0, "SM": 0, "CHOL": [0.00026852423885639627, -0.04990755954460375, 1.0181838721867196]}, "VAL-39-PROA": {"PC": [2.551737038692378e-08, -6.687864619531719e-05, 0.020967784863778094], "PE": 0, "PG": 0, "PI": 0, "PS": 0, "PA": 0, "CL": 0, "SM": 0, "CHOL": [0.00029359813252426446, -0.022178469151667508, 0.5129655131396934]}, "ILE-40-PROA": {"PC": 0, "PE": 0, "PG": 0, "PI": 0, "PS": 0, "PA": 0, "CL": 0, "SM": 0, "CHOL": 0}, "TYR-51-PROB": {"PC": 0, "PE": 0, "PG": 0, "PI": 0, "PS": 0, "PA": 0, "CL": 0, "SM": 0, "CHOL": 0}, "GLU-52-PROB": {"PC": 0, "PE": 0, "PG": 0, "PI": 0, "PS": 0, "PA": 0, "CL": 0, "SM": 0, "CHOL": 0}, "VAL-53-PROB": {"PC": 0, "PE": 0, "PG": 0, "PI": 0, "PS": 0, "PA": 0, "CL": 0, "SM": 0, "CHOL": 0},