{"GLU-2-PROA": {"PC": [2.0767218352437406e-09, -1.1029839989598339e-05, 0.012231147137479957], "PE": 0, "PG": 0, "PI": 0, "PS": 0, "PA": 0, "CL": 0, "SM": 0, "CHOL": 0}, "PHE-3-PROA": {"PC": [2.3501251951878557e-08, -8.474907929567381e-05, 0.016137528848828745], "PE": 0, "PG": 0, "PI": 0, "PS": 0, "PA": 0, "CL": 0, "SM": 0, "CHOL": [0.0021607056545496803, -0.1460038044201748, 1.2225626305156352]}, "SER-7-PROA": {"PC": [1.801631221354184e-06, -0.000699455536611911, 0.04907692727493617], "PE": 0, "PG": 0, "PI": 0, "PS": 0, "PA": 0, "CL": 0, "SM": 0, "CHOL": [1.0364777996820311, 4.1562759767249435, 16.666666666667027]}, "TYR-9-PROA": {"PC": [1.6352057728863609e-07, -0.00015635712954409535, 0.02220091074406777], "PE": 0, "PG": 0, "PI": 0, "PS": 0, "PA": 0, "CL": 0, "SM": 0, "CHOL": [1.6848599481047565e-05, -0.004059721050320755, 0.200382311215648]}, "VAL-11-PROA": {"PC": [3.7780192527737306e-07, -0.0003997353370665239, 0.04576497345808786], "PE": 0, "PG": 0, "PI": 0, "PS": 0, "PA": 0, "CL": 0, "SM": 0, "CHOL": 0}, "HSD-12-PROA": {"PC": [1.8757257270316736e-07, -0.00022008394759618074, 0.03952810211747116], "PE": 0, "PG": 0, "PI": 0, "PS": 0, "PA": 0, "CL": 0, "SM": 0, "CHOL": [4.009502710479778e-09, -1.3834328279768088e-05, 0.009349603828688461]}, "HSD-13-PROA": {"PC": [2.1119598330525098e-07, -0.0002489586975904296, 0.04056096756306086], "PE": 0, "PG": 0, "PI": 0, "PS": 0, "PA": 0, "CL": 0, "SM": 0, "CHOL": [0.0007568600735449756, -0.04262436487535579, 0.47107934747683905]}, "GLN-14-PROA": {"PC": [1.1100615358813066e-07, -0.0001411853005121798, 0.026043492124742672], "PE": 0, "PG": 0, "PI": 0, "PS": 0, "PA": 0, "CL": 0, "SM": 0, "CHOL": [1.054288272564892e-07, -0.0001298929076463836, 0.027801801678155474]}, "LYS-15-PROA": {"PC": [3.959608581031528e-08, -8.307913999700444e-05, 0.019425975618563227], "PE": 0, "PG": 0, "PI": 0, "PS": 0, "PA": 0, "CL": 0, "SM": 0, "CHOL": [4.005871009007662e-07, -0.0002608615081290028, 0.03276755696873636]}, "LEU-16-PROA": {"PC": [1.6981500513087994e-07, -0.0002452906151071551, 0.03359670827929887], "PE": 0, "PG": 0, "PI": 0, "PS": 0, "PA": 0, "CL": 0, "SM": 0, "CHOL": [1.5646848042814742e-08, -3.825006199698225e-05, 0.012042293864944074]}, "VAL-17-PROA": {"PC": [2.683144183700222e-07, -0.0002208540210061459, 0.03048395397468529], "PE": 0, "PG": 0, "PI": 0, "PS": 0, "PA": 0, "CL": 0, "SM": 0, "CHOL": [4.4860852446908117e-07, -0.0004127688857209637, 0.04854864790265533]}, "PHE-18-PROA": {"PC": [5.497507683666722e-07, -0.00037647034698679743, 0.04471356992059358], "PE": 0, "PG": 0, "PI": 0, "PS": 0, "PA": 0, "CL": 0, "SM": 0, "CHOL": [9.269281646591574e-09, -2.9073746487207732e-05, 0.015391991099225677]}, "PHE-19-PROA": {"PC": [2.0845122600493875e-08, -4.709969492560291e-05, 0.011491120824324927], "PE": 0, "PG": 0, "PI": 0, "PS": 0, "PA": 0, "CL": 0, "SM": 0, "CHOL": [1.949137588913136e-07, -0.00020418846488843176, 0.0328790400438951]}, "ALA-20-PROA": {"PC": [9.15526403213812e-08, -0.00015281353259506786, 0.026603873119359658], "PE": 0, "PG": 0, "PI": 0, "PS": 0, "PA": 0, "CL": 0, "SM": 0, "CHOL": [3.315683356290352e-09, -1.2275492904843974e-05, 0.009962543995985446]}, "GLU-21-PROA": {"PC": [1.5493211299595206e-06, -0.0006568137225464692, 0.057156012661323925], "PE": 0, "PG": 0, "PI": 0, "PS": 0, "PA": 0, "CL": 0, "SM": 0, "CHOL": [3.6799174617709256e-06, -0.001783403575199442, 0.10284682576179138]}, "ASP-22-PROA": {"PC": [2.1785974718035708e-05, -0.004011433642405448, 0.1406076886317465], "PE": 0, "PG": 0, "PI": 0, "PS": 0, "PA": 0, "CL": 0, "SM": 0, "CHOL": [0.03692427620820084, -0.8451099959520566, 3.82924900350616]}, "VAL-23-PROA": {"PC": [3.034224729319835e-06, -0.0014672212158130203, 0.07689847776214179], "PE": 0, "PG": 0, "PI": 0, "PS": 0, "PA": 0, "CL": 0, "SM": 0, "CHOL": [9.594469784984448e-07, -0.0005655801980391365, 0.054965767153090254]}, "GLY-24-PROA": {"PC": [2.5308571116062143e-08, -6.230823922608732e-05, 0.018371561854261725], "PE": 0, "PG": 0, "PI": 0, "PS": 0, "PA": 0, "CL": 0, "SM": 0, "CHOL": [8.359600068689334e-09, -2.7463173717329632e-05, 0.009649960652987]}, "SER-25-PROA": {"PC": [6.959178002665753e-08, -0.00010028289392463592, 0.018952864121147977], "PE": 0, "PG": 0, "PI": 0, "PS": 0, "PA": 0, "CL": 0, "SM": 0, "CHOL": [2.462598247120594e-07, -0.0001826489995552836, 0.02655139709582691]}, "LYS-27-PROA": {"PC": [2.4523244899255726e-05, -0.0030461132861027695, 0.13522749167482603], "PE": 0, "PG": 0, "PI": 0, "PS": 0, "PA": 0, "CL": 0, "SM": 0, "CHOL": [-0.03829287360486818, 0.3495909710480695, 3.3450599856935077]}, "GLY-28-PROA": {"PC": [1.953179224346458e-07, -0.0001887082861162284, 0.043533233865780674], "PE": 0, "PG": 0, "PI": 0, "PS": 0, "PA": 0, "CL": 0, "SM": 0, "CHOL": [4.698039206250406e-08, -8.338074825387141e-05, 0.0285511062411318]}, "ALA-29-PROA": {"PC": [-0.0027881500778791347, 0.13771282636904245, -0.3211270445557835], "PE": 0, "PG": 0, "PI": 0, "PS": 0, "PA": 0, "CL": 0, "SM": 0, "CHOL": 0}, "ILE-30-PROA": {"PC": [1.3159221456992408e-05, -0.00385835295506163, 0.13811505901130383], "PE": 0, "PG": 0, "PI": 0, "PS": 0, "PA": 0, "CL": 0, "SM": 0, "CHOL": [2.6832447105652286e-07, -0.0002347236248298925, 0.03926339106461632]}, "ILE-31-PROA": {"PC": [2.668561139859442e-07, -0.00022528236772898996, 0.03801758446824329], "PE": 0, "PG": 0, "PI": 0, "PS": 0, "PA": 0, "CL": 0, "SM": 0, "CHOL": [1.6479485498421368e-08, -3.699595794423952e-05, 0.016206042372199445]}, "GLY-32-PROA": {"PC": [4.437873488126838e-08, -6.965895710339836e-05, 0.013811120258479768], "PE": 0, "PG": 0, "PI": 0, "PS": 0, "PA": 0, "CL": 0, "SM": 0, "CHOL": [2.9492364547110843e-08, -5.720278269658547e-05, 0.020915301647683966]}, "LEU-33-PROA": {"PC": [2.8416539699551445e-07, -0.0002562666985814222, 0.032243819835730506], "PE": 0, "PG": 0, "PI": 0, "PS": 0, "PA": 0, "CL": 0, "SM": 0, "CHOL": [4.917604698374534e-08, -8.408806175681834e-05, 0.019598372410853607]}, "MET-34-PROA": {"PC": [1.9117614800378176e-07, -0.00018600977682416215, 0.02699465157619109], "PE": 0, "PG": 0, "PI": 0, "PS": 0, "PA": 0, "CL": 0, "SM": 0, "CHOL": [2.203891149239478e-05, -0.00453480608154188, 0.1473076972671613]}, "VAL-35-PROA": {"PC": [3.1901258154066743e-09, -1.5695678612353842e-05, 0.01250686768532296], "PE": 0, "PG": 0, "PI": 0, "PS": 0, "PA": 0, "CL": 0, "SM": 0, "CHOL": [7.271699540994974e-09, -2.4031105493248208e-05, 0.014672699764594633]}, "GLY-36-PROA": {"PC": [2.6629665946130846e-08, -6.322052546424305e-05, 0.02193830205904562], "PE": 0, "PG": 0, "PI": 0, "PS": 0, "PA": 0, "CL": 0, "SM": 0, "CHOL": [-9.907063560486718e-06, -0.000650690744314078, 0.17608462391275895]}, "GLY-37-PROA": {"PC": [2.5465521049220205e-08, -4.068694422480801e-05, 0.012314016628071942], "PE": 0, "PG": 0, "PI": 0, "PS": 0, "PA": 0, "CL": 0, "SM": 0, "CHOL": [8.461883118854748e-08, -0.00011348843562923925, 0.027873586481214366]}, "VAL-38-PROA": {"PC": [7.651349841062783e-07, -0.0005280346566020731, 0.05041378081261409], "PE": 0, "PG": 0, "PI": 0, "PS": 0, "PA": 0, "CL": 0, "SM": 0, "CHOL": [9.515487417679445e-05, -0.008659279316910922, 0.15627210714259265]}, "ILE-73-PROB": {"PC": 0, "PE": 0, "PG": 0, "PI": 0, "PS": 0, "PA": 0, "CL": 0, "SM": 0, "CHOL": 0}, "GLY-74-PROB": {"PC": 0, "PE": 0, "PG": 0, "PI": 0, "PS": 0, "PA": 0, "CL": 0, "SM": 0, "CHOL": 0}, "LEU-75-PROB": {"PC": 0, "PE": 0, "PG": 0, "PI": 0, "PS": 0, "PA": 0, "CL": 0, "SM": 0, "CHOL": 0}, "MET-76-PROB": {"PC": 0, "PE": 0, "PG": 0, "PI": 0, "PS": 0, "PA": 0, "CL": 0, "SM": 0, "CHOL": 0}, "VAL-77-PROB": {"PC": 0, "PE": 0, "PG": 0, "PI": 0, "PS": 0, "PA": 0, "CL": 0, "SM": 0, "CHOL": 0}, "GLY-78-PROB": {"PC": 0, "PE": 0, "PG": 0, "PI": 0, "PS": 0, "PA": 0, "CL": 0, "SM": 0, "CHOL": 0}, "GLY-79-PROB": {"PC": 0, "PE": 0, "PG": 0, "PI": 0, "PS": 0, "PA": 0, "CL": 0, "SM": 0, "CHOL": 0}, "VAL-80-PROB": {"PC": 0, "PE": 0, "PG": 0, "PI": 0, "PS": 0, "PA": 0, "CL": 0, "SM": 0, "CHOL": 0}, "VAL-81-PROB": {"PC": 0, "PE": 0, "PG": 0, "PI": 0, "PS": 0, "PA": 0, "CL": 0, "SM": 0, "CHOL": 0}, "ILE-82-PROB": {"PC": 0,