{"ASP-0-PROA": {"PC": 0, "PE": 0, "PG": 0, "PI": 0, "PS": 0, "PA": 0, "CL": 0, "SM": 0, "CHOL": 0}, "ALA-1-PROA": {"PC": [1.1591994399860302e-06, -0.0006075082597276324, 0.046696637632761606], "PE": 0, "PG": 0, "PI": 0, "PS": 0, "PA": 0, "CL": 0, "SM": 0, "CHOL": [9.898705281706064e-05, -0.005818282776854852, 0.14694583365833636]}, "GLU-2-PROA": {"PC": [7.416573819954562e-07, -0.00046818708425344115, 0.038735489514585386], "PE": 0, "PG": 0, "PI": 0, "PS": 0, "PA": 0, "CL": 0, "SM": 0, "CHOL": [0.011231590729542197, -0.3542048086272167, 2.3003345571908365]}, "PHE-3-PROA": {"PC": [1.793648347911852e-06, -0.0009035641880881735, 0.06784878390457269], "PE": 0, "PG": 0, "PI": 0, "PS": 0, "PA": 0, "CL": 0, "SM": 0, "CHOL": [4.528848588538324e-06, -0.0014393731746150176, 0.09394460491561843]}, "ARG-4-PROA": {"PC": [1.8977469938849508e-08, -4.526601178655639e-05, 0.017348932007296963], "PE": 0, "PG": 0, "PI": 0, "PS": 0, "PA": 0, "CL": 0, "SM": 0, "CHOL": [3.3850931134817224e-06, -0.0013243943238243874, 0.08566670888129627]}, "TYR-9-PROA": {"PC": [1.3490642060558023e-08, -4.834481237294675e-05, 0.015129103664948863], "PE": 0, "PG": 0, "PI": 0, "PS": 0, "PA": 0, "CL": 0, "SM": 0, "CHOL": [-2.705479648619745e-06, 0.0011634967634093277, 0.038168587827723]}, "GLU-10-PROA": {"PC": [1.0175494546630718e-09, -5.082396508130091e-06, 0.005026083327251867], "PE": 0, "PG": 0, "PI": 0, "PS": 0, "PA": 0, "CL": 0, "SM": 0, "CHOL": [7.132389124020163e-07, -0.00043095905707175007, 0.040612793952814454]}, "VAL-11-PROA": {"PC": [-5.825197158498119e-05, 0.006623568144606962, 0.03066061784293337], "PE": 0, "PG": 0, "PI": 0, "PS": 0, "PA": 0, "CL": 0, "SM": 0, "CHOL": [3.846868233164471e-06, -0.0013483391895434817, 0.07646737998492673]}, "HSD-12-PROA": {"PC": [2.9825108081823064e-08, -6.398750111384464e-05, 0.02892769520398535], "PE": 0, "PG": 0, "PI": 0, "PS": 0, "PA": 0, "CL": 0, "SM": 0, "CHOL": [8.165470768458993e-08, -0.00010861941052764067, 0.022915669410560176]}, "HSD-13-PROA": {"PC": [2.110614847075971e-07, -0.0002143451727365836, 0.043320479155944544], "PE": 0, "PG": 0, "PI": 0, "PS": 0, "PA": 0, "CL": 0, "SM": 0, "CHOL": [-0.1389025772097798, 2.162678951673652, -5.36442097587993]}, "GLN-14-PROA": {"PC": [2.962908715093792e-07, -0.0002416091849924575, 0.049181344768058105], "PE": 0, "PG": 0, "PI": 0, "PS": 0, "PA": 0, "CL": 0, "SM": 0, "CHOL": [3.4695229452403136e-07, -0.00033757506345187164, 0.051708447680578876]}, "LYS-15-PROA": {"PC": [3.493531856652792e-08, -6.926582816631386e-05, 0.017389738025631592], "PE": 0, "PG": 0, "PI": 0, "PS": 0, "PA": 0, "CL": 0, "SM": 0, "CHOL": [-2.3132199911267703e-06, 0.0006806070927130553, 0.003983860400962314]}, "LEU-16-PROA": {"PC": [2.2104694298146237e-08, -7.451573962975004e-05, 0.016088988962096148], "PE": 0, "PG": 0, "PI": 0, "PS": 0, "PA": 0, "CL": 0, "SM": 0, "CHOL": [6.296892302155523e-08, -8.716880522143996e-05, 0.02103713925085909]}, "VAL-17-PROA": {"PC": [6.240506448101957e-09, -3.102242989619411e-05, 0.011069705013992594], "PE": 0, "PG": 0, "PI": 0, "PS": 0, "PA": 0, "CL": 0, "SM": 0, "CHOL": [3.984532033319151e-08, -6.914725472531074e-05, 0.020869669284251286]}, "PHE-18-PROA": {"PC": [2.1889242465636176e-08, -6.662030739105462e-05, 0.014137473489070055], "PE": 0, "PG": 0, "PI": 0, "PS": 0, "PA": 0, "CL": 0, "SM": 0, "CHOL": [8.309136421322536e-06, -0.0025328220176118175, 0.1058442335208035]}, "PHE-19-PROA": {"PC": [1.2121124606384795e-07, -0.0001402289210231351, 0.023821800395268128], "PE": 0, "PG": 0, "PI": 0, "PS": 0, "PA": 0, "CL": 0, "SM": 0, "CHOL": [2.056488292237515e-09, -1.1198026717776251e-05, 0.010127112706921546]}, "ALA-20-PROA": {"PC": [2.09378596856228e-08, -4.952855261165384e-05, 0.012346024055712525], "PE": 0, "PG": 0, "PI": 0, "PS": 0, "PA": 0, "CL": 0, "SM": 0, "CHOL": [2.1885821528669896e-06, -0.0013815402125838105, 0.08265044934586208]}, "GLU-21-PROA": {"PC": [5.999316199099732e-07, -0.0004950803858917114, 0.047477463201374505], "PE": 0, "PG": 0, "PI": 0, "PS": 0, "PA": 0, "CL": 0, "SM": 0, "CHOL": [5.752822752554858e-07, -0.00028250874933306353, 0.029493389538767487]}, "ASP-22-PROA": {"PC": [4.5998285550782013e-07, -0.00045103601993156094, 0.04729796010144307], "PE": 0, "PG": 0, "PI": 0, "PS": 0, "PA": 0, "CL": 0, "SM": 0, "CHOL": [0.0010993264885972344, 0.009074690880423543, 0.04248882652094519]}, "VAL-23-PROA": {"PC": [5.092743226556143e-07, -0.00032703139137353615, 0.044068225497952154], "PE": 0, "PG": 0, "PI": 0, "PS": 0, "PA": 0, "CL": 0, "SM": 0, "CHOL": [2.884847871554402e-07, -0.00018915738105997355, 0.02390310162264321]}, "GLY-24-PROA": {"PC": [1.9127692628135545e-08, -4.272880664441534e-05, 0.020840760404005097], "PE": 0, "PG": 0, "PI": 0, "PS": 0, "PA": 0, "CL": 0, "SM": 0, "CHOL": [1.407886100584116e-09, -7.5264546496220915e-06, 0.00749564932460747]}, "LYS-27-PROA": {"PC": [0.0004188344309772942, -0.02817814019730269, 0.5069876809239486], "PE": 0, "PG": 0, "PI": 0, "PS": 0, "PA": 0, "CL": 0, "SM": 0, "CHOL": 0}, "GLY-28-PROA": {"PC": [8.747050449775165e-06, -0.002942639648231497, 0.13845122458943848], "PE": 0, "PG": 0, "PI": 0, "PS": 0, "PA": 0, "CL": 0, "SM": 0, "CHOL": [0.0006496913846982855, 0.08769538169662315, 0.5593144244966354]}, "ALA-29-PROA": {"PC": [7.84810816802822e-07, -0.0005058509655222327, 0.055958809937033116], "PE": 0, "PG": 0, "PI": 0, "PS": 0, "PA": 0, "CL": 0, "SM": 0, "CHOL": 0}, "ILE-30-PROA": {"PC": [-2.4882432915736408e-08, 6.475194438326556e-05, 0.007080517186038305], "PE": 0, "PG": 0, "PI": 0, "PS": 0, "PA": 0, "CL": 0, "SM": 0, "CHOL": [-7.12855077792115, 77.80705953656552, -196.1524955304571]}, "ILE-31-PROA": {"PC": [1.061109361105549e-07, -0.00011843668203527891, 0.02081031355528392], "PE": 0, "PG": 0, "PI": 0, "PS": 0, "PA": 0, "CL": 0, "SM": 0, "CHOL": [3.711246419761944e-07, -0.0004377033887129762, 0.0403220969555579]}, "GLY-32-PROA": {"PC": [1.3779523017412481e-08, -4.382007532973734e-05, 0.014859232542439017], "PE": 0, "PG": 0, "PI": 0, "PS": 0, "PA": 0, "CL": 0, "SM": 0, "CHOL": [3.3565720598053547e-09, -1.7648894710727257e-05, 0.01184976573404772]}, "LEU-33-PROA": {"PC": [2.2385889215204805e-07, -0.0002599690701755705, 0.03378181458771995], "PE": 0, "PG": 0, "PI": 0, "PS": 0, "PA": 0, "CL": 0, "SM": 0, "CHOL": [7.565523507391419e-08, -9.178120775163705e-05, 0.0184210051214694]}, "MET-34-PROA": {"PC": [1.6240892249648901e-07, -0.00017409908169253513, 0.025670705659943508], "PE": 0, "PG": 0, "PI": 0, "PS": 0, "PA": 0, "CL": 0, "SM": 0, "CHOL": [2.7168016661869964e-08, -6.125809903123759e-05, 0.018140643357737542]}, "VAL-35-PROA": {"PC": [2.8443322052157604e-07, -0.0002071005568498161, 0.03708566754904232], "PE": 0, "PG": 0, "PI": 0, "PS": 0, "PA": 0, "CL": 0, "SM": 0, "CHOL": [-9.610508827600682e-09, -7.431411884129305e-06, 0.016358332968922095]}, "GLY-36-PROA": {"PC": [4.581103949903718e-09, -2.0854336899192704e-05, 0.008239272170205422], "PE": 0, "PG": 0, "PI": 0, "PS": 0, "PA": 0, "CL": 0, "SM": 0, "CHOL": [4.216477347138366e-07, -0.00034050590423445864, 0.055680699390628696]}, "GLY-37-PROA": {"PC": [1.5748294417601316e-08, -4.0998659315813557e-05, 0.01218185491274129], "PE": 0, "PG": 0, "PI": 0, "PS": 0, "PA": 0, "CL": 0, "SM": 0, "CHOL": [-1.2059582579760633e-05, -0.0001429789280426465, 0.21479492497625685]}, "VAL-38-PROA": {"PC": [2.380742588549881e-08, -5.5503739009651244e-05, 0.021940222651310112], "PE": 0, "PG": 0, "PI": 0, "PS": 0, "PA": 0, "CL": 0, "SM": 0, "CHOL": [9.248461890125699e-06, -0.0013588296927718418, 0.05745033690806254]}, "VAL-39-PROA": {"PC": [4.014366989460346e-08, -9.252012007928187e-05, 0.02329054666757739], "PE": 0, "PG": 0, "PI": 0, "PS": 0, "PA": 0, "CL": 0, "SM": 0, "CHOL": [1.2835497722055768e-06, -0.0006830999849729154, 0.06933208355247941]}, "ILE-40-PROA": {"PC": [2.853745643157679e-06, -0.0011215750860863248, 0.06618911935058121], "PE": 0, "PG": 0, "PI": 0, "PS": 0, "PA": 0, "CL": 0, "SM": 0, "CHOL": 0}, "GLY-50-PROB": {"PC": 0, "PE": 0, "PG": 0, "PI": 0, "PS": 0, "PA": 0, "CL": 0, "SM": 0, "CHOL": 0},