{"ASP-0-PROA": {"PC": 0, "PE": 0, "PG": 0, "PI": 0, "PS": 0, "PA": 0, "CL": 0, "SM": 0, "CHOL": 0}, "ALA-1-PROA": {"PC": [2.225756346238493e-06, -0.0010638502849516034, 0.05797900738462107], "PE": 0, "PG": 0, "PI": 0, "PS": 0, "PA": 0, "CL": 0, "SM": 0, "CHOL": [2.8710726063145223e-06, -0.0012349090923708351, 0.08033771939235891]}, "GLU-2-PROA": {"PC": [3.6245735536936054e-07, -0.00032925519093946967, 0.04015951408658899], "PE": 0, "PG": 0, "PI": 0, "PS": 0, "PA": 0, "CL": 0, "SM": 0, "CHOL": [9.670623385890261e-08, -0.0001401471931260428, 0.031186513962374006]}, "PHE-3-PROA": {"PC": [1.3258917588023724e-07, -0.00019404222842377163, 0.0290074840440742], "PE": 0, "PG": 0, "PI": 0, "PS": 0, "PA": 0, "CL": 0, "SM": 0, "CHOL": [1.7257661757545516e-06, -0.0008391078997596029, 0.07008993396256502]}, "ARG-4-PROA": {"PC": [1.4478314750532436e-08, -4.574993498610396e-05, 0.01525020010089835], "PE": 0, "PG": 0, "PI": 0, "PS": 0, "PA": 0, "CL": 0, "SM": 0, "CHOL": [7.570832346535948e-08, -0.0001260385607118629, 0.02828286698190599]}, "TYR-9-PROA": {"PC": [-2.453564070811569e-05, 0.0038697376999040595, 0.02227152949162949], "PE": 0, "PG": 0, "PI": 0, "PS": 0, "PA": 0, "CL": 0, "SM": 0, "CHOL": 0}, "GLU-10-PROA": {"PC": [2.119016100165783e-07, -0.00023629602650901174, 0.04062486251549633], "PE": 0, "PG": 0, "PI": 0, "PS": 0, "PA": 0, "CL": 0, "SM": 0, "CHOL": [-0.0021187157314575705, 0.0958750245715997, -0.2547911892608492]}, "VAL-11-PROA": {"PC": [1.4434571802924471e-06, -0.000697348607813194, 0.04978707441898518], "PE": 0, "PG": 0, "PI": 0, "PS": 0, "PA": 0, "CL": 0, "SM": 0, "CHOL": [4.342648979370544e-06, -0.0015243838574380392, 0.09719090997095992]}, "HSD-12-PROA": {"PC": [2.9108967972455785e-08, -4.952298098179708e-05, 0.014040921007118946], "PE": 0, "PG": 0, "PI": 0, "PS": 0, "PA": 0, "CL": 0, "SM": 0, "CHOL": [9.240575366535501e-08, -0.00010342979788718474, 0.021164627951079998]}, "HSD-13-PROA": {"PC": [3.1337901031547207e-09, -1.8437765725276124e-05, 0.009869527286797504], "PE": 0, "PG": 0, "PI": 0, "PS": 0, "PA": 0, "CL": 0, "SM": 0, "CHOL": [1.034775755102999e-05, -0.0013472583718402782, 0.0752750432740461]}, "GLN-14-PROA": {"PC": [5.966988038394538e-09, -2.7392159656632002e-05, 0.011302615169721714], "PE": 0, "PG": 0, "PI": 0, "PS": 0, "PA": 0, "CL": 0, "SM": 0, "CHOL": [5.9944759370518764e-05, -0.00526922691408994, 0.12356825307317426]}, "LYS-15-PROA": {"PC": [1.2129514382466096e-08, -3.8903014861693856e-05, 0.013925480723825967], "PE": 0, "PG": 0, "PI": 0, "PS": 0, "PA": 0, "CL": 0, "SM": 0, "CHOL": [1.0487182891229367e-05, -0.0023742848664339, 0.10186791164507483]}, "LEU-16-PROA": {"PC": [1.9034014810768757e-09, -1.224576709478744e-05, 0.0083615165203366], "PE": 0, "PG": 0, "PI": 0, "PS": 0, "PA": 0, "CL": 0, "SM": 0, "CHOL": [0.00011901683421710348, -0.017815183879052114, 0.42175734542878035]}, "VAL-17-PROA": {"PC": [2.8469836312452633e-07, -0.00023538135766313235, 0.032361448066044504], "PE": 0, "PG": 0, "PI": 0, "PS": 0, "PA": 0, "CL": 0, "SM": 0, "CHOL": [6.879580700638361e-08, -0.00013128212471192049, 0.02605710820532487]}, "PHE-18-PROA": {"PC": [2.327671357530775e-08, -6.09723776966448e-05, 0.015228508395169227], "PE": 0, "PG": 0, "PI": 0, "PS": 0, "PA": 0, "CL": 0, "SM": 0, "CHOL": [1.8846033130541421e-06, -0.0010421615865953784, 0.07645528682368982]}, "PHE-19-PROA": {"PC": [5.224253120310655e-07, -0.00042953725476203326, 0.049368810587978915], "PE": 0, "PG": 0, "PI": 0, "PS": 0, "PA": 0, "CL": 0, "SM": 0, "CHOL": [3.067178128173882e-08, -5.81598155981675e-05, 0.018424361011492175]}, "ALA-20-PROA": {"PC": [4.3412817004104e-08, -9.247078614425739e-05, 0.02152688975207913], "PE": 0, "PG": 0, "PI": 0, "PS": 0, "PA": 0, "CL": 0, "SM": 0, "CHOL": [8.969956721405429e-08, -0.00011527188707750428, 0.023804683319344586]}, "GLU-21-PROA": {"PC": [3.8342507739485274e-07, -0.0003122808964127572, 0.038486292408081636], "PE": 0, "PG": 0, "PI": 0, "PS": 0, "PA": 0, "CL": 0, "SM": 0, "CHOL": [1.4303229049354037e-07, -0.00019820507695917226, 0.035356434363752715]}, "ASP-22-PROA": {"PC": [7.437978403548279e-07, -0.0004461940016122682, 0.04061382535694816], "PE": 0, "PG": 0, "PI": 0, "PS": 0, "PA": 0, "CL": 0, "SM": 0, "CHOL": [1.1264550427846959e-07, -0.00016322312969068258, 0.036303121462473484]}, "SER-25-PROA": {"PC": [8.745098740171082e-07, -0.0005274859265307983, 0.05309879193314821], "PE": 0, "PG": 0, "PI": 0, "PS": 0, "PA": 0, "CL": 0, "SM": 0, "CHOL": [-0.0018125662396498178, 0.02440673488660661, 0.8894898011204563]}, "ASN-26-PROA": {"PC": [1.568360558069278e-06, -0.0005118140883367976, 0.0441530354310047], "PE": 0, "PG": 0, "PI": 0, "PS": 0, "PA": 0, "CL": 0, "SM": 0, "CHOL": [1.2811390670756136e-06, -0.0011202187579049563, 0.06948878630098629]}, "LYS-27-PROA": {"PC": [1.132388744383037e-05, -0.002380658141300663, 0.10080526709124313], "PE": 0, "PG": 0, "PI": 0, "PS": 0, "PA": 0, "CL": 0, "SM": 0, "CHOL": 0}, "GLY-28-PROA": {"PC": [1.4099994726901904e-06, -0.0008362376064679252, 0.057757296692385586], "PE": 0, "PG": 0, "PI": 0, "PS": 0, "PA": 0, "CL": 0, "SM": 0, "CHOL": [4.5496185720325695, 4.4049067746103745, -88.04421998855074]}, "ALA-29-PROA": {"PC": [9.004957579855571e-07, -0.0005914810635323144, 0.05654574615620251], "PE": 0, "PG": 0, "PI": 0, "PS": 0, "PA": 0, "CL": 0, "SM": 0, "CHOL": [0.05262168607038747, -0.5346363304751419, 2.100052558540108]}, "ILE-30-PROA": {"PC": [4.8897632931256657e-08, -8.483015173892695e-05, 0.024474454117248072], "PE": 0, "PG": 0, "PI": 0, "PS": 0, "PA": 0, "CL": 0, "SM": 0, "CHOL": 0}, "ILE-31-PROA": {"PC": [5.281819088016653e-10, -6.26885935750061e-07, 0.0038506974420453913], "PE": 0, "PG": 0, "PI": 0, "PS": 0, "PA": 0, "CL": 0, "SM": 0, "CHOL": [5.057406802873407e-07, -0.0003512555409337636, 0.0407175320333473]}, "GLY-32-PROA": {"PC": [7.877945455074785e-10, -5.372819676902028e-06, 0.007759340925692062], "PE": 0, "PG": 0, "PI": 0, "PS": 0, "PA": 0, "CL": 0, "SM": 0, "CHOL": [8.136806183431823e-08, -0.00010836795747509824, 0.021545739193528996]}, "LEU-33-PROA": {"PC": [9.78271311667051e-08, -0.00013102241185965378, 0.02103444612465494], "PE": 0, "PG": 0, "PI": 0, "PS": 0, "PA": 0, "CL": 0, "SM": 0, "CHOL": [3.715778672226253e-06, -0.0012791015747322886, 0.11215261486141345]}, "MET-34-PROA": {"PC": [3.584311878853587e-08, -6.896164834551628e-05, 0.0188959132467507], "PE": 0, "PG": 0, "PI": 0, "PS": 0, "PA": 0, "CL": 0, "SM": 0, "CHOL": [1.1418088285106455e-06, -0.0006875054141496401, 0.05047229508355828]}, "VAL-35-PROA": {"PC": [1.1536067431707601e-08, -3.864213454385654e-05, 0.01599123229296679], "PE": 0, "PG": 0, "PI": 0, "PS": 0, "PA": 0, "CL": 0, "SM": 0, "CHOL": [7.718522080600046e-07, -0.0006265941558878225, 0.060915935419720416]}, "GLY-36-PROA": {"PC": [2.766675691888306e-09, -1.7207027653351014e-05, 0.008361240381472948], "PE": 0, "PG": 0, "PI": 0, "PS": 0, "PA": 0, "CL": 0, "SM": 0, "CHOL": [5.215857507824457e-06, -0.0013559839709708697, 0.07941390657994296]}, "GLY-37-PROA": {"PC": [8.546649033649503e-09, -2.2310289563554143e-05, 0.011695059746911556], "PE": 0, "PG": 0, "PI": 0, "PS": 0, "PA": 0, "CL": 0, "SM": 0, "CHOL": [0.4614236025555584, 2.773155851358906, 16.666666666667027]}, "VAL-38-PROA": {"PC": [9.795907312712222e-10, -5.781054741186797e-06, 0.005222609408242196], "PE": 0, "PG": 0, "PI": 0, "PS": 0, "PA": 0, "CL": 0, "SM": 0, "CHOL": 0}, "VAL-39-PROA": {"PC": [3.568941228314882e-09, -1.983254988653267e-05, 0.008959684965201], "PE": 0, "PG": 0, "PI": 0, "PS": 0, "PA": 0, "CL": 0, "SM": 0, "CHOL": [1.0441881163925356e-06, -0.0005277952822120219, 0.049377272140339865]}, "ILE-40-PROA": {"PC": [3.650153297677866e-08, -6.67937980846685e-05, 0.023807169722016557], "PE": 0, "PG": 0, "PI": 0, "PS": 0, "PA": 0, "CL": 0, "SM": 0, "CHOL": [-0.006194388692138772, 0.19458769206567939, -0.0033460226508794247]}, "GLY-70-PROB": {"PC": 0, "PE": 0, "PG": 0, "PI": 0, "PS": 0, "PA": 0, "CL": 0, "SM": 0, "CHOL": 0}, "ALA-71-PROB": {"PC": 0, "PE": 0, "PG": 0, "PI": 0, "PS": 0, "PA": 0, "CL": 0, "SM": 0, "CHOL": 0},