{"ASP-0-PROA": {"PC": 0, "PE": 0, "PG": 0, "PI": 0, "PS": 0, "PA": 0, "CL": 0, "SM": 0, "CHOL": 0}, "ALA-1-PROA": {"PC": [4.227010702877525e-05, -0.0064941165761961675, 0.17715184761392752], "PE": 0, "PG": 0, "PI": 0, "PS": 0, "PA": 0, "CL": 0, "SM": 0, "CHOL": [0.00030286366680198684, -0.035831273340018344, 0.49245383287215266]}, "GLU-2-PROA": {"PC": [1.1227287038019144e-06, -0.0007296343129407656, 0.06080291944629719], "PE": 0, "PG": 0, "PI": 0, "PS": 0, "PA": 0, "CL": 0, "SM": 0, "CHOL": [-9.741202134948523e-06, 0.0013384850974999943, 0.035797529738859045]}, "PHE-3-PROA": {"PC": [7.656300124132538e-07, -0.0005568375799465949, 0.03703258465402744], "PE": 0, "PG": 0, "PI": 0, "PS": 0, "PA": 0, "CL": 0, "SM": 0, "CHOL": [-0.00020256436645920157, -0.008673639336501027, 0.7660195030447178]}, "ARG-4-PROA": {"PC": [2.1601208028831433e-08, -5.093954544509868e-05, 0.017988426515193147], "PE": 0, "PG": 0, "PI": 0, "PS": 0, "PA": 0, "CL": 0, "SM": 0, "CHOL": [5.075317339277203e-08, -8.461365620708997e-05, 0.025663689727471014]}, "HSD-5-PROA": {"PC": [1.6063198534938124e-09, -1.0008002910141523e-05, 0.008696896136269847], "PE": 0, "PG": 0, "PI": 0, "PS": 0, "PA": 0, "CL": 0, "SM": 0, "CHOL": [0.0016401567746559648, -0.052493747741993876, 0.2627354973956485]}, "ASP-6-PROA": {"PC": [2.1103489464465992e-06, -0.0009233681325315508, 0.0598401507169424], "PE": 0, "PG": 0, "PI": 0, "PS": 0, "PA": 0, "CL": 0, "SM": 0, "CHOL": 0}, "SER-7-PROA": {"PC": [6.191015537261246e-07, -0.0005821704727809943, 0.057103839172687305], "PE": 0, "PG": 0, "PI": 0, "PS": 0, "PA": 0, "CL": 0, "SM": 0, "CHOL": 0}, "GLY-8-PROA": {"PC": [2.490995118513509e-07, -0.0002755294544609968, 0.04048307176849308], "PE": 0, "PG": 0, "PI": 0, "PS": 0, "PA": 0, "CL": 0, "SM": 0, "CHOL": 0}, "TYR-9-PROA": {"PC": [1.1217058043825437e-08, -3.6759676937094146e-05, 0.011975630392881508], "PE": 0, "PG": 0, "PI": 0, "PS": 0, "PA": 0, "CL": 0, "SM": 0, "CHOL": 0}, "GLU-10-PROA": {"PC": [4.031899185903542e-09, -1.8984890569654015e-05, 0.011609231725182583], "PE": 0, "PG": 0, "PI": 0, "PS": 0, "PA": 0, "CL": 0, "SM": 0, "CHOL": [0.0029107972180408806, -0.15060245147955456, 1.5187570800518642]}, "VAL-11-PROA": {"PC": [2.291808314217957e-06, -0.000991443655929706, 0.0530469178894538], "PE": 0, "PG": 0, "PI": 0, "PS": 0, "PA": 0, "CL": 0, "SM": 0, "CHOL": [0.037526126532422995, -1.0632232517127687, 6.952493504806217]}, "HSD-12-PROA": {"PC": [4.087821356584961e-08, -6.803486965177035e-05, 0.021184302702403478], "PE": 0, "PG": 0, "PI": 0, "PS": 0, "PA": 0, "CL": 0, "SM": 0, "CHOL": [3.1059578815021597e-06, -0.0009423092457582334, 0.05733401158720248]}, "HSD-13-PROA": {"PC": [5.0455228759875465e-08, -9.849896876956491e-05, 0.02454808566047027], "PE": 0, "PG": 0, "PI": 0, "PS": 0, "PA": 0, "CL": 0, "SM": 0, "CHOL": 0}, "GLN-14-PROA": {"PC": [8.132378184764148e-07, -0.00038596982762140826, 0.040581488848096633], "PE": 0, "PG": 0, "PI": 0, "PS": 0, "PA": 0, "CL": 0, "SM": 0, "CHOL": [1.6648300421714236e-07, -0.00015952986506858325, 0.029558856679389813]}, "LYS-15-PROA": {"PC": [1.2003714175087619e-08, -3.687288153449252e-05, 0.016327160222082696], "PE": 0, "PG": 0, "PI": 0, "PS": 0, "PA": 0, "CL": 0, "SM": 0, "CHOL": [3.234854660455189e-08, -6.484447368012078e-05, 0.021354999169882243]}, "LEU-16-PROA": {"PC": [8.896420103280147e-08, -0.0001494174983086525, 0.026027559938316118], "PE": 0, "PG": 0, "PI": 0, "PS": 0, "PA": 0, "CL": 0, "SM": 0, "CHOL": [5.1842881321736546e-08, -7.499781439013488e-05, 0.01966214154740269]}, "VAL-17-PROA": {"PC": [7.816285376628876e-08, -0.00012480328587823958, 0.029434960020630008], "PE": 0, "PG": 0, "PI": 0, "PS": 0, "PA": 0, "CL": 0, "SM": 0, "CHOL": [1.8679342269869453e-08, -4.269861459316988e-05, 0.02087265698717162]}, "PHE-18-PROA": {"PC": [4.696100642332806e-06, -0.0019857480611159923, 0.09725681351132558], "PE": 0, "PG": 0, "PI": 0, "PS": 0, "PA": 0, "CL": 0, "SM": 0, "CHOL": [2.5983724920633314e-09, -1.0195152369727554e-05, 0.009114522152808969]}, "PHE-19-PROA": {"PC": [2.524089838013581e-08, -6.707974075273415e-05, 0.01567992552808192], "PE": 0, "PG": 0, "PI": 0, "PS": 0, "PA": 0, "CL": 0, "SM": 0, "CHOL": [3.0481983969782804e-07, -0.000253018955499084, 0.029612486834575836]}, "ALA-20-PROA": {"PC": [1.718563855945033e-07, -0.00018878361219875223, 0.025060265460142412], "PE": 0, "PG": 0, "PI": 0, "PS": 0, "PA": 0, "CL": 0, "SM": 0, "CHOL": [1.5707095547539997e-08, -5.001319193859888e-05, 0.015156948636672003]}, "GLU-21-PROA": {"PC": [1.9152029972081064e-08, -4.851544114298221e-05, 0.017913534333665986], "PE": 0, "PG": 0, "PI": 0, "PS": 0, "PA": 0, "CL": 0, "SM": 0, "CHOL": [4.4791960780044226e-05, -0.009209753262623768, 0.2190298044255596]}, "ASP-22-PROA": {"PC": [4.926093816310877e-08, -0.0001404407429507438, 0.02222782267756466], "PE": 0, "PG": 0, "PI": 0, "PS": 0, "PA": 0, "CL": 0, "SM": 0, "CHOL": [4.640192470043441e-06, -0.001102204712737135, 0.05869299409411636]}, "VAL-23-PROA": {"PC": [1.5132766752796957e-08, -4.4815857795366426e-05, 0.02039953534027431], "PE": 0, "PG": 0, "PI": 0, "PS": 0, "PA": 0, "CL": 0, "SM": 0, "CHOL": [-5.91756818980438e-07, 0.00022740071022873116, 0.031645762761098414]}, "GLY-24-PROA": {"PC": [3.766164543892511e-08, -9.310612318930104e-05, 0.022540965756124954], "PE": 0, "PG": 0, "PI": 0, "PS": 0, "PA": 0, "CL": 0, "SM": 0, "CHOL": [1.3576180610872466e-06, -0.0006249261866575273, 0.05313652076934959]}, "SER-25-PROA": {"PC": [3.221535317253754e-06, -0.001325173957576068, 0.07894618605639407], "PE": 0, "PG": 0, "PI": 0, "PS": 0, "PA": 0, "CL": 0, "SM": 0, "CHOL": [-5.8950970178703714e-06, 0.0012343089518264195, 0.009255667663675204]}, "ASN-26-PROA": {"PC": [9.72336757896565e-06, -0.0032076231126522015, 0.11709703021891875], "PE": 0, "PG": 0, "PI": 0, "PS": 0, "PA": 0, "CL": 0, "SM": 0, "CHOL": [0.005626057404568431, -0.08571494455366628, 0.7195458834082894]}, "LYS-27-PROA": {"PC": [0.00010869380011116843, -0.010138203818814152, 0.195249091648691], "PE": 0, "PG": 0, "PI": 0, "PS": 0, "PA": 0, "CL": 0, "SM": 0, "CHOL": 0}, "GLY-28-PROA": {"PC": [5.72501617308121e-06, -0.0017633150808062947, 0.09527826130439283], "PE": 0, "PG": 0, "PI": 0, "PS": 0, "PA": 0, "CL": 0, "SM": 0, "CHOL": [-0.004704597881148712, 0.026392174027178972, 2.615093535312948]}, "ALA-29-PROA": {"PC": [-2.0420788417364267e-06, 0.00012828943444605136, 0.0698040850484493], "PE": 0, "PG": 0, "PI": 0, "PS": 0, "PA": 0, "CL": 0, "SM": 0, "CHOL": [0.0021699127293495295, -0.08840393544172624, 0.9711915770778592]}, "ILE-30-PROA": {"PC": [3.980268891868129e-06, -0.001449853809957951, 0.088753778918888], "PE": 0, "PG": 0, "PI": 0, "PS": 0, "PA": 0, "CL": 0, "SM": 0, "CHOL": [-0.05429737882711193, 0.9499070175480819, -1.8934048713239051]}, "ILE-31-PROA": {"PC": [6.831180229225461e-06, -0.0024016953170029687, 0.11851836858596342], "PE": 0, "PG": 0, "PI": 0, "PS": 0, "PA": 0, "CL": 0, "SM": 0, "CHOL": [-6.600279157475231e-09, 9.072017420798374e-06, 0.004957773952520189]}, "GLY-32-PROA": {"PC": [2.9110895042525843e-09, -1.6911794934397738e-05, 0.009874785906244528], "PE": 0, "PG": 0, "PI": 0, "PS": 0, "PA": 0, "CL": 0, "SM": 0, "CHOL": [1.4716910173210318e-06, -0.0005379913328162527, 0.03904373842324876]}, "LEU-33-PROA": {"PC": [2.3580087403084473e-07, -0.0002719126938553914, 0.03983113338440802], "PE": 0, "PG": 0, "PI": 0, "PS": 0, "PA": 0, "CL": 0, "SM": 0, "CHOL": [3.258989863811672e-09, -1.5439110352076312e-05, 0.011092673316280886]}, "MET-34-PROA": {"PC": [2.4837597895971746e-08, -6.060987326280449e-05, 0.02039355349833216], "PE": 0, "PG": 0, "PI": 0, "PS": 0, "PA": 0, "CL": 0, "SM": 0, "CHOL": [3.910400384226e-08, -7.070771015253884e-05, 0.017238074568591485]}, "VAL-35-PROA": {"PC": [1.3138212700712722e-06, -0.0007921822800460122, 0.06326706770514834], "PE": 0, "PG": 0, "PI": 0, "PS": 0, "PA": 0, "CL": 0, "SM": 0, "CHOL": [7.093432259024398e-10, -5.60394023877175e-06, 0.008620577881029228]}, "GLY-36-PROA": {"PC": [1.5058332720062842e-09, -8.169743385836147e-06, 0.008172835556157096], "PE": 0,