{"VAL-11-PROA": {"PC": [1.730297082355709e-06, -0.0008639659108009326, 0.06024561650106385], "PE": 0, "PG": 0, "PI": 0, "PS": 0, "PA": 0, "CL": 0, "SM": 0, "CHOL": 0}, "HSD-12-PROA": {"PC": [1.6053636641333838e-06, -0.000787991077048215, 0.05188521293907336], "PE": 0, "PG": 0, "PI": 0, "PS": 0, "PA": 0, "CL": 0, "SM": 0, "CHOL": 0}, "HSD-13-PROA": {"PC": [3.914791892047439e-08, -8.873972880513971e-05, 0.02431813333734754], "PE": 0, "PG": 0, "PI": 0, "PS": 0, "PA": 0, "CL": 0, "SM": 0, "CHOL": [0.000525663770938447, -0.040591404045482546, 0.72973896166472]}, "GLN-14-PROA": {"PC": [3.7650261993437884e-08, -6.420990868477044e-05, 0.018558449411633187], "PE": 0, "PG": 0, "PI": 0, "PS": 0, "PA": 0, "CL": 0, "SM": 0, "CHOL": [2.7369069749996045e-07, -0.00025211349007197377, 0.03641116282078406]}, "LYS-15-PROA": {"PC": [1.159456927651842e-08, -3.5763557309352736e-05, 0.018303161940716944], "PE": 0, "PG": 0, "PI": 0, "PS": 0, "PA": 0, "CL": 0, "SM": 0, "CHOL": [0.0006534589404462843, -0.04008301589705107, 0.5360390979729711]}, "LEU-16-PROA": {"PC": [4.22140931191884e-08, -7.888416733665527e-05, 0.02303816642769464], "PE": 0, "PG": 0, "PI": 0, "PS": 0, "PA": 0, "CL": 0, "SM": 0, "CHOL": [1.2489795303945358e-07, -0.00019847568048835806, 0.024767068418336036]}, "VAL-17-PROA": {"PC": [3.1713243878650076e-09, -1.4371573728418237e-05, 0.01052477885210618], "PE": 0, "PG": 0, "PI": 0, "PS": 0, "PA": 0, "CL": 0, "SM": 0, "CHOL": [9.806906122133749e-08, -0.0001793317925442522, 0.02866985347381988]}, "PHE-18-PROA": {"PC": [3.399613786236608e-08, -7.707470699569055e-05, 0.018783150184209597], "PE": 0, "PG": 0, "PI": 0, "PS": 0, "PA": 0, "CL": 0, "SM": 0, "CHOL": [2.8057683284715144e-08, -6.410501846956583e-05, 0.01899502027635091]}, "PHE-19-PROA": {"PC": [6.848598753670726e-09, -3.052395840975515e-05, 0.011736064157774026], "PE": 0, "PG": 0, "PI": 0, "PS": 0, "PA": 0, "CL": 0, "SM": 0, "CHOL": [2.071786633131478e-08, -4.580320757624457e-05, 0.01597993486358787]}, "ALA-20-PROA": {"PC": [1.012912648473845e-08, -3.597329519979673e-05, 0.013382744767193644], "PE": 0, "PG": 0, "PI": 0, "PS": 0, "PA": 0, "CL": 0, "SM": 0, "CHOL": [2.5434620762556472e-08, -6.137686911058447e-05, 0.02123274697385381]}, "GLU-21-PROA": {"PC": [2.8696545469693956e-07, -0.00022494391944725525, 0.030655994570604965], "PE": 0, "PG": 0, "PI": 0, "PS": 0, "PA": 0, "CL": 0, "SM": 0, "CHOL": [-8.660669130183338e-08, 0.00011441531170108555, 0.003936993140434779]}, "ASP-22-PROA": {"PC": [3.0880915276196368e-06, -0.0011161847933328635, 0.06414010250088098], "PE": 0, "PG": 0, "PI": 0, "PS": 0, "PA": 0, "CL": 0, "SM": 0, "CHOL": [1.5921778607007988e-06, -0.0007649948283444239, 0.06796596908458553]}, "VAL-23-PROA": {"PC": [2.4546904810359936e-07, -0.0002618784647201668, 0.03258387590882826], "PE": 0, "PG": 0, "PI": 0, "PS": 0, "PA": 0, "CL": 0, "SM": 0, "CHOL": [-3.671382645529138e-05, 0.0037910563446384607, 0.034132683699041634]}, "GLY-24-PROA": {"PC": [3.488317391793596e-08, -4.982665150470099e-05, 0.013615061178314139], "PE": 0, "PG": 0, "PI": 0, "PS": 0, "PA": 0, "CL": 0, "SM": 0, "CHOL": [1.1901110598903301e-06, -0.000664547838764793, 0.06262781002805762]}, "SER-25-PROA": {"PC": [0.0004495528418321475, -0.037682935746240764, 0.5452300887536811], "PE": 0, "PG": 0, "PI": 0, "PS": 0, "PA": 0, "CL": 0, "SM": 0, "CHOL": 0}, "ASN-26-PROA": {"PC": [-0.0008944921524059938, 0.01889248707352159, 0.4832457090595982], "PE": 0, "PG": 0, "PI": 0, "PS": 0, "PA": 0, "CL": 0, "SM": 0, "CHOL": 0}, "LYS-27-PROA": {"PC": [-9.792454443953872e-05, -0.002482704854757204, 0.24489893784992461], "PE": 0, "PG": 0, "PI": 0, "PS": 0, "PA": 0, "CL": 0, "SM": 0, "CHOL": 0}, "GLY-28-PROA": {"PC": [1.782202847740266e-05, -0.004035879275758524, 0.11795746271147078], "PE": 0, "PG": 0, "PI": 0, "PS": 0, "PA": 0, "CL": 0, "SM": 0, "CHOL": [0.00013133154013517147, -0.02093610310772906, 0.3634919433250976]}, "ALA-29-PROA": {"PC": [0.0013187071233524506, -0.09427888981118454, 0.8916222373783866], "PE": 0, "PG": 0, "PI": 0, "PS": 0, "PA": 0, "CL": 0, "SM": 0, "CHOL": 0}, "ILE-30-PROA": {"PC": [0.0016557126969954945, -0.09369219850508229, 1.2948293582788917], "PE": 0, "PG": 0, "PI": 0, "PS": 0, "PA": 0, "CL": 0, "SM": 0, "CHOL": 0}, "ILE-31-PROA": {"PC": [9.441155802596174e-08, -9.114052305756383e-05, 0.023029402390585933], "PE": 0, "PG": 0, "PI": 0, "PS": 0, "PA": 0, "CL": 0, "SM": 0, "CHOL": [7.365487488434011e-09, -2.6997991822340575e-05, 0.013363417975048275]}, "GLY-32-PROA": {"PC": [3.3661446831869165e-07, -0.0003065594347779195, 0.04109912781682883], "PE": 0, "PG": 0, "PI": 0, "PS": 0, "PA": 0, "CL": 0, "SM": 0, "CHOL": [-0.17658978706254874, 2.4972381948679137, -6.1495934695650165]}, "LEU-33-PROA": {"PC": [2.729903991145451e-08, -5.31800739146074e-05, 0.016736679101609996], "PE": 0, "PG": 0, "PI": 0, "PS": 0, "PA": 0, "CL": 0, "SM": 0, "CHOL": [8.253227759266983e-07, -0.0004973363257564382, 0.05433411736213544]}, "MET-34-PROA": {"PC": [4.350725680001699e-08, -7.64243297047452e-05, 0.019855262179984207], "PE": 0, "PG": 0, "PI": 0, "PS": 0, "PA": 0, "CL": 0, "SM": 0, "CHOL": [3.2271168053233797e-06, -0.0008416651810379795, 0.04750656705127212]}, "VAL-35-PROA": {"PC": [1.3092658773744605e-08, -3.2082572905299226e-05, 0.012746733259932528], "PE": 0, "PG": 0, "PI": 0, "PS": 0, "PA": 0, "CL": 0, "SM": 0, "CHOL": [2.90718979999501e-07, -0.0002631568909913256, 0.03904630510778083]}, "GLY-36-PROA": {"PC": [7.860597003885941e-09, -2.6404059396450523e-05, 0.008682864895267402], "PE": 0, "PG": 0, "PI": 0, "PS": 0, "PA": 0, "CL": 0, "SM": 0, "CHOL": [0.05416826157961023, -1.1800396585922293, 6.575558284304176]}, "GLY-37-PROA": {"PC": [0.0005163717710436182, -0.04707004817614261, 0.859115804224695], "PE": 0, "PG": 0, "PI": 0, "PS": 0, "PA": 0, "CL": 0, "SM": 0, "CHOL": [2.1112372960810754e-06, -0.0008948266098896151, 0.05950756528980808]}, "VAL-38-PROA": {"PC": [1.1866550211449526e-07, -0.00012463014098424541, 0.024595009206821134], "PE": 0, "PG": 0, "PI": 0, "PS": 0, "PA": 0, "CL": 0, "SM": 0, "CHOL": [2.8507274908355533e-05, -0.004560362789105071, 0.12661111959022048]}, "VAL-39-PROA": {"PC": [3.181002076765077e-06, -0.00155449564392123, 0.07695204946334934], "PE": 0, "PG": 0, "PI": 0, "PS": 0, "PA": 0, "CL": 0, "SM": 0, "CHOL": 0}, "ILE-40-PROA": {"PC": [1.962536600086857e-05, -0.004564588251247388, 0.16548109825316049], "PE": 0, "PG": 0, "PI": 0, "PS": 0, "PA": 0, "CL": 0, "SM": 0, "CHOL": 0}, "ALA-41-PROA": {"PC": [5.670693620874136e-07, -0.00031604577902046184, 0.0354504056872553], "PE": 0, "PG": 0, "PI": 0, "PS": 0, "PA": 0, "CL": 0, "SM": 0, "CHOL": 0}, "LEU-58-PROB": {"PC": 0, "PE": 0, "PG": 0, "PI": 0, "PS": 0, "PA": 0, "CL": 0, "SM": 0, "CHOL": 0}, "VAL-59-PROB": {"PC": 0, "PE": 0, "PG": 0, "PI": 0, "PS": 0, "PA": 0, "CL": 0, "SM": 0, "CHOL": 0}, "PHE-60-PROB": {"PC": 0, "PE": 0, "PG": 0, "PI": 0, "PS": 0, "PA": 0, "CL": 0, "SM": 0, "CHOL": 0}, "PHE-61-PROB": {"PC": 0, "PE": 0, "PG": 0, "PI": 0, "PS": 0, "PA": 0, "CL": 0, "SM": 0, "CHOL": 0}, "ALA-62-PROB": {"PC": 0, "PE": 0, "PG": 0, "PI": 0, "PS": 0, "PA": 0, "CL": 0, "SM": 0, "CHOL": 0}, "GLY-70-PROB": {"PC": 0, "PE": 0, "PG": 0, "PI": 0, "PS": 0, "PA": 0, "CL": 0, "SM": 0, "CHOL": 0}, "ALA-71-PROB": {"PC": 0, "PE": 0, "PG": 0, "PI": 0, "PS": 0, "PA": 0, "CL": 0, "SM": 0, "CHOL": 0}, "ILE-72-PROB": {"PC": 0, "PE": 0, "PG": 0, "PI": 0, "PS": 0, "PA": 0, "CL": 0, "SM": 0, "CHOL": 0}, "ILE-73-PROB": {"PC": 0, "PE": 0, "PG": 0, "PI": 0, "PS": 0, "PA": 0, "CL": 0, "SM": 0, "CHOL": 0}, "GLY-74-PROB": {"PC": 0, "PE": 0, "PG": 0, "PI": 0, "PS": 0, "PA": 0, "CL": 0, "SM": 0, "CHOL": 0}, "LEU-75-PROB": {"PC": 0, "PE": 0, "PG": 0, "PI": 0, "PS": 0, "PA": 0, "CL": 0, "SM": 0, "CHOL": 0}, "MET-76-PROB": {"PC": 0, "PE": 0, "PG": 0, "PI": 0, "PS": 0, "PA": 0, "CL": 0, "SM": 0, "CHOL": 0}, "VAL-77-PROB": {"PC": 0, "PE": 0, "PG": 0, "PI": 0, "PS": 0, "PA": 0, "CL": 0, "SM": 0, "CHOL": 0}, "GLY-78-PROB": {"PC": 0, "PE": 0, "PG": 0, "PI": 0, "PS": 0, "PA": 0, "CL": 0, "SM": 0, "CHOL": 0},