{"GLU-10-PROA": {"PC": [0.00010917977964363572, -0.01600776506986828, 0.34780282765783377], "PE": 0, "PG": 0, "PI": 0, "PS": 0, "PA": 0, "CL": 0, "SM": 0, "CHOL": 0}, "VAL-11-PROA": {"PC": [2.9337119023013677e-06, -0.0007568901760156399, 0.054215351784063726], "PE": 0, "PG": 0, "PI": 0, "PS": 0, "PA": 0, "CL": 0, "SM": 0, "CHOL": 0}, "HSD-12-PROA": {"PC": [1.7375990990597257e-06, -0.0007436565974499395, 0.04992101894951374], "PE": 0, "PG": 0, "PI": 0, "PS": 0, "PA": 0, "CL": 0, "SM": 0, "CHOL": [2.0099948741496822e-09, -7.89820788024243e-06, 0.005318130266123971]}, "HSD-13-PROA": {"PC": [3.7477758739734424e-06, -0.0016257914897691201, 0.08068011551858803], "PE": 0, "PG": 0, "PI": 0, "PS": 0, "PA": 0, "CL": 0, "SM": 0, "CHOL": [3.8413889462681434e-09, -1.0098506449097807e-05, 0.003973121227933413]}, "GLN-14-PROA": {"PC": [1.2817229517763985e-08, -4.5149677730398194e-05, 0.017194702578479527], "PE": 0, "PG": 0, "PI": 0, "PS": 0, "PA": 0, "CL": 0, "SM": 0, "CHOL": [9.733239172528682e-09, -1.4897316628437812e-05, 0.0041920206782345365]}, "LYS-15-PROA": {"PC": [2.8619296808299755e-07, -0.00026563995871070124, 0.029656026948853418], "PE": 0, "PG": 0, "PI": 0, "PS": 0, "PA": 0, "CL": 0, "SM": 0, "CHOL": [7.429247550040824e-09, -3.0033905446968062e-05, 0.011461473285299291]}, "LEU-16-PROA": {"PC": [1.1442651476248189e-08, -4.257789861163805e-05, 0.012807624601191708], "PE": 0, "PG": 0, "PI": 0, "PS": 0, "PA": 0, "CL": 0, "SM": 0, "CHOL": [1.3359034376497848e-07, -0.000189005480574916, 0.0332151332602403]}, "VAL-17-PROA": {"PC": [8.90075488945847e-08, -9.94304701958729e-05, 0.022726059444242615], "PE": 0, "PG": 0, "PI": 0, "PS": 0, "PA": 0, "CL": 0, "SM": 0, "CHOL": [8.230972962348004e-07, -0.0005344275848724835, 0.05974389382696105]}, "PHE-18-PROA": {"PC": [2.0236484925728642e-07, -0.0002281060645694862, 0.03318937952042755], "PE": 0, "PG": 0, "PI": 0, "PS": 0, "PA": 0, "CL": 0, "SM": 0, "CHOL": [7.676563524918433e-08, -9.087506946849942e-05, 0.02009285132857228]}, "PHE-19-PROA": {"PC": [1.267277943021047e-08, -4.317217808895932e-05, 0.013221493528152231], "PE": 0, "PG": 0, "PI": 0, "PS": 0, "PA": 0, "CL": 0, "SM": 0, "CHOL": [3.8960397154703665e-06, -0.0017413027781003766, 0.09997503445335518]}, "ALA-20-PROA": {"PC": [2.498946744810446e-08, -6.54734396573197e-05, 0.0197942105387402], "PE": 0, "PG": 0, "PI": 0, "PS": 0, "PA": 0, "CL": 0, "SM": 0, "CHOL": [1.2495751004664722e-06, -0.0006068627628809538, 0.05392041708598932]}, "GLU-21-PROA": {"PC": [7.551648344346346e-06, -0.0023240257262837284, 0.11375432582768204], "PE": 0, "PG": 0, "PI": 0, "PS": 0, "PA": 0, "CL": 0, "SM": 0, "CHOL": [-0.0004153984445510383, 0.020090299833947504, 0.012616468561632416]}, "ASP-22-PROA": {"PC": [1.65497313286039e-05, -0.0031761752880820134, 0.10725438276380796], "PE": 0, "PG": 0, "PI": 0, "PS": 0, "PA": 0, "CL": 0, "SM": 0, "CHOL": [-3.8526752310318524e-05, 0.00736954048533308, 0.03200852900906908]}, "VAL-23-PROA": {"PC": [7.5496937027081044e-06, -0.0022594191787205426, 0.0921822479140574], "PE": 0, "PG": 0, "PI": 0, "PS": 0, "PA": 0, "CL": 0, "SM": 0, "CHOL": 0}, "GLY-24-PROA": {"PC": [6.8528765533042984e-09, -2.538736911689325e-05, 0.013991310446899764], "PE": 0, "PG": 0, "PI": 0, "PS": 0, "PA": 0, "CL": 0, "SM": 0, "CHOL": 0}, "SER-25-PROA": {"PC": [0.00013187099138908028, -0.007609553104681608, 0.3066440794963336], "PE": 0, "PG": 0, "PI": 0, "PS": 0, "PA": 0, "CL": 0, "SM": 0, "CHOL": 0}, "ASN-26-PROA": {"PC": [2.3039411946950426e-05, -0.0012044110017094798, 0.08559434990517556], "PE": 0, "PG": 0, "PI": 0, "PS": 0, "PA": 0, "CL": 0, "SM": 0, "CHOL": 0}, "LYS-27-PROA": {"PC": [6.161305452448587e-05, -0.006884622506025805, 0.23522559683053793], "PE": 0, "PG": 0, "PI": 0, "PS": 0, "PA": 0, "CL": 0, "SM": 0, "CHOL": 0}, "GLY-28-PROA": {"PC": [-0.00151854035342857, 0.0739435174721119, 0.16312248341010846], "PE": 0, "PG": 0, "PI": 0, "PS": 0, "PA": 0, "CL": 0, "SM": 0, "CHOL": 0}, "ALA-29-PROA": {"PC": [1.4807036204494732e-07, -0.00016721340532875657, 0.031609857483802996], "PE": 0, "PG": 0, "PI": 0, "PS": 0, "PA": 0, "CL": 0, "SM": 0, "CHOL": 0}, "ILE-30-PROA": {"PC": [6.372110278144841e-07, -0.00033244152203873526, 0.03017244905020276], "PE": 0, "PG": 0, "PI": 0, "PS": 0, "PA": 0, "CL": 0, "SM": 0, "CHOL": 0}, "ILE-31-PROA": {"PC": [1.5839118124795066e-08, -6.830531481909345e-05, 0.014653323473748049], "PE": 0, "PG": 0, "PI": 0, "PS": 0, "PA": 0, "CL": 0, "SM": 0, "CHOL": [2.749861132599866e-07, -0.00027670105407210917, 0.03584413738510693]}, "GLY-32-PROA": {"PC": [1.7561514230763736e-08, -7.241048232297692e-05, 0.015252652547471577], "PE": 0, "PG": 0, "PI": 0, "PS": 0, "PA": 0, "CL": 0, "SM": 0, "CHOL": [3.595367014552813e-05, -0.0036321321398901686, 0.09237355462158398]}, "LEU-33-PROA": {"PC": [1.2437719501759684e-07, -0.0001533614057276089, 0.02993062886894198], "PE": 0, "PG": 0, "PI": 0, "PS": 0, "PA": 0, "CL": 0, "SM": 0, "CHOL": [6.864840859233658e-06, -0.002507284017284647, 0.18089836210085947]}, "MET-34-PROA": {"PC": [9.254817878104543e-09, -3.6099024258982526e-05, 0.01077648695083542], "PE": 0, "PG": 0, "PI": 0, "PS": 0, "PA": 0, "CL": 0, "SM": 0, "CHOL": [-1.6844938959682542e-10, 8.626546100133001e-07, 0.0002633318271847639]}, "VAL-35-PROA": {"PC": [-5.817849338965448e-09, 2.1144780799093386e-05, 0.011128239640322867], "PE": 0, "PG": 0, "PI": 0, "PS": 0, "PA": 0, "CL": 0, "SM": 0, "CHOL": [1.1549662923613678e-08, -3.42476744801746e-05, 0.01826925419232859]}, "GLY-36-PROA": {"PC": [-1.8344446085297332e-05, 0.002937305210589768, 0.023688346368997935], "PE": 0, "PG": 0, "PI": 0, "PS": 0, "PA": 0, "CL": 0, "SM": 0, "CHOL": [4.136251236396336e-09, -1.6364692314346826e-05, 0.009548704278430128]}, "GLY-37-PROA": {"PC": 0, "PE": 0, "PG": 0, "PI": 0, "PS": 0, "PA": 0, "CL": 0, "SM": 0, "CHOL": [2.292455097718019e-09, -9.063362339509279e-06, 0.006676765904760931]}, "VAL-38-PROA": {"PC": 0, "PE": 0, "PG": 0, "PI": 0, "PS": 0, "PA": 0, "CL": 0, "SM": 0, "CHOL": [6.591860790859489e-10, -2.207868240263216e-06, 0.00212951135737304]}, "VAL-39-PROA": {"PC": 0, "PE": 0, "PG": 0, "PI": 0, "PS": 0, "PA": 0, "CL": 0, "SM": 0, "CHOL": [-8.478126372558204e-09, 1.892717537312088e-05, -0.0006337782800627089]}, "ILE-40-PROA": {"PC": [0.0006633171748195666, -0.049786516047350564, 0.8006429884312484], "PE": 0, "PG": 0, "PI": 0, "PS": 0, "PA": 0, "CL": 0, "SM": 0, "CHOL": [9.018207241930728e-09, -3.375028298757138e-05, 0.016493286713764106]}, "LEU-58-PROB": {"PC": 0, "PE": 0, "PG": 0, "PI": 0, "PS": 0, "PA": 0, "CL": 0, "SM": 0, "CHOL": 0}, "PHE-60-PROB": {"PC": 0, "PE": 0, "PG": 0, "PI": 0, "PS": 0, "PA": 0, "CL": 0, "SM": 0, "CHOL": 0}, "PHE-61-PROB": {"PC": 0, "PE": 0, "PG": 0, "PI": 0, "PS": 0, "PA": 0, "CL": 0, "SM": 0, "CHOL": 0}, "VAL-65-PROB": {"PC": 0, "PE": 0, "PG": 0, "PI": 0, "PS": 0, "PA": 0, "CL": 0, "SM": 0, "CHOL": 0}, "GLY-66-PROB": {"PC": 0, "PE": 0, "PG": 0, "PI": 0, "PS": 0, "PA": 0, "CL": 0, "SM": 0, "CHOL": 0}, "ALA-71-PROB": {"PC": 0, "PE": 0, "PG": 0, "PI": 0, "PS": 0, "PA": 0, "CL": 0, "SM": 0, "CHOL": 0}, "ILE-72-PROB": {"PC": 0, "PE": 0, "PG": 0, "PI": 0, "PS": 0, "PA": 0, "CL": 0, "SM": 0, "CHOL": 0}, "ILE-73-PROB": {"PC": 0, "PE": 0, "PG": 0, "PI": 0, "PS": 0, "PA": 0, "CL": 0, "SM": 0, "CHOL": 0}, "GLY-74-PROB": {"PC": 0, "PE": 0, "PG": 0, "PI": 0, "PS": 0, "PA": 0, "CL": 0, "SM": 0, "CHOL": 0}, "LEU-75-PROB": {"PC": 0, "PE": 0, "PG": 0, "PI": 0, "PS": 0, "PA": 0, "CL": 0, "SM": 0, "CHOL": 0}, "MET-76-PROB": {"PC": 0, "PE": 0, "PG": 0, "PI": 0, "PS": 0, "PA": 0, "CL": 0, "SM": 0, "CHOL": 0}, "VAL-77-PROB": {"PC": 0, "PE": 0, "PG": 0, "PI": 0, "PS": 0, "PA": 0, "CL": 0, "SM": 0, "CHOL": 0}, "GLY-78-PROB": {"PC": 0, "PE": 0, "PG": 0, "PI": 0, "PS": 0, "PA": 0, "CL": 0, "SM": 0, "CHOL": 0}, "GLY-79-PROB": {"PC": 0, "PE": 0, "PG": 0, "PI": 0, "PS": 0, "PA": 0, "CL": 0, "SM": 0, "CHOL": 0}, "VAL-80-PROB": {"PC": 0, "PE": 0, "PG": 0, "PI": 0, "PS": 0, "PA": 0, "CL": 0, "SM": 0, "CHOL": 0}, "VAL-81-PROB": {"PC": 0, "PE": 0, "PG": 0, "PI": 0, "PS": 0, "PA": 0, "CL": 0,