{"VAL-11-PROA": {"PC": [6.070759926178467e-06, -0.0018446237186039633, 0.07926973811766794], "PE": 0, "PG": 0, "PI": 0, "PS": 0, "PA": 0, "CL": 0, "SM": 0, "CHOL": [9.951895822744607e-05, -0.013022330710780452, 0.30971912728600515]}, "HSD-12-PROA": {"PC": [2.0759770136452046e-08, -6.798247564770858e-05, 0.016658865156198608], "PE": 0, "PG": 0, "PI": 0, "PS": 0, "PA": 0, "CL": 0, "SM": 0, "CHOL": [-4.755266594122144e-09, -4.620265773387509e-05, 0.026188189924363198]}, "HSD-13-PROA": {"PC": [5.746461287906122e-08, -0.00010800106484478537, 0.019098126536515346], "PE": 0, "PG": 0, "PI": 0, "PS": 0, "PA": 0, "CL": 0, "SM": 0, "CHOL": 0}, "GLN-14-PROA": {"PC": [9.132641255951233e-08, -0.00011574429182479988, 0.023957580352671065], "PE": 0, "PG": 0, "PI": 0, "PS": 0, "PA": 0, "CL": 0, "SM": 0, "CHOL": [1.127360269113811e-07, -0.0001426173249583455, 0.026433865341043333]}, "LYS-15-PROA": {"PC": [4.890278644192257e-09, -2.42018971450265e-05, 0.009538767732303038], "PE": 0, "PG": 0, "PI": 0, "PS": 0, "PA": 0, "CL": 0, "SM": 0, "CHOL": [1.1787000542529458e-07, -0.00016670064643489282, 0.029025663857038995]}, "LEU-16-PROA": {"PC": [9.962867045654403e-09, -4.1899664893687694e-05, 0.014071298159552076], "PE": 0, "PG": 0, "PI": 0, "PS": 0, "PA": 0, "CL": 0, "SM": 0, "CHOL": [2.9618307536059868e-08, -5.862512439058649e-05, 0.019271920401937044]}, "VAL-17-PROA": {"PC": [9.704796053809458e-08, -0.00013220514538856993, 0.025486365236704254], "PE": 0, "PG": 0, "PI": 0, "PS": 0, "PA": 0, "CL": 0, "SM": 0, "CHOL": [4.909071882427422e-09, -1.9563411298101753e-05, 0.011032010060450646]}, "PHE-18-PROA": {"PC": [1.1954994008126975e-08, -4.3618172455569e-05, 0.012412408385073608], "PE": 0, "PG": 0, "PI": 0, "PS": 0, "PA": 0, "CL": 0, "SM": 0, "CHOL": [1.7855738454629238e-06, -0.0008984049230808124, 0.05740047814179177]}, "PHE-19-PROA": {"PC": [2.3660693106735678e-08, -7.380699345470732e-05, 0.016977513838546395], "PE": 0, "PG": 0, "PI": 0, "PS": 0, "PA": 0, "CL": 0, "SM": 0, "CHOL": [9.16779602269665e-09, -3.0217657972189468e-05, 0.01477296498834508]}, "ALA-20-PROA": {"PC": [5.5862866807530877e-08, -7.78416645604313e-05, 0.018807665600388632], "PE": 0, "PG": 0, "PI": 0, "PS": 0, "PA": 0, "CL": 0, "SM": 0, "CHOL": [2.079054374540458e-06, -0.0010505387052840505, 0.08125906069638628]}, "GLU-21-PROA": {"PC": [2.027801739201731e-07, -0.00022093078133124025, 0.03360426235139891], "PE": 0, "PG": 0, "PI": 0, "PS": 0, "PA": 0, "CL": 0, "SM": 0, "CHOL": [6.396845691567424e-08, -8.047879302850983e-05, 0.014287516420925454]}, "ASP-22-PROA": {"PC": [5.070832108569244e-07, -0.0005043086164804288, 0.052327791252974806], "PE": 0, "PG": 0, "PI": 0, "PS": 0, "PA": 0, "CL": 0, "SM": 0, "CHOL": [3.48234439092291e-05, -0.008001286825763418, 0.2100534455932605]}, "VAL-23-PROA": {"PC": [3.359472122117949e-07, -0.00039632949158219716, 0.04891038730932678], "PE": 0, "PG": 0, "PI": 0, "PS": 0, "PA": 0, "CL": 0, "SM": 0, "CHOL": [2.783697785423118e-06, -0.0007491678237529168, 0.04196276623063022]}, "GLY-24-PROA": {"PC": [8.836466046065166e-08, -0.00011609211300254857, 0.026629550111966223], "PE": 0, "PG": 0, "PI": 0, "PS": 0, "PA": 0, "CL": 0, "SM": 0, "CHOL": [1.3752148011296386e-08, -2.3850052986241415e-05, 0.008560210010748318]}, "SER-25-PROA": {"PC": [5.573175981145872e-07, -0.0003220148109888819, 0.03953340415127192], "PE": 0, "PG": 0, "PI": 0, "PS": 0, "PA": 0, "CL": 0, "SM": 0, "CHOL": [2.1086291338199633e-05, -0.0018965247290650433, 0.06749103951830535]}, "LYS-27-PROA": {"PC": [0.0009271103278860818, -0.05606920461164919, 0.8427812844979815], "PE": 0, "PG": 0, "PI": 0, "PS": 0, "PA": 0, "CL": 0, "SM": 0, "CHOL": 0}, "GLY-28-PROA": {"PC": [-0.0004056023408616742, 0.028004421454593885, 0.04443736553954287], "PE": 0, "PG": 0, "PI": 0, "PS": 0, "PA": 0, "CL": 0, "SM": 0, "CHOL": 0}, "ALA-29-PROA": {"PC": [7.534767118451524e-07, -0.0006020660565266463, 0.05415463696603729], "PE": 0, "PG": 0, "PI": 0, "PS": 0, "PA": 0, "CL": 0, "SM": 0, "CHOL": 0}, "ILE-30-PROA": {"PC": [5.454109882159212e-06, -0.002194042315483281, 0.10184892204887586], "PE": 0, "PG": 0, "PI": 0, "PS": 0, "PA": 0, "CL": 0, "SM": 0, "CHOL": 0}, "ILE-31-PROA": {"PC": [4.9046694921789194e-08, -8.936285167012218e-05, 0.018962185592265327], "PE": 0, "PG": 0, "PI": 0, "PS": 0, "PA": 0, "CL": 0, "SM": 0, "CHOL": [1.3838831272431474e-07, -0.00016385387969770722, 0.027219671748636973]}, "GLY-32-PROA": {"PC": [7.559460382086009e-09, -2.7324729306806635e-05, 0.01410463503153348], "PE": 0, "PG": 0, "PI": 0, "PS": 0, "PA": 0, "CL": 0, "SM": 0, "CHOL": [1.366932396932921e-08, -5.039211229710983e-05, 0.01646530103329361]}, "LEU-33-PROA": {"PC": [1.0777975708480655e-08, -3.994534409838612e-05, 0.013209827057943262], "PE": 0, "PG": 0, "PI": 0, "PS": 0, "PA": 0, "CL": 0, "SM": 0, "CHOL": [1.913181907030405e-08, -5.1162818781119276e-05, 0.01944017029379565]}, "MET-34-PROA": {"PC": [2.3055337290521404e-07, -0.0002115376189390301, 0.02826542561458216], "PE": 0, "PG": 0, "PI": 0, "PS": 0, "PA": 0, "CL": 0, "SM": 0, "CHOL": [2.3015989389189533e-08, -7.593792000620262e-05, 0.018442957146033362]}, "VAL-35-PROA": {"PC": [1.3825526043405398e-08, -4.9093380245745365e-05, 0.01513148895194672], "PE": 0, "PG": 0, "PI": 0, "PS": 0, "PA": 0, "CL": 0, "SM": 0, "CHOL": [1.3437144426444868e-08, -4.2646965608259724e-05, 0.013840768649722671]}, "GLY-36-PROA": {"PC": [7.696428947448044e-09, -2.610181610826058e-05, 0.01504471404424878], "PE": 0, "PG": 0, "PI": 0, "PS": 0, "PA": 0, "CL": 0, "SM": 0, "CHOL": [4.722174134354831e-08, -8.842277445334993e-05, 0.027062101155242768]}, "GLY-37-PROA": {"PC": [3.273248255480913e-08, -6.303452997407768e-05, 0.02200760955149221], "PE": 0, "PG": 0, "PI": 0, "PS": 0, "PA": 0, "CL": 0, "SM": 0, "CHOL": 0}, "VAL-38-PROA": {"PC": [9.212979662968381e-08, -0.00012837320831153977, 0.028938776578525654], "PE": 0, "PG": 0, "PI": 0, "PS": 0, "PA": 0, "CL": 0, "SM": 0, "CHOL": 0}, "ILE-40-PROA": {"PC": [1.9702800518134165e-06, -0.0009693821818089346, 0.07267494609679884], "PE": 0, "PG": 0, "PI": 0, "PS": 0, "PA": 0, "CL": 0, "SM": 0, "CHOL": 0}, "ILE-72-PROB": {"PC": 0, "PE": 0, "PG": 0, "PI": 0, "PS": 0, "PA": 0, "CL": 0, "SM": 0, "CHOL": 0}, "ILE-73-PROB": {"PC": 0, "PE": 0, "PG": 0, "PI": 0, "PS": 0, "PA": 0, "CL": 0, "SM": 0, "CHOL": 0}, "GLY-74-PROB": {"PC": 0, "PE": 0, "PG": 0, "PI": 0, "PS": 0, "PA": 0, "CL": 0, "SM": 0, "CHOL": 0}, "LEU-75-PROB": {"PC": 0, "PE": 0, "PG": 0, "PI": 0, "PS": 0, "PA": 0, "CL": 0, "SM": 0, "CHOL": 0}, "MET-76-PROB": {"PC": 0, "PE": 0, "PG": 0, "PI": 0, "PS": 0, "PA": 0, "CL": 0, "SM": 0, "CHOL": 0}, "VAL-77-PROB": {"PC": 0, "PE": 0, "PG": 0, "PI": 0, "PS": 0, "PA": 0, "CL": 0, "SM": 0, "CHOL": 0}, "GLY-78-PROB": {"PC": 0, "PE": 0, "PG": 0, "PI": 0, "PS": 0, "PA": 0, "CL": 0, "SM": 0, "CHOL": 0}, "GLY-79-PROB": {"PC": 0, "PE": 0, "PG": 0, "PI": 0, "PS": 0, "PA": 0, "CL": 0, "SM": 0, "CHOL": 0}, "VAL-80-PROB": {"PC": 0, "PE": 0, "PG": 0, "PI": 0, "PS": 0, "PA": 0, "CL": 0, "SM": 0, "CHOL": 0}, "VAL-81-PROB": {"PC": 0, "PE": 0, "PG": 0, "PI": 0, "PS": 0, "PA": 0, "CL": 0, "SM": 0, "CHOL": 0}, "ILE-82-PROB": {"PC": 0, "PE": 0, "PG": 0, "PI": 0, "PS": 0, "PA": 0, "CL": 0, "SM": 0, "CHOL": 0}, "ALA-83-PROB": {"PC": 0, "PE": 0, "PG": 0, "PI": 0, "PS": 0, "PA": 0, "CL": 0, "SM": 0, "CHOL": 0}, "ASP-84-PROC": {"PC": 0, "PE": 0, "PG": 0, "PI": 0, "PS": 0, "PA": 0, "CL": 0, "SM": 0, "CHOL": 0}, "ALA-85-PROC": {"PC": 0, "PE": 0, "PG": 0, "PI": 0, "PS": 0, "PA": 0, "CL": 0, "SM": 0, "CHOL": 0}, "GLU-86-PROC": {"PC": 0, "PE": 0, "PG": 0, "PI": 0, "PS": 0, "PA": 0, "CL": 0, "SM": 0, "CHOL": 0}, "PHE-87-PROC": {"PC": 0, "PE": 0, "PG": 0, "PI": 0, "PS": 0, "PA": 0, "CL": 0, "SM": 0, "CHOL": 0}, "ARG-88-PROC": {"PC": 0, "PE": 0, "PG": 0, "PI": 0, "PS": 0, "PA": 0, "CL": 0, "SM": 0, "CHOL": 0}, "HSD-89-PROC": {"PC": 0, "PE": 0, "PG": 0, "PI": 0, "PS": 0, "PA": 0, "CL": 0, "SM": 0, "CHOL": 0}, "ASP-90-PROC": {"PC": 0, "PE": 0, "PG": 0, "PI": 0, "PS": 0, "PA": 0, "CL": 0, "SM": 0, "CHOL": 0}, "SER-91-PROC": {"PC": 0, "PE": 0,