{"TYR-9-PROA": {"PC": [0.4614236025555582, 2.773155851358904, 16.666666666667016], "PE": 0, "PG": 0, "PI": 0, "PS": 0, "PA": 0, "CL": 0, "SM": 0, "CHOL": 0}, "GLU-10-PROA": {"PC": [0.0004134173320639892, -0.032111084845735535, 0.5241307270918835], "PE": 0, "PG": 0, "PI": 0, "PS": 0, "PA": 0, "CL": 0, "SM": 0, "CHOL": [3.934770273875514e-08, -5.2812359049601725e-05, 0.014615527997355987]}, "VAL-11-PROA": {"PC": [5.487446812225906e-05, -0.007078580955665418, 0.16620527832327575], "PE": 0, "PG": 0, "PI": 0, "PS": 0, "PA": 0, "CL": 0, "SM": 0, "CHOL": 0}, "HSD-12-PROA": {"PC": [7.107862905655421e-08, -0.00010609045257436891, 0.03181256176032743], "PE": 0, "PG": 0, "PI": 0, "PS": 0, "PA": 0, "CL": 0, "SM": 0, "CHOL": [1.4896859226005573e-08, -4.604285492385651e-05, 0.017112448480641595]}, "HSD-13-PROA": {"PC": [1.1155781209421912e-07, -0.0001969403772493531, 0.03149998964994303], "PE": 0, "PG": 0, "PI": 0, "PS": 0, "PA": 0, "CL": 0, "SM": 0, "CHOL": [4.162880012440696e-08, -7.624084234561661e-05, 0.028163675243060703]}, "GLN-14-PROA": {"PC": [4.460744749128774e-08, -0.00010041281636237794, 0.023404284637923052], "PE": 0, "PG": 0, "PI": 0, "PS": 0, "PA": 0, "CL": 0, "SM": 0, "CHOL": [4.422795410809105e-08, -6.334509167121451e-05, 0.015769955373962207]}, "LYS-15-PROA": {"PC": [7.078048329560267e-08, -0.00011634323756811584, 0.029346822705805797], "PE": 0, "PG": 0, "PI": 0, "PS": 0, "PA": 0, "CL": 0, "SM": 0, "CHOL": [2.3041842580068527e-06, -0.0011023285105007388, 0.09791632117847385]}, "LEU-16-PROA": {"PC": [4.174038780924473e-09, -2.5818757834426864e-05, 0.009351553190850414], "PE": 0, "PG": 0, "PI": 0, "PS": 0, "PA": 0, "CL": 0, "SM": 0, "CHOL": [-3.1363651485447384, 2.7170822552694305, 77.03756538148465]}, "VAL-17-PROA": {"PC": [9.26543052693506e-09, -3.446707883902654e-05, 0.014197806769365972], "PE": 0, "PG": 0, "PI": 0, "PS": 0, "PA": 0, "CL": 0, "SM": 0, "CHOL": [1.2344311538025775e-06, -0.0006027434722946836, 0.05363767237328838]}, "PHE-18-PROA": {"PC": [2.4550674711716083e-09, -1.434731614398379e-05, 0.009045612056515532], "PE": 0, "PG": 0, "PI": 0, "PS": 0, "PA": 0, "CL": 0, "SM": 0, "CHOL": [5.189746989379909e-06, -0.001738450685391739, 0.10603371845254426]}, "PHE-19-PROA": {"PC": [1.190548836366421e-07, -0.00014263667782487524, 0.023691430754635243], "PE": 0, "PG": 0, "PI": 0, "PS": 0, "PA": 0, "CL": 0, "SM": 0, "CHOL": [1.2073810467704194e-06, -0.000689459748152127, 0.05071374745984944]}, "ALA-20-PROA": {"PC": [7.807031754465895e-09, -3.095612486267613e-05, 0.012268723060116126], "PE": 0, "PG": 0, "PI": 0, "PS": 0, "PA": 0, "CL": 0, "SM": 0, "CHOL": [2.2653148568248227e-05, -0.003635638951594125, 0.1368253755930743]}, "GLU-21-PROA": {"PC": [6.353701146265272e-07, -0.00046938292287939786, 0.04206524033169734], "PE": 0, "PG": 0, "PI": 0, "PS": 0, "PA": 0, "CL": 0, "SM": 0, "CHOL": [1.4901304404824706e-06, -0.0005825563846833173, 0.051828329423601265]}, "ASP-22-PROA": {"PC": [9.342885582707303e-06, -0.003347748520074628, 0.11079135090410147], "PE": 0, "PG": 0, "PI": 0, "PS": 0, "PA": 0, "CL": 0, "SM": 0, "CHOL": [-0.0015190052279237024, 0.07016414971502567, -0.24685160707373885]}, "VAL-23-PROA": {"PC": [6.671046306736594e-07, -0.0005081741261788673, 0.048439839161073805], "PE": 0, "PG": 0, "PI": 0, "PS": 0, "PA": 0, "CL": 0, "SM": 0, "CHOL": [0.00021621658105635874, -0.027766396361925776, 0.7430847147590757]}, "GLY-24-PROA": {"PC": [3.90634960124726e-09, -2.058030771222481e-05, 0.010975880027124352], "PE": 0, "PG": 0, "PI": 0, "PS": 0, "PA": 0, "CL": 0, "SM": 0, "CHOL": [0.00010156793741656959, -0.00921981580660427, 0.2188952926980431]}, "SER-25-PROA": {"PC": [0.00019333386643249803, -0.024701306585325974, 0.41993636092852776], "PE": 0, "PG": 0, "PI": 0, "PS": 0, "PA": 0, "CL": 0, "SM": 0, "CHOL": 0}, "ASN-26-PROA": {"PC": [3.847759975038735e-05, -0.006152623568674489, 0.21041753241211245], "PE": 0, "PG": 0, "PI": 0, "PS": 0, "PA": 0, "CL": 0, "SM": 0, "CHOL": 0}, "LYS-27-PROA": {"PC": [0.00023018627269724966, -0.027221179548128464, 0.4727850889043014], "PE": 0, "PG": 0, "PI": 0, "PS": 0, "PA": 0, "CL": 0, "SM": 0, "CHOL": 0}, "GLY-28-PROA": {"PC": [-0.008489800305543978, 0.08290286902157352, 1.651688856707751], "PE": 0, "PG": 0, "PI": 0, "PS": 0, "PA": 0, "CL": 0, "SM": 0, "CHOL": 0}, "ALA-29-PROA": {"PC": [1.6452151955476863e-06, -0.0004941342888527772, 0.032011015017865345], "PE": 0, "PG": 0, "PI": 0, "PS": 0, "PA": 0, "CL": 0, "SM": 0, "CHOL": [-0.00985978442336424, 0.265462547844855, -0.7856664956935988]}, "ILE-30-PROA": {"PC": [2.7230809926772346e-05, -0.004237073060241855, 0.1207215573494124], "PE": 0, "PG": 0, "PI": 0, "PS": 0, "PA": 0, "CL": 0, "SM": 0, "CHOL": [8.629164318191935e-05, -0.009594046563623846, 0.21005666855435673]}, "ILE-31-PROA": {"PC": [6.615857481277472e-09, -3.5125902964202636e-05, 0.010475489288912915], "PE": 0, "PG": 0, "PI": 0, "PS": 0, "PA": 0, "CL": 0, "SM": 0, "CHOL": [5.770073047773909e-06, -0.00195846690382858, 0.11097274442815884]}, "GLY-32-PROA": {"PC": [1.515811172235715e-08, -4.1382924908262423e-05, 0.01921727941418945], "PE": 0, "PG": 0, "PI": 0, "PS": 0, "PA": 0, "CL": 0, "SM": 0, "CHOL": [0.026303456389592497, -0.8323979004685892, 6.196591494126608]}, "LEU-33-PROA": {"PC": [2.4334683517328712e-08, -6.466811534388386e-05, 0.014966407978768794], "PE": 0, "PG": 0, "PI": 0, "PS": 0, "PA": 0, "CL": 0, "SM": 0, "CHOL": [-0.012733740735729505, 0.45359188821217356, -1.0708675108960226]}, "MET-34-PROA": {"PC": [9.431894474110811e-08, -0.0001343899277869628, 0.0274274297832607], "PE": 0, "PG": 0, "PI": 0, "PS": 0, "PA": 0, "CL": 0, "SM": 0, "CHOL": [-3.677896468303535e-07, -3.058404432420398e-05, 0.04527465872505108]}, "VAL-35-PROA": {"PC": [2.2799038649380286e-09, -1.408111753128025e-05, 0.008737320396614652], "PE": 0, "PG": 0, "PI": 0, "PS": 0, "PA": 0, "CL": 0, "SM": 0, "CHOL": [7.462850153806444e-10, -5.630864389410459e-06, 0.008830123153010076]}, "GLY-36-PROA": {"PC": [2.5338772389624908e-08, -4.95509031876056e-05, 0.013638108369469312], "PE": 0, "PG": 0, "PI": 0, "PS": 0, "PA": 0, "CL": 0, "SM": 0, "CHOL": [3.359932649158979e-08, -6.44916602396089e-05, 0.016685774693415572]}, "GLY-37-PROA": {"PC": [1.8816255379928206e-07, -0.00017348087382020966, 0.033940551502292825], "PE": 0, "PG": 0, "PI": 0, "PS": 0, "PA": 0, "CL": 0, "SM": 0, "CHOL": [2.573299699199661e-09, -1.2320123808510457e-05, 0.009347278450258067]}, "VAL-38-PROA": {"PC": [5.631609450794148e-07, -0.00039423592410658915, 0.05511886048821749], "PE": 0, "PG": 0, "PI": 0, "PS": 0, "PA": 0, "CL": 0, "SM": 0, "CHOL": [1.6880378809749387e-08, -3.5436425401435714e-05, 0.01078592822376183]}, "VAL-39-PROA": {"PC": [1.96074750534204e-06, -0.0006109900751383786, 0.04507802491321522], "PE": 0, "PG": 0, "PI": 0, "PS": 0, "PA": 0, "CL": 0, "SM": 0, "CHOL": [2.0145959344423035e-09, -1.2957211424742646e-05, 0.008427940556692734]}, "ILE-40-PROA": {"PC": [8.836891187719753e-08, -0.0001614027873313945, 0.023256536174479755], "PE": 0, "PG": 0, "PI": 0, "PS": 0, "PA": 0, "CL": 0, "SM": 0, "CHOL": [8.327721284903073e-08, -0.00012050596104962057, 0.024152204776728994]}, "GLY-50-PROB": {"PC": 0, "PE": 0, "PG": 0, "PI": 0, "PS": 0, "PA": 0, "CL": 0, "SM": 0, "CHOL": 0}, "TYR-51-PROB": {"PC": 0, "PE": 0, "PG": 0, "PI": 0, "PS": 0, "PA": 0, "CL": 0, "SM": 0, "CHOL": 0}, "GLU-52-PROB": {"PC": 0, "PE": 0, "PG": 0, "PI": 0, "PS": 0, "PA": 0, "CL": 0, "SM": 0, "CHOL": 0}, "VAL-53-PROB": {"PC": 0, "PE": 0, "PG": 0, "PI": 0, "PS": 0, "PA": 0, "CL": 0, "SM": 0, "CHOL": 0}, "HSD-54-PROB": {"PC": 0, "PE": 0, "PG": 0, "PI": 0, "PS": 0, "PA": 0, "CL": 0, "SM": 0, "CHOL": 0}, "HSD-55-PROB": {"PC": 0, "PE": 0, "PG": 0, "PI": 0, "PS": 0, "PA": 0, "CL": 0, "SM": 0, "CHOL": 0}, "GLN-56-PROB": {"PC": 0, "PE": 0, "PG": 0, "PI": 0, "PS": 0, "PA": 0, "CL": 0, "SM": 0, "CHOL": 0}, "LYS-57-PROB": {"PC": 0, "PE": 0, "PG": 0, "PI": 0, "PS": 0, "PA": 0, "CL": 0, "SM": 0, "CHOL": 0}, "LEU-58-PROB": {"PC": 0, "PE": 0, "PG": 0, "PI": 0, "PS": 0, "PA": 0, "CL": 0, "SM": 0, "CHOL": 0},