{"ASP-0-PROA": {"PC": 0, "PE": 0, "PG": 0, "PI": 0, "PS": 0, "PA": 0, "CL": 0, "SM": 0, "CHOL": 0}, "ALA-1-PROA": {"PC": [7.355375565756226e-06, -0.0023723665162864315, 0.08514702921584799], "PE": 0, "PG": 0, "PI": 0, "PS": 0, "PA": 0, "CL": 0, "SM": 0, "CHOL": [7.250454728382854e-05, -0.009921795453669694, 0.2946773261523649]}, "GLU-2-PROA": {"PC": [1.7445532683765833e-07, -0.00020207562695276197, 0.03730767273368313], "PE": 0, "PG": 0, "PI": 0, "PS": 0, "PA": 0, "CL": 0, "SM": 0, "CHOL": [3.722645874179688e-07, -0.00043320683711435933, 0.049897920748894445]}, "PHE-3-PROA": {"PC": [9.017764973827457e-07, -0.000606993548880403, 0.05473525163246011], "PE": 0, "PG": 0, "PI": 0, "PS": 0, "PA": 0, "CL": 0, "SM": 0, "CHOL": [1.7155696960681118e-05, -0.004525932845445974, 0.24311498578377613]}, "ARG-4-PROA": {"PC": [2.754865658471838e-09, -1.4463583716879027e-05, 0.009518748145831814], "PE": 0, "PG": 0, "PI": 0, "PS": 0, "PA": 0, "CL": 0, "SM": 0, "CHOL": [2.8161938691560382e-08, -4.076564518900261e-05, 0.01413479649799934]}, "TYR-9-PROA": {"PC": [2.267339033157945e-07, -0.0002063048479843722, 0.029517588193122557], "PE": 0, "PG": 0, "PI": 0, "PS": 0, "PA": 0, "CL": 0, "SM": 0, "CHOL": 0}, "GLU-10-PROA": {"PC": [1.5717917670076318e-07, -0.00018950231828424814, 0.03263818885007605], "PE": 0, "PG": 0, "PI": 0, "PS": 0, "PA": 0, "CL": 0, "SM": 0, "CHOL": [0.00025610365792830974, -0.014330947353134739, 0.21543234085246213]}, "VAL-11-PROA": {"PC": [0.00046096639920617353, -0.028904371985084276, 0.46023713429702956], "PE": 0, "PG": 0, "PI": 0, "PS": 0, "PA": 0, "CL": 0, "SM": 0, "CHOL": [6.422104628349347e-07, -0.00032510219043017176, 0.031088912048615528]}, "HSD-12-PROA": {"PC": [2.0966268113071788e-08, -4.469569557354312e-05, 0.012019818775380314], "PE": 0, "PG": 0, "PI": 0, "PS": 0, "PA": 0, "CL": 0, "SM": 0, "CHOL": [1.5234894782065467e-09, -7.4677130432506376e-06, 0.005518207463194839]}, "HSD-13-PROA": {"PC": [7.963745529257283e-09, -2.5276618307706375e-05, 0.012150558994887605], "PE": 0, "PG": 0, "PI": 0, "PS": 0, "PA": 0, "CL": 0, "SM": 0, "CHOL": [-1.9846881762306965e-05, 0.005015442810064414, -0.014777628454692741]}, "GLN-14-PROA": {"PC": [1.343628138508377e-08, -4.4816247959761196e-05, 0.015878917784622602], "PE": 0, "PG": 0, "PI": 0, "PS": 0, "PA": 0, "CL": 0, "SM": 0, "CHOL": [1.8175211376590147e-07, -0.00018645012417876304, 0.027806197897258595]}, "LYS-15-PROA": {"PC": [5.351797932911171e-08, -8.524675509527261e-05, 0.02618135402411138], "PE": 0, "PG": 0, "PI": 0, "PS": 0, "PA": 0, "CL": 0, "SM": 0, "CHOL": [-1.4281087143485776e-09, 2.8816465639493865e-05, 0.009353998796247164]}, "LEU-16-PROA": {"PC": [1.021315698763213e-08, -3.628298285624025e-05, 0.013688138423750948], "PE": 0, "PG": 0, "PI": 0, "PS": 0, "PA": 0, "CL": 0, "SM": 0, "CHOL": [9.663556611829938e-06, -0.002745600105754122, 0.12459851339483265]}, "VAL-17-PROA": {"PC": [1.1939345906516972e-07, -0.00013966198965957222, 0.027994200790387724], "PE": 0, "PG": 0, "PI": 0, "PS": 0, "PA": 0, "CL": 0, "SM": 0, "CHOL": [1.9617850358915454e-06, -0.0008883068425337948, 0.06437491364448467]}, "PHE-18-PROA": {"PC": [1.0223293959136122e-08, -3.394897649908955e-05, 0.015009314177171731], "PE": 0, "PG": 0, "PI": 0, "PS": 0, "PA": 0, "CL": 0, "SM": 0, "CHOL": [2.984446675130449e-08, -6.825942634136815e-05, 0.018139375022432715]}, "PHE-19-PROA": {"PC": [1.7548442582928813e-08, -5.15925624225278e-05, 0.01739456914359171], "PE": 0, "PG": 0, "PI": 0, "PS": 0, "PA": 0, "CL": 0, "SM": 0, "CHOL": [6.865243100817646e-09, -2.471927488551244e-05, 0.015197915900857341]}, "ALA-20-PROA": {"PC": [2.8886215718589255e-08, -4.871095025091567e-05, 0.01729859734684159], "PE": 0, "PG": 0, "PI": 0, "PS": 0, "PA": 0, "CL": 0, "SM": 0, "CHOL": [2.029050194756071e-08, -5.205246854283153e-05, 0.017664852403796283]}, "GLU-21-PROA": {"PC": [3.790490112619452e-08, -6.537279454486315e-05, 0.01574813636172775], "PE": 0, "PG": 0, "PI": 0, "PS": 0, "PA": 0, "CL": 0, "SM": 0, "CHOL": [8.948488420772158e-08, -0.00012836596712744147, 0.024034030401764217]}, "ASP-22-PROA": {"PC": [1.240663185353772e-07, -0.00023022040364318458, 0.030849235742990262], "PE": 0, "PG": 0, "PI": 0, "PS": 0, "PA": 0, "CL": 0, "SM": 0, "CHOL": [1.787565626670751e-07, -0.00018359299821771817, 0.036764550555035094]}, "VAL-23-PROA": {"PC": [3.866754592265689e-07, -0.00035473872883575586, 0.04452753257906993], "PE": 0, "PG": 0, "PI": 0, "PS": 0, "PA": 0, "CL": 0, "SM": 0, "CHOL": 0}, "LYS-27-PROA": {"PC": [3.805384869455067e-05, -0.00766803426486127, 0.165114709751143], "PE": 0, "PG": 0, "PI": 0, "PS": 0, "PA": 0, "CL": 0, "SM": 0, "CHOL": 0}, "GLY-28-PROA": {"PC": [1.025404235261553e-06, -0.0007248821464257649, 0.06159999009294628], "PE": 0, "PG": 0, "PI": 0, "PS": 0, "PA": 0, "CL": 0, "SM": 0, "CHOL": [0.0007780136494885216, -0.05213034841999756, 0.983169716047438]}, "ALA-29-PROA": {"PC": [-6.964782342813654e-08, -0.0014988049888047241, 0.1652264833706055], "PE": 0, "PG": 0, "PI": 0, "PS": 0, "PA": 0, "CL": 0, "SM": 0, "CHOL": 0}, "ILE-30-PROA": {"PC": [2.0866337514342386e-07, -0.00026005804075526003, 0.03526878116468371], "PE": 0, "PG": 0, "PI": 0, "PS": 0, "PA": 0, "CL": 0, "SM": 0, "CHOL": 0}, "ILE-31-PROA": {"PC": [3.6143172100602874e-08, -8.894743052008981e-05, 0.019721659665337312], "PE": 0, "PG": 0, "PI": 0, "PS": 0, "PA": 0, "CL": 0, "SM": 0, "CHOL": [3.298934627907234e-07, -0.00031153521108418045, 0.04410944981398233]}, "GLY-32-PROA": {"PC": [1.2644803005311104e-09, -6.96707433419333e-06, 0.006330968070808346], "PE": 0, "PG": 0, "PI": 0, "PS": 0, "PA": 0, "CL": 0, "SM": 0, "CHOL": [2.0147886197278246e-06, -0.0005304971629979827, 0.03219242122329717]}, "LEU-33-PROA": {"PC": [4.802527058732205e-08, -9.234415755906117e-05, 0.02465432869544401], "PE": 0, "PG": 0, "PI": 0, "PS": 0, "PA": 0, "CL": 0, "SM": 0, "CHOL": [2.4535701083693244e-08, -1.8668000110750027e-05, 0.0067323311613990515]}, "MET-34-PROA": {"PC": [1.2295282045188188e-08, -3.468193818673911e-05, 0.012963094642447905], "PE": 0, "PG": 0, "PI": 0, "PS": 0, "PA": 0, "CL": 0, "SM": 0, "CHOL": [3.6108207602765977e-07, -0.0002497645950430867, 0.03270074459408863]}, "VAL-35-PROA": {"PC": [6.211042720218564e-08, -0.00010879283454887856, 0.02340261902561317], "PE": 0, "PG": 0, "PI": 0, "PS": 0, "PA": 0, "CL": 0, "SM": 0, "CHOL": [2.836687834256349e-07, -0.00036288657435232366, 0.03538908773588143]}, "GLY-36-PROA": {"PC": [5.895586646341268e-09, -2.773295596114899e-05, 0.011205191909642812], "PE": 0, "PG": 0, "PI": 0, "PS": 0, "PA": 0, "CL": 0, "SM": 0, "CHOL": [3.7057663402356847e-07, -0.00029530208459338644, 0.03627878639696298]}, "GLY-37-PROA": {"PC": [2.6336352925457897e-09, -1.1106822154734371e-05, 0.007782428489909211], "PE": 0, "PG": 0, "PI": 0, "PS": 0, "PA": 0, "CL": 0, "SM": 0, "CHOL": [4.451468411285192e-06, -0.001542955956779032, 0.10674720119794766]}, "VAL-38-PROA": {"PC": [2.3595661507136962e-08, -3.52413875128321e-05, 0.009600801196470924], "PE": 0, "PG": 0, "PI": 0, "PS": 0, "PA": 0, "CL": 0, "SM": 0, "CHOL": [3.824914597676869e-05, -0.004457985847067989, 0.10934855893457184]}, "VAL-39-PROA": {"PC": [5.376333674903695e-09, -2.435016772192613e-05, 0.013246456545981965], "PE": 0, "PG": 0, "PI": 0, "PS": 0, "PA": 0, "CL": 0, "SM": 0, "CHOL": [1.753193706237206e-08, -5.311391703398667e-05, 0.018603606795132028]}, "ILE-40-PROA": {"PC": 0, "PE": 0, "PG": 0, "PI": 0, "PS": 0, "PA": 0, "CL": 0, "SM": 0, "CHOL": [2.7067906971740743e-05, -0.003768867489858835, 0.13515583322319685]}, "TYR-51-PROB": {"PC": 0, "PE": 0, "PG": 0, "PI": 0, "PS": 0, "PA": 0, "CL": 0, "SM": 0, "CHOL": 0}, "PHE-60-PROB": {"PC": 0, "PE": 0, "PG": 0, "PI": 0, "PS": 0, "PA": 0, "CL": 0, "SM": 0, "CHOL": 0}, "GLY-70-PROB": {"PC": 0, "PE": 0, "PG": 0, "PI": 0, "PS": 0, "PA": 0, "CL": 0, "SM": 0, "CHOL": 0}, "ALA-71-PROB": {"PC": 0, "PE": 0, "PG": 0, "PI": 0, "PS": 0, "PA": 0, "CL": 0, "SM": 0, "CHOL": 0}, "ILE-72-PROB": {"PC": 0, "PE": 0, "PG": 0, "PI": 0, "PS": 0, "PA": 0, "CL": 0, "SM": 0, "CHOL": 0}, "ILE-73-PROB": {"PC": 0,