{"ASP-0-PROA": {"PC": 0, "PE": 0, "PG": 0, "PI": 0, "PS": 0, "PA": 0, "CL": 0, "SM": 0, "CHOL": 0, "OTHER": 0}, "ALA-1-PROA": {"PC": [2.2924795844231893e-07, -0.00023707422758547872, 0.029981801270104913], "PE": 0, "PG": 0, "PI": 0, "PS": 0, "PA": 0, "CL": 0, "SM": 0, "CHOL": 0, "OTHER": [-4.322459681818541e-06, 0.0003334020430941868, 0.15595561829004548]}, "PHE-3-PROA": {"PC": [8.92072748604966e-06, -0.0018530520557639236, 0.09329649400730618], "PE": 0, "PG": 0, "PI": 0, "PS": 0, "PA": 0, "CL": 0, "SM": 0, "CHOL": 0, "OTHER": 0}, "ARG-4-PROA": {"PC": [5.019484499058976e-06, -0.0021006789962176964, 0.12243768774084897], "PE": 0, "PG": 0, "PI": 0, "PS": 0, "PA": 0, "CL": 0, "SM": 0, "CHOL": 0, "OTHER": 0}, "SER-7-PROA": {"PC": [9.108615017032923e-07, -0.0005607059846211627, 0.048552299482250684], "PE": 0, "PG": 0, "PI": 0, "PS": 0, "PA": 0, "CL": 0, "SM": 0, "CHOL": 0, "OTHER": 0}, "GLY-8-PROA": {"PC": [8.504854158146296e-07, -0.0006074250025777685, 0.05175434656693285], "PE": 0, "PG": 0, "PI": 0, "PS": 0, "PA": 0, "CL": 0, "SM": 0, "CHOL": 0, "OTHER": 0}, "TYR-9-PROA": {"PC": [9.834964038539227e-08, -0.00013738143906812914, 0.031443537934103406], "PE": 0, "PG": 0, "PI": 0, "PS": 0, "PA": 0, "CL": 0, "SM": 0, "CHOL": 0, "OTHER": 0}, "GLU-10-PROA": {"PC": [4.735303628834644e-09, -2.177694788189893e-05, 0.011518062881470548], "PE": 0, "PG": 0, "PI": 0, "PS": 0, "PA": 0, "CL": 0, "SM": 0, "CHOL": 0, "OTHER": [7.417869551998455e-07, -0.00045489997077801997, 0.0557781910433836]}, "VAL-11-PROA": {"PC": [1.267031776042321e-06, -0.0007813840400143981, 0.06708549074293728], "PE": 0, "PG": 0, "PI": 0, "PS": 0, "PA": 0, "CL": 0, "SM": 0, "CHOL": 0, "OTHER": 0}, "HSD-12-PROA": {"PC": [1.0336060868397537e-08, -3.178858052006839e-05, 0.014475561391976484], "PE": 0, "PG": 0, "PI": 0, "PS": 0, "PA": 0, "CL": 0, "SM": 0, "CHOL": 0, "OTHER": 0}, "HSD-13-PROA": {"PC": [3.547800721870602e-09, -1.8757843974075505e-05, 0.010869501811234888], "PE": 0, "PG": 0, "PI": 0, "PS": 0, "PA": 0, "CL": 0, "SM": 0, "CHOL": 0, "OTHER": [1.3995641804895999e-06, -0.0006920548328482462, 0.05987549733950203]}, "GLN-14-PROA": {"PC": [2.316934962656663e-08, -5.977845813444074e-05, 0.018292625926374456], "PE": 0, "PG": 0, "PI": 0, "PS": 0, "PA": 0, "CL": 0, "SM": 0, "CHOL": 0, "OTHER": [3.930906735455615e-06, -0.0013607205469495097, 0.08017575720502992]}, "LYS-15-PROA": {"PC": [4.873975812551083e-09, -2.6413927263145485e-05, 0.01053283525174927], "PE": 0, "PG": 0, "PI": 0, "PS": 0, "PA": 0, "CL": 0, "SM": 0, "CHOL": 0, "OTHER": [1.56907300553171e-06, -0.0006346963498830427, 0.049234173354296605]}, "LEU-16-PROA": {"PC": [3.2375106210618216e-07, -0.0003528410834327872, 0.04021124840984195], "PE": 0, "PG": 0, "PI": 0, "PS": 0, "PA": 0, "CL": 0, "SM": 0, "CHOL": 0, "OTHER": [2.7315835952631685e-09, -2.0800040493063764e-05, 0.008271035127547172]}, "VAL-17-PROA": {"PC": [4.136314797226291e-08, -8.091325283852384e-05, 0.015550272593086494], "PE": 0, "PG": 0, "PI": 0, "PS": 0, "PA": 0, "CL": 0, "SM": 0, "CHOL": 0, "OTHER": [3.43321110516937e-08, -7.21413930078599e-05, 0.022505853063702872]}, "PHE-18-PROA": {"PC": [2.991454122266798e-08, -5.903020824736685e-05, 0.014207732952029924], "PE": 0, "PG": 0, "PI": 0, "PS": 0, "PA": 0, "CL": 0, "SM": 0, "CHOL": 0, "OTHER": [1.7458132279804422e-08, -5.315092492078239e-05, 0.0148725760233518]}, "PHE-19-PROA": {"PC": [2.0192361472875327e-09, -1.2456522286430736e-05, 0.007854016908032772], "PE": 0, "PG": 0, "PI": 0, "PS": 0, "PA": 0, "CL": 0, "SM": 0, "CHOL": 0, "OTHER": [1.0392235268025948e-06, -0.000623836676170538, 0.07278289173149637]}, "ALA-20-PROA": {"PC": [2.9998910929129407e-09, -1.7419993113602473e-05, 0.00797610847465845], "PE": 0, "PG": 0, "PI": 0, "PS": 0, "PA": 0, "CL": 0, "SM": 0, "CHOL": 0, "OTHER": [3.824731857504422e-06, -0.0014836950069442572, 0.0747760382093972]}, "ALA-29-PROA": {"PC": [2.3641826821810978e-09, -1.2240563201220674e-05, 0.007888629776432062], "PE": 0, "PG": 0, "PI": 0, "PS": 0, "PA": 0, "CL": 0, "SM": 0, "CHOL": 0, "OTHER": 0}, "ILE-30-PROA": {"PC": [-4.679453830600317e-10, 1.7034711500432874e-06, 0.0027228938137884365], "PE": 0, "PG": 0, "PI": 0, "PS": 0, "PA": 0, "CL": 0, "SM": 0, "CHOL": 0, "OTHER": 0}, "ILE-31-PROA": {"PC": [1.2735448168158144e-09, -8.84072340060383e-06, 0.008505102079450403], "PE": 0, "PG": 0, "PI": 0, "PS": 0, "PA": 0, "CL": 0, "SM": 0, "CHOL": 0, "OTHER": [3.0282453576795415e-05, -0.006785142303343848, 0.23407448768098263]}, "GLY-32-PROA": {"PC": [3.0622985371407842e-09, -1.6302119670339733e-05, 0.007955134977760665], "PE": 0, "PG": 0, "PI": 0, "PS": 0, "PA": 0, "CL": 0, "SM": 0, "CHOL": 0, "OTHER": [2.023221176262976e-05, -0.0025796179423967533, 0.0715573356908259]}, "LEU-33-PROA": {"PC": [1.0158060776907817e-07, -0.0001520718021591215, 0.027251173425444093], "PE": 0, "PG": 0, "PI": 0, "PS": 0, "PA": 0, "CL": 0, "SM": 0, "CHOL": 0, "OTHER": [7.127058972277805e-08, -0.00011998911795165043, 0.033236920765404264]}, "MET-34-PROA": {"PC": [4.017420983647595e-09, -2.0459068987911133e-05, 0.009632106754066255], "PE": 0, "PG": 0, "PI": 0, "PS": 0, "PA": 0, "CL": 0, "SM": 0, "CHOL": 0, "OTHER": [1.1301709893057436e-08, -3.423725678237133e-05, 0.01781105286004203]}, "VAL-35-PROA": {"PC": [1.2563009365911167e-08, -3.645284599370108e-05, 0.01608880464857155], "PE": 0, "PG": 0, "PI": 0, "PS": 0, "PA": 0, "CL": 0, "SM": 0, "CHOL": 0, "OTHER": [4.498838709305868e-09, -1.695651879516056e-05, 0.01334001666537431]}, "GLY-36-PROA": {"PC": [3.398615949405416e-10, -3.095634012469744e-06, 0.005482026669211042], "PE": 0, "PG": 0, "PI": 0, "PS": 0, "PA": 0, "CL": 0, "SM": 0, "CHOL": 0, "OTHER": [1.220706539756113e-05, -0.000787228518491251, 0.027427087495137125]}, "GLY-37-PROA": {"PC": [3.2910020308345753e-09, -1.53955645036996e-05, 0.010304752928343139], "PE": 0, "PG": 0, "PI": 0, "PS": 0, "PA": 0, "CL": 0, "SM": 0, "CHOL": 0, "OTHER": 0}, "VAL-38-PROA": {"PC": [1.5971148902668743e-08, -4.367560075034172e-05, 0.019187582653274186], "PE": 0, "PG": 0, "PI": 0, "PS": 0, "PA": 0, "CL": 0, "SM": 0, "CHOL": 0, "OTHER": [0.6640079787198865, 3.3266799733866295, 16.66666666666702]}, "VAL-39-PROA": {"PC": [2.151795982032111e-09, -1.2726020271942985e-05, 0.009766920197540037], "PE": 0, "PG": 0, "PI": 0, "PS": 0, "PA": 0, "CL": 0, "SM": 0, "CHOL": 0, "OTHER": [-0.0035998737459052854, 0.08376171804956702, 0.405819232395939]}, "ILE-40-PROA": {"PC": [1.867344886084358e-08, -3.767422403611063e-05, 0.014481277972404213], "PE": 0, "PG": 0, "PI": 0, "PS": 0, "PA": 0, "CL": 0, "SM": 0, "CHOL": 0, "OTHER": 0}, "ALA-41-PROA": {"PC": [1.2110722529557604e-08, -3.606009861852984e-05, 0.015513986323479018], "PE": 0, "PG": 0, "PI": 0, "PS": 0, "PA": 0, "CL": 0, "SM": 0, "CHOL": 0, "OTHER": [2.5406226328928874e-07, -0.0002426076415688462, 0.05144582648457936]}, "TYR-51-PROB": {"PC": 0, "PE": 0, "PG": 0, "PI": 0, "PS": 0, "PA": 0, "CL": 0, "SM": 0, "CHOL": 0, "OTHER": 0}, "ALA-71-PROB": {"PC": 0, "PE": 0, "PG": 0, "PI": 0, "PS": 0, "PA": 0, "CL": 0, "SM": 0, "CHOL": 0, "OTHER": 0}, "ILE-72-PROB": {"PC": 0, "PE": 0, "PG": 0, "PI": 0, "PS": 0, "PA": 0, "CL": 0, "SM": 0, "CHOL": 0, "OTHER": 0}, "ILE-73-PROB": {"PC": 0, "PE": 0, "PG": 0, "PI": 0, "PS": 0, "PA": 0, "CL": 0, "SM": 0, "CHOL": 0, "OTHER": 0}, "GLY-74-PROB": {"PC": 0, "PE": 0, "PG": 0, "PI": 0, "PS": 0, "PA": 0, "CL": 0, "SM": 0, "CHOL": 0, "OTHER": 0}, "LEU-75-PROB": {"PC": 0, "PE": 0, "PG": 0, "PI": 0, "PS": 0, "PA": 0, "CL": 0, "SM": 0, "CHOL": 0, "OTHER": 0}, "MET-76-PROB": {"PC": 0, "PE": 0, "PG": 0, "PI": 0, "PS": 0, "PA": 0, "CL": 0, "SM": 0, "CHOL": 0, "OTHER": 0}, "VAL-77-PROB": {"PC": 0, "PE": 0, "PG": 0, "PI": 0, "PS": 0, "PA": 0, "CL": 0, "SM": 0, "CHOL": 0, "OTHER": 0}, "GLY-78-PROB": {"PC": 0, "PE": 0, "PG": 0, "PI": 0, "PS": 0, "PA": 0, "CL": 0, "SM": 0, "CHOL": 0, "OTHER": 0}, "GLY-79-PROB": {"PC": 0, "PE": 0, "PG": 0, "PI": 0, "PS": 0, "PA": 0, "CL": 0, "SM": 0, "CHOL": 0, "OTHER": 0}, "VAL-80-PROB": {"PC": 0, "PE": 0, "PG": 0, "PI": 0, "PS": 0, "PA": 0, "CL": 0, "SM": 0,